dir	base	stage	s_p	s_l	eta	ADJ	ADV	AUX	NNS	NOUNP	ROOT	VERB	VERBP	VOC	ADJP	ADPP	ADVP	DETDEF	DETP	DETS	INTJP	JJDEF	JJS	NNDEF	NUMP	PARTP	PRONDEF	PRONS	SBAR	SCONJP	SQ	WHADVP	WHNP	WHQP	CCONJP
stages_bg_stages_morphtok_min5_BGMTG1_BGMTG2_BGMTG3_BGMTG4_BGMTG5__ps-0p005__bias-0p1__cb-0p1__nbm-lhs-parsed__nbe-0p005__nbmin-0p1__lex-from-prev__ls-0p1	MMM1and2	01	0.005	0.1	0.005	0.398248	0.59882	0.629217	0.799324	0.903635	0.666583	0.573047	0.925942	0.290726																					
stages_bg_stages_morphtok_min5_BGMTG1_BGMTG2_BGMTG3_BGMTG4_BGMTG5__ps-0p005__bias-0p1__cb-0p1__nbm-lhs-parsed__nbe-0p005__nbmin-0p1__lex-from-prev__ls-0p1	MMM1and2	02	0.005	0.1	0.005	0.12964	0.07114	0.629217	0.163045	0.717174	0.77768	0.478673	0.763339	0.324407	0.641337	0.662133	0.580215	0.17609	0.728044	0.003638		0.000444	0.001507	0.015389	0.549181	0.372771	0.027327	0.061463							
stages_bg_stages_morphtok_min5_BGMTG1_BGMTG2_BGMTG3_BGMTG4_BGMTG5__ps-0p005__bias-0p1__cb-0p1__nbm-lhs-parsed__nbe-0p005__nbmin-0p1__lex-from-prev__ls-0p1	MMM1and2	03	0.005	0.1	0.005	0.080749	0.059636	0.620176	0.139414	0.701974	0.72234	0.160303	0.704507	0.389492	0.645352	0.560441	0.536056	0.189602	0.738049	0.005904		0.003867	0.000817	0.01397	0.553714	0.369623	0.027372	0.061466							
stages_bg_stages_morphtok_min5_BGMTG1_BGMTG2_BGMTG3_BGMTG4_BGMTG5__ps-0p005__bias-0p1__cb-0p1__nbm-lhs-parsed__nbe-0p005__nbmin-0p1__lex-from-prev__ls-0p1	MMM1and2	04	0.005	0.1	0.005	0.068994	0.05291	0.623951	0.137102	0.677838	0.576784	0.175098	0.687107	0.404696	0.6293	0.580179	0.522811	0.202649	0.726899	0.00676		0.003422	6.9e-05	0.013254	0.517244	0.387786	0.027401	0.061466	0.510059	0.010863	0.774891	0.035183	0.537985	0.049007	
stages_bg_stages_morphtok_min5_BGMTG1_BGMTG2_BGMTG3_BGMTG4_BGMTG5__ps-0p005__bias-0p1__cb-0p1__nbm-lhs-parsed__nbe-0p005__nbmin-0p1__lex-from-prev__ls-0p1	MMM1and2	05	0.005	0.1	0.005	0.06899	0.052202	0.620295	0.133491	0.670687	0.555156	0.186843	0.689187	0.397142	0.626806	0.574064	0.531608	0.212722	0.731314	0.006433	0.735374	0.003099	1.9e-05	0.012981	0.517492	0.418993	0.027424	0.061466	0.480451	0.010841	0.774082	0.014045	0.532712	0.030309	
stages_bg_stages_morphtok_min5_BGMTG1_BGMTG2_BGMTG3_BGMTG4_BGMTG5__ps-0p005__bias-0p1__cb-0p1__nbm-lhs-parsed__nbe-0p01__nbmin-0p1__lex-from-prev__ls-0p1	MMM1and2	01	0.005	0.1	0.01	0.398248	0.59882	0.629217	0.799324	0.903635	0.666583	0.573047	0.925942	0.290726																					
stages_bg_stages_morphtok_min5_BGMTG1_BGMTG2_BGMTG3_BGMTG4_BGMTG5__ps-0p005__bias-0p1__cb-0p1__nbm-lhs-parsed__nbe-0p01__nbmin-0p1__lex-from-prev__ls-0p1	MMM1and2	02	0.005	0.1	0.01	0.129632	0.071137	0.629217	0.163027	0.717177	0.777681	0.478672	0.76334	0.324408	0.641337	0.66214	0.580215	0.175569	0.728045	0.003675		0.000446	0.001502	0.015355	0.549184	0.372771	0.02678	0.061397							
stages_bg_stages_morphtok_min5_BGMTG1_BGMTG2_BGMTG3_BGMTG4_BGMTG5__ps-0p005__bias-0p1__cb-0p1__nbm-lhs-parsed__nbe-0p01__nbmin-0p1__lex-from-prev__ls-0p1	MMM1and2	03	0.005	0.1	0.01	0.080749	0.059635	0.620104	0.139435	0.701999	0.72246	0.159882	0.704536	0.38949	0.645213	0.560375	0.536064	0.189162	0.737676	0.005937		0.003867	0.000817	0.013971	0.553387	0.369688	0.026823	0.061466							
stages_bg_stages_morphtok_min5_BGMTG1_BGMTG2_BGMTG3_BGMTG4_BGMTG5__ps-0p005__bias-0p1__cb-0p1__nbm-lhs-parsed__nbe-0p01__nbmin-0p1__lex-from-prev__ls-0p1	MMM1and2	04	0.005	0.1	0.01	0.068994	0.052908	0.623918	0.137153	0.677889	0.576765	0.174906	0.687097	0.404779	0.629377	0.580133	0.522821	0.202328	0.726206	0.006777		0.003422	6.9e-05	0.013255	0.516589	0.387428	0.026851	0.061466	0.510178	0.015336	0.774867	0.035758	0.537338	0.04973	
stages_bg_stages_morphtok_min5_BGMTG1_BGMTG2_BGMTG3_BGMTG4_BGMTG5__ps-0p005__bias-0p1__cb-0p1__nbm-lhs-parsed__nbe-0p01__nbmin-0p1__lex-from-prev__ls-0p1	MMM1and2	05	0.005	0.1	0.01	0.06899	0.052169	0.620279	0.133638	0.670743	0.555068	0.186763	0.689156	0.397184	0.626295	0.573983	0.531229	0.212516	0.730827	0.006434	0.732397	0.003099	1.9e-05	0.012986	0.516876	0.418707	0.026873	0.061466	0.480618	0.015251	0.773599	0.014348	0.532612	0.030878	
stages_bg_stages_morphtok_min5_BGMTG1_BGMTG2_BGMTG3_BGMTG4_BGMTG5__ps-0p01__bias-0p1__cb-0p1__nbm-lhs-parsed__nbe-0p001__nbmin-0p1__lex-from-prev__ls-0p01	MMM1and2	01	0.01	0.01	0.001	0.398248	0.59882	0.629217	0.799324	0.903635	0.666583	0.573047	0.925942	0.290726																					
stages_bg_stages_morphtok_min5_BGMTG1_BGMTG2_BGMTG3_BGMTG4_BGMTG5__ps-0p01__bias-0p1__cb-0p1__nbm-lhs-parsed__nbe-0p001__nbmin-0p1__lex-from-prev__ls-0p01	MMM1and2	02	0.01	0.01	0.001	0.13385	0.079423	0.629217	0.126302	0.720719	0.77441	0.477761	0.759016	0.33404	0.642315	0.690054	0.572701	0.173164	0.722207	0.003378		0.000683	0.00082	0.015545	0.551199	0.35721	0.02767	0.061466							
stages_bg_stages_morphtok_min5_BGMTG1_BGMTG2_BGMTG3_BGMTG4_BGMTG5__ps-0p01__bias-0p1__cb-0p1__nbm-lhs-parsed__nbe-0p001__nbmin-0p1__lex-from-prev__ls-0p01	MMM1and2	03	0.01	0.01	0.001	0.080206	0.060533	0.614591	0.129459	0.709513	0.728011	0.103321	0.698648	0.386223	0.649151	0.57791	0.526535	0.184691	0.736819	0.004488		0.00401	0.000615	0.015183	0.557083	0.331649	0.027695	0.061466							
stages_bg_stages_morphtok_min5_BGMTG1_BGMTG2_BGMTG3_BGMTG4_BGMTG5__ps-0p01__bias-0p1__cb-0p1__nbm-lhs-parsed__nbe-0p001__nbmin-0p1__lex-from-prev__ls-0p01	MMM1and2	04	0.01	0.01	0.001	0.068461	0.058159	0.599649	0.13071	0.688153	0.597471	0.078414	0.672364	0.392739	0.616502	0.592844	0.509472	0.187131	0.724635	0.002013		0.004354	1.5e-05	0.016163	0.525978	0.384327	0.027711	0.061466	0.551607	0.007419	0.783357	0.032268	0.529794	0.03934	
stages_bg_stages_morphtok_min5_BGMTG1_BGMTG2_BGMTG3_BGMTG4_BGMTG5__ps-0p01__bias-0p1__cb-0p1__nbm-lhs-parsed__nbe-0p001__nbmin-0p1__lex-from-prev__ls-0p01	MMM1and2	05	0.01	0.01	0.001	0.069151	0.051296	0.594087	0.130071	0.680344	0.574526	0.071308	0.677904	0.389184	0.619757	0.584331	0.517318	0.191708	0.726084	0.000996	0.741991	0.004303	0.0	0.016661	0.532337	0.424375	0.027725	0.061466	0.496947	0.007412	0.779541	0.016903	0.522656	0.028901	
stages_bg_stages_morphtok_min5_BGMTG1_BGMTG2_BGMTG3_BGMTG4_BGMTG5__ps-0p01__bias-0p1__cb-0p1__nbm-lhs-parsed__nbe-0p005__nbmin-0p1__lex-from-prev__ls-0p01	MMM1and2	01	0.01	0.01	0.005	0.398248	0.59882	0.629217	0.799324	0.903635	0.666583	0.573047	0.925942	0.290726																					
stages_bg_stages_morphtok_min5_BGMTG1_BGMTG2_BGMTG3_BGMTG4_BGMTG5__ps-0p01__bias-0p1__cb-0p1__nbm-lhs-parsed__nbe-0p005__nbmin-0p1__lex-from-prev__ls-0p01	MMM1and2	02	0.01	0.01	0.005	0.133843	0.079419	0.629217	0.126292	0.720722	0.774412	0.47776	0.759017	0.334039	0.642316	0.69006	0.572701	0.172491	0.722208	0.003427		0.000686	0.000816	0.015543	0.551203	0.35721	0.026933	0.061395							
stages_bg_stages_morphtok_min5_BGMTG1_BGMTG2_BGMTG3_BGMTG4_BGMTG5__ps-0p01__bias-0p1__cb-0p1__nbm-lhs-parsed__nbe-0p005__nbmin-0p1__lex-from-prev__ls-0p01	MMM1and2	03	0.01	0.01	0.005	0.080206	0.060532	0.614514	0.129481	0.709534	0.728166	0.103074	0.698688	0.386233	0.648968	0.577799	0.526535	0.18402	0.736178	0.00453		0.004011	0.000615	0.015184	0.556522	0.331763	0.026956	0.061466							
stages_bg_stages_morphtok_min5_BGMTG1_BGMTG2_BGMTG3_BGMTG4_BGMTG5__ps-0p01__bias-0p1__cb-0p1__nbm-lhs-parsed__nbe-0p005__nbmin-0p1__lex-from-prev__ls-0p01	MMM1and2	04	0.01	0.01	0.005	0.06846	0.058156	0.599636	0.130686	0.688206	0.597402	0.078391	0.672379	0.39287	0.616557	0.592795	0.509512	0.186513	0.723953	0.002032		0.004354	1.5e-05	0.01616	0.5248	0.383855	0.026971	0.061466	0.551638	0.01824	0.783291	0.033229	0.528946	0.040543	
stages_bg_stages_morphtok_min5_BGMTG1_BGMTG2_BGMTG3_BGMTG4_BGMTG5__ps-0p01__bias-0p1__cb-0p1__nbm-lhs-parsed__nbe-0p005__nbmin-0p1__lex-from-prev__ls-0p01	MMM1and2	05	0.01	0.01	0.005	0.069162	0.05128	0.594087	0.130061	0.680456	0.574032	0.071314	0.677977	0.389217	0.618735	0.583996	0.516853	0.191204	0.725166	0.000998	0.739848	0.004296	0.0	0.016651	0.530651	0.423807	0.026985	0.061466	0.497207	0.018199	0.778748	0.017569	0.522428	0.029946	
stages_bg_stages_morphtok_min5_BGMTG1_BGMTG2_BGMTG3_BGMTG4_BGMTG5__ps-0p01__bias-0p1__cb-0p1__nbm-lhs-parsed__nbe-0p01__nbmin-0p1__lex-from-prev__ls-0p01	MMM1and2	01	0.01	0.01	0.01	0.398248	0.59882	0.629217	0.799324	0.903635	0.666583	0.573047	0.925942	0.290726																					
stages_bg_stages_morphtok_min5_BGMTG1_BGMTG2_BGMTG3_BGMTG4_BGMTG5__ps-0p01__bias-0p1__cb-0p1__nbm-lhs-parsed__nbe-0p01__nbmin-0p1__lex-from-prev__ls-0p01	MMM1and2	02	0.01	0.01	0.01	0.133788	0.079412	0.629217	0.126253	0.72073	0.774415	0.477758	0.75902	0.334051	0.64231	0.69008	0.572701	0.171544	0.722217	0.003496		0.000691	0.000808	0.01549	0.551214	0.35721	0.025937	0.060999							
stages_bg_stages_morphtok_min5_BGMTG1_BGMTG2_BGMTG3_BGMTG4_BGMTG5__ps-0p01__bias-0p1__cb-0p1__nbm-lhs-parsed__nbe-0p01__nbmin-0p1__lex-from-prev__ls-0p01	MMM1and2	03	0.01	0.01	0.01	0.080205	0.060531	0.614417	0.129507	0.709564	0.728339	0.10278	0.698722	0.386242	0.64873	0.577681	0.526519	0.183082	0.735614	0.004586		0.004012	0.000616	0.015185	0.556107	0.331908	0.025959	0.061466							
stages_bg_stages_morphtok_min5_BGMTG1_BGMTG2_BGMTG3_BGMTG4_BGMTG5__ps-0p01__bias-0p1__cb-0p1__nbm-lhs-parsed__nbe-0p01__nbmin-0p1__lex-from-prev__ls-0p01	MMM1and2	04	0.01	0.01	0.01	0.068461	0.058152	0.599618	0.130574	0.688306	0.597304	0.078359	0.672388	0.393065	0.616156	0.592642	0.509496	0.185683	0.722365	0.002057		0.004352	1.4e-05	0.01615	0.523167	0.383338	0.025973	0.061466	0.55193	0.023377	0.783222	0.034473	0.527438	0.042061	
stages_bg_stages_morphtok_min5_BGMTG1_BGMTG2_BGMTG3_BGMTG4_BGMTG5__ps-0p01__bias-0p1__cb-0p1__nbm-lhs-parsed__nbe-0p01__nbmin-0p1__lex-from-prev__ls-0p01	MMM1and2	05	0.01	0.01	0.01	0.069163	0.051267	0.594083	0.129852	0.680577	0.573634	0.071319	0.67783	0.389221	0.618102	0.58387	0.516638	0.190506	0.724306	0.001005	0.736768	0.004296	0.0	0.016628	0.529977	0.423491	0.025985	0.061466	0.497965	0.023323	0.77868	0.018418	0.522103	0.031254	
stages_bg_stages_morphtok_min5_BGMTG1_BGMTG2_BGMTG3_BGMTG4_BGMTG5__ps-0p01__bias-0p1__cb-0p1__nbm-lhs-parsed__nbe-0p05__nbmin-0p1__lex-from-prev__ls-0p01	MMM1and2	01	0.01	0.01	0.05	0.398248	0.59882	0.629217	0.799324	0.903635	0.666583	0.573047	0.925942	0.290726																					
stages_bg_stages_morphtok_min5_BGMTG1_BGMTG2_BGMTG3_BGMTG4_BGMTG5__ps-0p01__bias-0p1__cb-0p1__nbm-lhs-parsed__nbe-0p05__nbmin-0p1__lex-from-prev__ls-0p01	MMM1and2	02	0.01	0.01	0.05	0.13337	0.079361	0.629217	0.125996	0.720833	0.774418	0.477759	0.759084	0.334165	0.642251	0.690132	0.5725	0.164274	0.722384	0.004065		0.000727	0.000742	0.015003	0.550064	0.356861	0.020055	0.057785							
stages_bg_stages_morphtok_min5_BGMTG1_BGMTG2_BGMTG3_BGMTG4_BGMTG5__ps-0p01__bias-0p1__cb-0p1__nbm-lhs-parsed__nbe-0p05__nbmin-0p1__lex-from-prev__ls-0p01	MMM1and2	03	0.01	0.01	0.05	0.080196	0.060514	0.613624	0.129681	0.709828	0.729359	0.100606	0.698788	0.386261	0.647484	0.576967	0.526223	0.175915	0.733514	0.005021		0.004027	0.000626	0.015191	0.554714	0.333022	0.020065	0.061249							
stages_bg_stages_morphtok_min5_BGMTG1_BGMTG2_BGMTG3_BGMTG4_BGMTG5__ps-0p01__bias-0p1__cb-0p1__nbm-lhs-parsed__nbe-0p05__nbmin-0p1__lex-from-prev__ls-0p01	MMM1and2	04	0.01	0.01	0.05	0.068449	0.058082	0.599411	0.131083	0.68951	0.596183	0.078082	0.671849	0.395183	0.611823	0.591742	0.508294	0.179306	0.715034	0.002214		0.004312	7e-06	0.016129	0.512492	0.380588	0.020073	0.061466	0.55599	0.026194	0.773409	0.044086	0.519407	0.053275	
stages_bg_stages_morphtok_min5_BGMTG1_BGMTG2_BGMTG3_BGMTG4_BGMTG5__ps-0p01__bias-0p1__cb-0p1__nbm-lhs-parsed__nbe-0p05__nbmin-0p1__lex-from-prev__ls-0p01	MMM1and2	05	0.01	0.01	0.05	0.069166	0.051227	0.594056	0.130574	0.681616	0.572345	0.071338	0.676833	0.389565	0.616087	0.582971	0.515038	0.184883	0.720903	0.001063	0.717035	0.00427	0.0	0.016572	0.525141	0.422855	0.020079	0.061466	0.503488	0.026132	0.775476	0.025175	0.519723	0.041026	
stages_bg_stages_morphtok_min5_BGMTG1_BGMTG2_BGMTG3_BGMTG4_BGMTG5__ps-0p05__bias-0p1__cb-0p1__nbm-lhs-parsed__nbe-0p001__nbmin-0p1__lex-from-prev__ls-0p001	MMM1and2	01	0.05	0.001	0.001	0.398248	0.59882	0.629217	0.799324	0.903635	0.666583	0.573047	0.925942	0.290726																					
stages_bg_stages_morphtok_min5_BGMTG1_BGMTG2_BGMTG3_BGMTG4_BGMTG5__ps-0p05__bias-0p1__cb-0p1__nbm-lhs-parsed__nbe-0p001__nbmin-0p1__lex-from-prev__ls-0p001	MMM1and2	02	0.05	0.001	0.001	0.134382	0.07943	0.629217	0.125688	0.721395	0.765757	0.478534	0.75675	0.329871	0.644647	0.695188	0.569668	0.168634	0.72354	0.003271		0.000684	0.000717	0.01534	0.55095	0.353044	0.02746	0.061378							
stages_bg_stages_morphtok_min5_BGMTG1_BGMTG2_BGMTG3_BGMTG4_BGMTG5__ps-0p05__bias-0p1__cb-0p1__nbm-lhs-parsed__nbe-0p001__nbmin-0p1__lex-from-prev__ls-0p001	MMM1and2	03	0.05	0.001	0.001	0.078254	0.061304	0.599989	0.116064	0.726185	0.7407	0.075659	0.699523	0.377677	0.658802	0.631796	0.531724	0.173218	0.738407	0.004792		0.002445	0.000104	0.015628	0.556969	0.294208	0.027465	0.061466							
stages_bg_stages_morphtok_min5_BGMTG1_BGMTG2_BGMTG3_BGMTG4_BGMTG5__ps-0p05__bias-0p1__cb-0p1__nbm-lhs-parsed__nbe-0p001__nbmin-0p1__lex-from-prev__ls-0p001	MMM1and2	04	0.05	0.001	0.001	0.068064	0.056824	0.582852	0.11431	0.703927	0.626127	0.053553	0.671433	0.36934	0.638668	0.661536	0.500561	0.176506	0.738543	0.005733		0.003663	0.000157	0.019445	0.546928	0.293468	0.027468	0.061466	0.654419	0.0153	0.809456	0.03945	0.52949	0.048225	
stages_bg_stages_morphtok_min5_BGMTG1_BGMTG2_BGMTG3_BGMTG4_BGMTG5__ps-0p05__bias-0p1__cb-0p1__nbm-lhs-parsed__nbe-0p001__nbmin-0p1__lex-from-prev__ls-0p001	MMM1and2	05	0.05	0.001	0.001	0.067521	0.051168	0.569094	0.118409	0.70487	0.604704	0.048763	0.674371	0.36653	0.64242	0.682514	0.507491	0.178962	0.742892	0.00621	0.734667	0.004162	0.000328	0.023453	0.548943	0.33626	0.027471	0.061466	0.643074	0.015291	0.793442	0.037164	0.528041	0.04722	
stages_bg_stages_morphtok_min5_BGMTG1_BGMTG2_BGMTG3_BGMTG4_BGMTG5__ps-0p05__bias-0p1__cb-0p1__nbm-lhs-parsed__nbe-0p001__nbmin-0p1__lex-from-prev__ls-0p01	MMM1and2	01	0.05	0.01	0.001	0.398248	0.59882	0.629217	0.799324	0.903635	0.666583	0.573047	0.925942	0.290726																					
stages_bg_stages_morphtok_min5_BGMTG1_BGMTG2_BGMTG3_BGMTG4_BGMTG5__ps-0p05__bias-0p1__cb-0p1__nbm-lhs-parsed__nbe-0p001__nbmin-0p1__lex-from-prev__ls-0p01	MMM1and2	02	0.05	0.01	0.001	0.134098	0.078787	0.629217	0.128956	0.721258	0.766318	0.477791	0.757496	0.327967	0.644776	0.692069	0.571559	0.171625	0.725855	0.003428		0.000616	0.000854	0.015303	0.550666	0.356728	0.027391	0.061378							
stages_bg_stages_morphtok_min5_BGMTG1_BGMTG2_BGMTG3_BGMTG4_BGMTG5__ps-0p05__bias-0p1__cb-0p1__nbm-lhs-parsed__nbe-0p001__nbmin-0p1__lex-from-prev__ls-0p01	MMM1and2	03	0.05	0.01	0.001	0.079782	0.059972	0.602524	0.117059	0.725575	0.74155	0.071421	0.70145	0.376328	0.659621	0.628942	0.532169	0.175985	0.739691	0.004898		0.002355	7.9e-05	0.015396	0.556322	0.299611	0.027396	0.061466							
stages_bg_stages_morphtok_min5_BGMTG1_BGMTG2_BGMTG3_BGMTG4_BGMTG5__ps-0p05__bias-0p1__cb-0p1__nbm-lhs-parsed__nbe-0p001__nbmin-0p1__lex-from-prev__ls-0p01	MMM1and2	04	0.05	0.01	0.001	0.066731	0.057312	0.583629	0.115386	0.703469	0.626194	0.053983	0.673737	0.369515	0.64137	0.657451	0.500099	0.179394	0.740223	0.005942		0.003428	0.000142	0.018432	0.546905	0.2959	0.027399	0.061466	0.650107	0.014398	0.809431	0.040982	0.528585	0.051422	
stages_bg_stages_morphtok_min5_BGMTG1_BGMTG2_BGMTG3_BGMTG4_BGMTG5__ps-0p05__bias-0p1__cb-0p1__nbm-lhs-parsed__nbe-0p001__nbmin-0p1__lex-from-prev__ls-0p01	MMM1and2	05	0.05	0.01	0.001	0.067415	0.049674	0.56963	0.119941	0.704415	0.603997	0.048825	0.676025	0.366008	0.643748	0.680023	0.507726	0.18188	0.743971	0.006462	0.735725	0.0039	0.000303	0.022236	0.54873	0.338184	0.027401	0.061466	0.638638	0.01439	0.794155	0.038694	0.527165	0.050396	
stages_bg_stages_morphtok_min5_BGMTG1_BGMTG2_BGMTG3_BGMTG4_BGMTG5__ps-0p05__bias-0p1__cb-0p1__nbm-lhs-parsed__nbe-0p001__nbmin-0p1__lex-from-prev__ls-0p1	MMM1and2	01	0.05	0.1	0.001	0.398248	0.59882	0.629217	0.799324	0.903635	0.666583	0.573047	0.925942	0.290726																					
stages_bg_stages_morphtok_min5_BGMTG1_BGMTG2_BGMTG3_BGMTG4_BGMTG5__ps-0p05__bias-0p1__cb-0p1__nbm-lhs-parsed__nbe-0p001__nbmin-0p1__lex-from-prev__ls-0p1	MMM1and2	02	0.05	0.1	0.001	0.129915	0.070201	0.629217	0.168854	0.718673	0.768045	0.478718	0.761068	0.318773	0.643713	0.665451	0.57882	0.173688	0.732336	0.00367		0.000386	0.001542	0.015252	0.548372	0.374662	0.027227	0.061378							
stages_bg_stages_morphtok_min5_BGMTG1_BGMTG2_BGMTG3_BGMTG4_BGMTG5__ps-0p05__bias-0p1__cb-0p1__nbm-lhs-parsed__nbe-0p001__nbmin-0p1__lex-from-prev__ls-0p1	MMM1and2	03	0.05	0.1	0.001	0.079748	0.059251	0.616106	0.134795	0.720359	0.743811	0.09811	0.709113	0.367879	0.658679	0.598448	0.53868	0.17757	0.746179	0.005007		0.001773	4e-06	0.013884	0.552808	0.324012	0.027232	0.061466							
stages_bg_stages_morphtok_min5_BGMTG1_BGMTG2_BGMTG3_BGMTG4_BGMTG5__ps-0p05__bias-0p1__cb-0p1__nbm-lhs-parsed__nbe-0p001__nbmin-0p1__lex-from-prev__ls-0p1	MMM1and2	04	0.05	0.1	0.001	0.067211	0.052332	0.601557	0.115146	0.697627	0.624894	0.066068	0.686784	0.369828	0.653356	0.61404	0.504213	0.181131	0.74726	0.006299		0.002564	1e-05	0.014268	0.542181	0.314632	0.027235	0.061466	0.6094	0.012076	0.809613	0.045817	0.522496	0.059852	
stages_bg_stages_morphtok_min5_BGMTG1_BGMTG2_BGMTG3_BGMTG4_BGMTG5__ps-0p05__bias-0p1__cb-0p1__nbm-lhs-parsed__nbe-0p001__nbmin-0p1__lex-from-prev__ls-0p1	MMM1and2	05	0.05	0.1	0.001	0.067277	0.051195	0.582889	0.1135	0.698915	0.598969	0.056619	0.68697	0.364447	0.65667	0.64272	0.511112	0.183642	0.749803	0.007027	0.734595	0.002894	4.3e-05	0.017232	0.544331	0.3489	0.027238	0.061466	0.595642	0.01207	0.799262	0.04326	0.521245	0.058616	
stages_bg_stages_morphtok_min5_BGMTG1_BGMTG2_BGMTG3_BGMTG4_BGMTG5__ps-0p05__bias-0p1__cb-0p1__nbm-lhs-parsed__nbe-0p005__nbmin-0p1__lex-from-prev__ls-0p001	MMM1and2	01	0.05	0.001	0.005	0.398248	0.59882	0.629217	0.799324	0.903635	0.666583	0.573047	0.925942	0.290726																					
stages_bg_stages_morphtok_min5_BGMTG1_BGMTG2_BGMTG3_BGMTG4_BGMTG5__ps-0p05__bias-0p1__cb-0p1__nbm-lhs-parsed__nbe-0p005__nbmin-0p1__lex-from-prev__ls-0p001	MMM1and2	02	0.05	0.001	0.005	0.134157	0.079404	0.629217	0.125533	0.721431	0.765765	0.478532	0.75677	0.329923	0.644616	0.695255	0.569667	0.165041	0.723605	0.00354		0.000702	0.000685	0.015082	0.550927	0.352995	0.023557	0.059237							
stages_bg_stages_morphtok_min5_BGMTG1_BGMTG2_BGMTG3_BGMTG4_BGMTG5__ps-0p05__bias-0p1__cb-0p1__nbm-lhs-parsed__nbe-0p005__nbmin-0p1__lex-from-prev__ls-0p001	MMM1and2	03	0.05	0.001	0.005	0.078217	0.061297	0.59976	0.116097	0.726202	0.741102	0.075364	0.699652	0.377699	0.65742	0.631415	0.531639	0.169588	0.736625	0.00508		0.002462	0.000112	0.015631	0.555927	0.294792	0.023559	0.060768							
stages_bg_stages_morphtok_min5_BGMTG1_BGMTG2_BGMTG3_BGMTG4_BGMTG5__ps-0p05__bias-0p1__cb-0p1__nbm-lhs-parsed__nbe-0p005__nbmin-0p1__lex-from-prev__ls-0p001	MMM1and2	04	0.05	0.001	0.005	0.06804	0.056791	0.582842	0.114405	0.704361	0.62566	0.053533	0.671364	0.369955	0.635928	0.661155	0.499915	0.172922	0.733381	0.005999		0.00368	0.00016	0.019456	0.541095	0.292055	0.023561	0.061261	0.655216	0.023614	0.806428	0.048223	0.520459	0.057438	
stages_bg_stages_morphtok_min5_BGMTG1_BGMTG2_BGMTG3_BGMTG4_BGMTG5__ps-0p05__bias-0p1__cb-0p1__nbm-lhs-parsed__nbe-0p005__nbmin-0p1__lex-from-prev__ls-0p001	MMM1and2	05	0.05	0.001	0.005	0.067502	0.051228	0.569166	0.118493	0.705606	0.603444	0.048806	0.674011	0.366873	0.640401	0.682243	0.506901	0.17545	0.739047	0.006422	0.728658	0.00418	0.000325	0.023449	0.54449	0.335428	0.023563	0.061455	0.644447	0.023591	0.789529	0.045727	0.520642	0.056363	
stages_bg_stages_morphtok_min5_BGMTG1_BGMTG2_BGMTG3_BGMTG4_BGMTG5__ps-0p05__bias-0p1__cb-0p1__nbm-lhs-parsed__nbe-0p005__nbmin-0p1__lex-from-prev__ls-0p1	MMM1and2	01	0.05	0.1	0.005	0.398248	0.59882	0.629217	0.799324	0.903635	0.666583	0.573047	0.925942	0.290726																					
stages_bg_stages_morphtok_min5_BGMTG1_BGMTG2_BGMTG3_BGMTG4_BGMTG5__ps-0p05__bias-0p1__cb-0p1__nbm-lhs-parsed__nbe-0p005__nbmin-0p1__lex-from-prev__ls-0p1	MMM1and2	02	0.05	0.1	0.005	0.12969	0.070176	0.629217	0.168545	0.718703	0.768053	0.478715	0.761089	0.318827	0.643676	0.665519	0.578819	0.169627	0.732401	0.003979		0.0004	0.001493	0.014933	0.548351	0.374592	0.023119	0.059237							
stages_bg_stages_morphtok_min5_BGMTG1_BGMTG2_BGMTG3_BGMTG4_BGMTG5__ps-0p05__bias-0p1__cb-0p1__nbm-lhs-parsed__nbe-0p005__nbmin-0p1__lex-from-prev__ls-0p1	MMM1and2	03	0.05	0.1	0.005	0.079706	0.059242	0.615429	0.134799	0.720389	0.744326	0.096965	0.70919	0.367853	0.657223	0.598072	0.538625	0.17348	0.744421	0.005337		0.001789	3e-06	0.013855	0.551708	0.324585	0.02312	0.060749							
stages_bg_stages_morphtok_min5_BGMTG1_BGMTG2_BGMTG3_BGMTG4_BGMTG5__ps-0p05__bias-0p1__cb-0p1__nbm-lhs-parsed__nbe-0p005__nbmin-0p1__lex-from-prev__ls-0p1	MMM1and2	04	0.05	0.1	0.005	0.067195	0.052323	0.601112	0.115319	0.698243	0.624473	0.065628	0.686659	0.370418	0.649804	0.613629	0.503764	0.17708	0.742026	0.006599		0.002574	1e-05	0.014267	0.536362	0.312566	0.023122	0.061294	0.608971	0.022697	0.805175	0.054694	0.512989	0.068577	
stages_bg_stages_morphtok_min5_BGMTG1_BGMTG2_BGMTG3_BGMTG4_BGMTG5__ps-0p05__bias-0p1__cb-0p1__nbm-lhs-parsed__nbe-0p005__nbmin-0p1__lex-from-prev__ls-0p1	MMM1and2	05	0.05	0.1	0.005	0.067267	0.051116	0.582636	0.113634	0.699791	0.598073	0.056457	0.686447	0.364813	0.654146	0.642451	0.510218	0.179644	0.745926	0.007299	0.706294	0.002898	4.2e-05	0.017194	0.539639	0.347482	0.023123	0.06146	0.595549	0.022671	0.793762	0.051965	0.513223	0.067289	
stages_bg_stages_morphtok_min5_BGMTG1_BGMTG2_BGMTG3_BGMTG4_BGMTG5__ps-0p05__bias-0p1__cb-0p1__nbm-lhs-parsed__nbe-0p01__nbmin-0p1__lex-from-prev__ls-0p001	MMM1and2	01	0.05	0.001	0.01	0.398248	0.59882	0.629217	0.799324	0.903635	0.666583	0.573047	0.925942	0.290726																					
stages_bg_stages_morphtok_min5_BGMTG1_BGMTG2_BGMTG3_BGMTG4_BGMTG5__ps-0p05__bias-0p1__cb-0p1__nbm-lhs-parsed__nbe-0p01__nbmin-0p1__lex-from-prev__ls-0p001	MMM1and2	02	0.05	0.001	0.01	0.133906	0.079372	0.629217	0.125392	0.721505	0.765751	0.478534	0.756815	0.329983	0.64459	0.695251	0.569461	0.160741	0.723747	0.003887		0.000725	0.000648	0.014813	0.549782	0.352727	0.020042	0.056965							
stages_bg_stages_morphtok_min5_BGMTG1_BGMTG2_BGMTG3_BGMTG4_BGMTG5__ps-0p05__bias-0p1__cb-0p1__nbm-lhs-parsed__nbe-0p01__nbmin-0p1__lex-from-prev__ls-0p001	MMM1and2	03	0.05	0.001	0.01	0.078148	0.061289	0.599483	0.116137	0.726247	0.741481	0.074991	0.699743	0.377718	0.656334	0.63099	0.531417	0.16524	0.735517	0.005447		0.002485	0.000122	0.015598	0.554801	0.295424	0.02004	0.059794							
stages_bg_stages_morphtok_min5_BGMTG1_BGMTG2_BGMTG3_BGMTG4_BGMTG5__ps-0p05__bias-0p1__cb-0p1__nbm-lhs-parsed__nbe-0p01__nbmin-0p1__lex-from-prev__ls-0p001	MMM1and2	04	0.05	0.001	0.01	0.067997	0.056747	0.582787	0.114523	0.705288	0.624728	0.053491	0.670997	0.370748	0.63233	0.660912	0.4991	0.168607	0.729648	0.006324		0.003692	0.00016	0.019448	0.535562	0.290568	0.02004	0.060664	0.65613	0.025692	0.796976	0.058445	0.512614	0.06766	
stages_bg_stages_morphtok_min5_BGMTG1_BGMTG2_BGMTG3_BGMTG4_BGMTG5__ps-0p05__bias-0p1__cb-0p1__nbm-lhs-parsed__nbe-0p01__nbmin-0p1__lex-from-prev__ls-0p001	MMM1and2	05	0.05	0.001	0.01	0.067481	0.051315	0.569182	0.118588	0.706976	0.602141	0.049038	0.673639	0.367401	0.637973	0.682128	0.505867	0.1712	0.736507	0.006696	0.718824	0.004188	0.000323	0.023408	0.53983	0.334677	0.020041	0.061155	0.64587	0.025665	0.783201	0.05575	0.513919	0.066522	
stages_bg_stages_morphtok_min5_BGMTG1_BGMTG2_BGMTG3_BGMTG4_BGMTG5__ps-0p05__bias-0p1__cb-0p1__nbm-lhs-parsed__nbe-0p01__nbmin-0p1__lex-from-prev__ls-0p1	MMM1and2	01	0.05	0.1	0.01	0.398248	0.59882	0.629217	0.799324	0.903635	0.666583	0.573047	0.925942	0.290726																					
stages_bg_stages_morphtok_min5_BGMTG1_BGMTG2_BGMTG3_BGMTG4_BGMTG5__ps-0p05__bias-0p1__cb-0p1__nbm-lhs-parsed__nbe-0p01__nbmin-0p1__lex-from-prev__ls-0p1	MMM1and2	02	0.05	0.1	0.01	0.129445	0.07015	0.629217	0.16824	0.718774	0.768046	0.478716	0.761133	0.318897	0.643636	0.665543	0.5786	0.164787	0.732526	0.004377		0.000417	0.001436	0.014636	0.547078	0.374177	0.019531	0.056946							
stages_bg_stages_morphtok_min5_BGMTG1_BGMTG2_BGMTG3_BGMTG4_BGMTG5__ps-0p05__bias-0p1__cb-0p1__nbm-lhs-parsed__nbe-0p01__nbmin-0p1__lex-from-prev__ls-0p1	MMM1and2	03	0.05	0.1	0.01	0.079657	0.059231	0.614587	0.134815	0.720453	0.744833	0.095604	0.70924	0.367824	0.656158	0.597674	0.538415	0.168602	0.743345	0.005755		0.001808	1e-06	0.013797	0.550533	0.325086	0.019528	0.059742							
stages_bg_stages_morphtok_min5_BGMTG1_BGMTG2_BGMTG3_BGMTG4_BGMTG5__ps-0p05__bias-0p1__cb-0p1__nbm-lhs-parsed__nbe-0p01__nbmin-0p1__lex-from-prev__ls-0p1	MMM1and2	04	0.05	0.1	0.01	0.067176	0.052312	0.600512	0.115529	0.698927	0.623747	0.065092	0.686229	0.371145	0.64555	0.613244	0.503017	0.172245	0.738182	0.006986		0.002585	1.1e-05	0.014268	0.530686	0.310582	0.019528	0.060806	0.609678	0.025111	0.797888	0.064975	0.504992	0.077998	
stages_bg_stages_morphtok_min5_BGMTG1_BGMTG2_BGMTG3_BGMTG4_BGMTG5__ps-0p05__bias-0p1__cb-0p1__nbm-lhs-parsed__nbe-0p01__nbmin-0p1__lex-from-prev__ls-0p1	MMM1and2	05	0.05	0.1	0.01	0.067251	0.051014	0.582198	0.113734	0.700947	0.597299	0.056242	0.685987	0.365092	0.651269	0.64193	0.50925	0.17486	0.743594	0.007648	0.682167	0.002903	4e-05	0.017143	0.534841	0.346438	0.019529	0.06128	0.596649	0.02508	0.78756	0.062085	0.506269	0.076656	
stages_bg_stages_morphtok_min5_BGMTG1_BGMTG2_BGMTG3_BGMTG4_BGMTG5__ps-0p05__bias-0p1__cb-0p1__nbm-lhs-parsed__nbe-0p05__nbmin-0p1__lex-from-prev__ls-0p001	MMM1and2	01	0.05	0.001	0.05	0.398248	0.59882	0.629217	0.799324	0.903635	0.666583	0.573047	0.925942	0.290726																					
stages_bg_stages_morphtok_min5_BGMTG1_BGMTG2_BGMTG3_BGMTG4_BGMTG5__ps-0p05__bias-0p1__cb-0p1__nbm-lhs-parsed__nbe-0p05__nbmin-0p1__lex-from-prev__ls-0p001	MMM1and2	02	0.05	0.001	0.05	0.132895	0.079193	0.629217	0.124567	0.722104	0.765651	0.478593	0.756691	0.330944	0.640474	0.694931	0.566421	0.134178	0.709548	0.006784		0.000926	0.000425	0.01376	0.538534	0.351352	0.011533	0.044988							
stages_bg_stages_morphtok_min5_BGMTG1_BGMTG2_BGMTG3_BGMTG4_BGMTG5__ps-0p05__bias-0p1__cb-0p1__nbm-lhs-parsed__nbe-0p05__nbmin-0p1__lex-from-prev__ls-0p001	MMM1and2	03	0.05	0.001	0.05	0.077919	0.061349	0.59746	0.116306	0.72692	0.743107	0.072839	0.6999	0.378688	0.651518	0.629025	0.530037	0.138374	0.72672	0.008391		0.002668	0.000202	0.015356	0.549387	0.300501	0.011512	0.05416							
stages_bg_stages_morphtok_min5_BGMTG1_BGMTG2_BGMTG3_BGMTG4_BGMTG5__ps-0p05__bias-0p1__cb-0p1__nbm-lhs-parsed__nbe-0p05__nbmin-0p1__lex-from-prev__ls-0p001	MMM1and2	04	0.05	0.001	0.05	0.068026	0.056802	0.582467	0.114895	0.708103	0.619538	0.053229	0.668852	0.376929	0.617102	0.659878	0.497045	0.141848	0.706856	0.008864		0.003806	0.000178	0.0194	0.510076	0.284211	0.011506	0.057242	0.663987	0.027636	0.765018	0.113769	0.487437	0.111046	
stages_bg_stages_morphtok_min5_BGMTG1_BGMTG2_BGMTG3_BGMTG4_BGMTG5__ps-0p05__bias-0p1__cb-0p1__nbm-lhs-parsed__nbe-0p05__nbmin-0p1__lex-from-prev__ls-0p001	MMM1and2	05	0.05	0.001	0.05	0.067333	0.051898	0.57012	0.118627	0.711327	0.596753	0.049285	0.671697	0.37161	0.625928	0.681945	0.502353	0.144781	0.721408	0.008979	0.651028	0.004277	0.000319	0.023267	0.52146	0.334838	0.011502	0.058956	0.656746	0.027598	0.759639	0.11046	0.494539	0.109645	
stages_bg_stages_morphtok_min5_BGMTG1_BGMTG2_BGMTG3_BGMTG4_BGMTG5__ps-0p05__bias-0p1__cb-0p1__nbm-lhs-parsed__nbe-0p05__nbmin-0p1__lex-from-prev__ls-0p01	MMM1and2	01	0.05	0.01	0.05	0.398248	0.59882	0.629217	0.799324	0.903635	0.666583	0.573047	0.925942	0.290726																					
stages_bg_stages_morphtok_min5_BGMTG1_BGMTG2_BGMTG3_BGMTG4_BGMTG5__ps-0p05__bias-0p1__cb-0p1__nbm-lhs-parsed__nbe-0p05__nbmin-0p1__lex-from-prev__ls-0p01	MMM1and2	02	0.05	0.01	0.05	0.132612	0.078565	0.629217	0.127721	0.721977	0.766212	0.477855	0.757431	0.329083	0.640523	0.691868	0.568316	0.13544	0.711799	0.007048		0.000847	0.00053	0.013665	0.538122	0.354798	0.011534	0.04493							
stages_bg_stages_morphtok_min5_BGMTG1_BGMTG2_BGMTG3_BGMTG4_BGMTG5__ps-0p05__bias-0p1__cb-0p1__nbm-lhs-parsed__nbe-0p05__nbmin-0p1__lex-from-prev__ls-0p01	MMM1and2	03	0.05	0.01	0.05	0.079418	0.059961	0.599051	0.117283	0.726311	0.744086	0.068001	0.70192	0.377276	0.652248	0.626151	0.530675	0.139538	0.72797	0.008638		0.002572	0.000167	0.015104	0.548681	0.305765	0.011513	0.054104							
stages_bg_stages_morphtok_min5_BGMTG1_BGMTG2_BGMTG3_BGMTG4_BGMTG5__ps-0p05__bias-0p1__cb-0p1__nbm-lhs-parsed__nbe-0p05__nbmin-0p1__lex-from-prev__ls-0p01	MMM1and2	04	0.05	0.01	0.05	0.066532	0.057112	0.583006	0.115967	0.70757	0.619793	0.053664	0.67126	0.377278	0.619284	0.655755	0.496857	0.143219	0.708377	0.009263		0.003578	0.00018	0.018379	0.510272	0.286287	0.011506	0.057451	0.659509	0.027524	0.764913	0.11484	0.486773	0.113273	
stages_bg_stages_morphtok_min5_BGMTG1_BGMTG2_BGMTG3_BGMTG4_BGMTG5__ps-0p05__bias-0p1__cb-0p1__nbm-lhs-parsed__nbe-0p05__nbmin-0p1__lex-from-prev__ls-0p01	MMM1and2	05	0.05	0.01	0.05	0.067222	0.049684	0.570395	0.120131	0.710493	0.596531	0.049155	0.673113	0.370724	0.626778	0.679351	0.502607	0.14623	0.72255	0.009434	0.648247	0.004029	0.000313	0.022034	0.521286	0.336296	0.011503	0.059108	0.652006	0.027484	0.760007	0.111589	0.493668	0.111872	
stages_bg_stages_morphtok_min5_BGMTG1_BGMTG2_BGMTG3_BGMTG4_BGMTG5__ps-0p05__bias-0p1__cb-0p1__nbm-lhs-parsed__nbe-0p05__nbmin-0p1__lex-from-prev__ls-0p1	MMM1and2	01	0.05	0.1	0.05	0.398248	0.59882	0.629217	0.799324	0.903635	0.666583	0.573047	0.925942	0.290726																					
stages_bg_stages_morphtok_min5_BGMTG1_BGMTG2_BGMTG3_BGMTG4_BGMTG5__ps-0p05__bias-0p1__cb-0p1__nbm-lhs-parsed__nbe-0p05__nbmin-0p1__lex-from-prev__ls-0p1	MMM1and2	02	0.05	0.1	0.05	0.128468	0.070008	0.629217	0.166098	0.719401	0.76791	0.478772	0.761057	0.320009	0.639351	0.665503	0.575424	0.134619	0.718661	0.007583		0.000579	0.001068	0.013486	0.534746	0.371821	0.011562	0.044807							
stages_bg_stages_morphtok_min5_BGMTG1_BGMTG2_BGMTG3_BGMTG4_BGMTG5__ps-0p05__bias-0p1__cb-0p1__nbm-lhs-parsed__nbe-0p05__nbmin-0p1__lex-from-prev__ls-0p1	MMM1and2	03	0.05	0.1	0.05	0.079413	0.059202	0.608825	0.134805	0.721232	0.747237	0.087448	0.709101	0.368638	0.651336	0.595901	0.536871	0.138226	0.734372	0.009032		0.001974	6e-06	0.01349	0.54457	0.329507	0.011537	0.053906							
stages_bg_stages_morphtok_min5_BGMTG1_BGMTG2_BGMTG3_BGMTG4_BGMTG5__ps-0p05__bias-0p1__cb-0p1__nbm-lhs-parsed__nbe-0p05__nbmin-0p1__lex-from-prev__ls-0p1	MMM1and2	04	0.05	0.1	0.05	0.067055	0.052238	0.596975	0.116645	0.701422	0.619156	0.061919	0.683656	0.377332	0.627979	0.611896	0.501321	0.142145	0.714467	0.009995		0.00269	2.3e-05	0.014215	0.504397	0.303174	0.011529	0.057832	0.617482	0.027519	0.76504	0.120139	0.482155	0.117245	
stages_bg_stages_morphtok_min5_BGMTG1_BGMTG2_BGMTG3_BGMTG4_BGMTG5__ps-0p05__bias-0p1__cb-0p1__nbm-lhs-parsed__nbe-0p05__nbmin-0p1__lex-from-prev__ls-0p1	MMM1and2	05	0.05	0.1	0.05	0.067147	0.050172	0.580125	0.114235	0.704699	0.593923	0.054997	0.683296	0.368702	0.6376	0.64024	0.506281	0.14512	0.728399	0.010449	0.580693	0.002966	4.5e-05	0.016918	0.515559	0.344553	0.011526	0.059596	0.606756	0.027478	0.76181	0.116869	0.488957	0.115676	
stages_bg_stages_morphtok_min5_BGMTG1_BGMTG2_BGMTG3_BGMTG4_BGMTG5__ps-0p1__bias-0p1__cb-0p1__nbm-lhs-parsed__nbe-0p001__nbmin-0p1__lex-from-prev__ls-0p01	MMM1and2	01	0.1	0.01	0.001	0.398248	0.59882	0.629217	0.799324	0.903635	0.666583	0.573047	0.925942	0.290726																					
stages_bg_stages_morphtok_min5_BGMTG1_BGMTG2_BGMTG3_BGMTG4_BGMTG5__ps-0p1__bias-0p1__cb-0p1__nbm-lhs-parsed__nbe-0p001__nbmin-0p1__lex-from-prev__ls-0p01	MMM1and2	02	0.1	0.01	0.001	0.134169	0.078056	0.629217	0.131486	0.721685	0.758023	0.477857	0.757523	0.321461	0.64735	0.695969	0.570929	0.169622	0.730815	0.003473		0.000548	0.000892	0.015017	0.549843	0.356338	0.026765	0.060728							
stages_bg_stages_morphtok_min5_BGMTG1_BGMTG2_BGMTG3_BGMTG4_BGMTG5__ps-0p1__bias-0p1__cb-0p1__nbm-lhs-parsed__nbe-0p001__nbmin-0p1__lex-from-prev__ls-0p01	MMM1and2	03	0.1	0.01	0.001	0.079888	0.059785	0.589296	0.117825	0.731562	0.743868	0.053007	0.698766	0.37419	0.659627	0.656539	0.537761	0.172283	0.737402	0.004417		0.001494	3.1e-05	0.014904	0.553971	0.323345	0.026767	0.061186							
stages_bg_stages_morphtok_min5_BGMTG1_BGMTG2_BGMTG3_BGMTG4_BGMTG5__ps-0p1__bias-0p1__cb-0p1__nbm-lhs-parsed__nbe-0p001__nbmin-0p1__lex-from-prev__ls-0p01	MMM1and2	04	0.1	0.01	0.001	0.066571	0.057225	0.578436	0.116933	0.709891	0.644393	0.045144	0.668231	0.368469	0.646754	0.678624	0.502044	0.174632	0.741436	0.005193		0.002162	3e-06	0.016863	0.547776	0.287997	0.026769	0.061389	0.739134	0.016328	0.844859	0.062034	0.5432	0.071673	
stages_bg_stages_morphtok_min5_BGMTG1_BGMTG2_BGMTG3_BGMTG4_BGMTG5__ps-0p1__bias-0p1__cb-0p1__nbm-lhs-parsed__nbe-0p001__nbmin-0p1__lex-from-prev__ls-0p01	MMM1and2	05	0.1	0.01	0.001	0.067326	0.049466	0.566003	0.122201	0.711128	0.62611	0.043725	0.672605	0.360475	0.646263	0.697365	0.505715	0.176447	0.746498	0.005692	0.732112	0.002525	6e-06	0.020134	0.54703	0.286429	0.02677	0.061463	0.73864	0.016323	0.834936	0.061265	0.54336	0.071315	
stages_bg_stages_morphtok_min5_BGMTG1_BGMTG2_BGMTG3_BGMTG4_BGMTG5__ps-0p1__bias-0p1__cb-0p1__nbm-lhs-parsed__nbe-0p001__nbmin-0p1__lex-from-prev__ls-0p1	MMM1and2	01	0.1	0.1	0.001	0.398248	0.59882	0.629217	0.799324	0.903635	0.666583	0.573047	0.925942	0.290726																					
stages_bg_stages_morphtok_min5_BGMTG1_BGMTG2_BGMTG3_BGMTG4_BGMTG5__ps-0p1__bias-0p1__cb-0p1__nbm-lhs-parsed__nbe-0p001__nbmin-0p1__lex-from-prev__ls-0p1	MMM1and2	02	0.1	0.1	0.001	0.130154	0.069239	0.629217	0.173288	0.719784	0.759435	0.478792	0.760875	0.313193	0.646182	0.670729	0.578056	0.17087	0.737787	0.003744		0.000336	0.001583	0.015138	0.547351	0.377316	0.026429	0.060745							
stages_bg_stages_morphtok_min5_BGMTG1_BGMTG2_BGMTG3_BGMTG4_BGMTG5__ps-0p1__bias-0p1__cb-0p1__nbm-lhs-parsed__nbe-0p001__nbmin-0p1__lex-from-prev__ls-0p1	MMM1and2	03	0.1	0.1	0.001	0.080097	0.058759	0.608845	0.141625	0.727026	0.748084	0.069184	0.705772	0.36446	0.657705	0.618316	0.542518	0.173323	0.743593	0.004644		0.001082	0.00029	0.013774	0.550396	0.348122	0.026431	0.061192							
stages_bg_stages_morphtok_min5_BGMTG1_BGMTG2_BGMTG3_BGMTG4_BGMTG5__ps-0p1__bias-0p1__cb-0p1__nbm-lhs-parsed__nbe-0p001__nbmin-0p1__lex-from-prev__ls-0p1	MMM1and2	04	0.1	0.1	0.001	0.066942	0.05196	0.589856	0.119506	0.704774	0.646286	0.043229	0.678602	0.367304	0.652445	0.627292	0.503685	0.17559	0.746562	0.005465		0.001627	0.000138	0.01364	0.544282	0.317245	0.026432	0.061399	0.678871	0.015349	0.847375	0.065831	0.532736	0.079035	
stages_bg_stages_morphtok_min5_BGMTG1_BGMTG2_BGMTG3_BGMTG4_BGMTG5__ps-0p1__bias-0p1__cb-0p1__nbm-lhs-parsed__nbe-0p001__nbmin-0p1__lex-from-prev__ls-0p1	MMM1and2	05	0.1	0.1	0.001	0.066737	0.05109	0.567446	0.115149	0.70665	0.622617	0.039502	0.68077	0.360101	0.655392	0.652405	0.505604	0.177359	0.75067	0.006028	0.726534	0.001912	9e-05	0.015486	0.544546	0.312628	0.026433	0.061464	0.677409	0.015344	0.839471	0.064965	0.533205	0.07861	
stages_bg_stages_morphtok_min5_BGMTG1_BGMTG2_BGMTG3_BGMTG4_BGMTG5__ps-0p1__bias-0p1__cb-0p1__nbm-lhs-parsed__nbe-0p005__nbmin-0p1__lex-from-prev__ls-0p1	MMM1and2	01	0.1	0.1	0.005	0.398248	0.59882	0.629217	0.799324	0.903635	0.666583	0.573047	0.925942	0.290726																					
stages_bg_stages_morphtok_min5_BGMTG1_BGMTG2_BGMTG3_BGMTG4_BGMTG5__ps-0p1__bias-0p1__cb-0p1__nbm-lhs-parsed__nbe-0p005__nbmin-0p1__lex-from-prev__ls-0p1	MMM1and2	02	0.1	0.1	0.005	0.129739	0.069193	0.629217	0.172703	0.719879	0.759427	0.478791	0.760934	0.313292	0.646119	0.670785	0.577829	0.163039	0.737991	0.004377		0.000363	0.001486	0.014624	0.545908	0.376806	0.019316	0.055909							
stages_bg_stages_morphtok_min5_BGMTG1_BGMTG2_BGMTG3_BGMTG4_BGMTG5__ps-0p1__bias-0p1__cb-0p1__nbm-lhs-parsed__nbe-0p005__nbmin-0p1__lex-from-prev__ls-0p1	MMM1and2	03	0.1	0.1	0.005	0.079938	0.058742	0.607589	0.14149	0.72704	0.748583	0.068285	0.705915	0.364488	0.655223	0.617674	0.542059	0.165457	0.741464	0.005308		0.00111	0.000257	0.01361	0.548349	0.34773	0.019311	0.058043							
stages_bg_stages_morphtok_min5_BGMTG1_BGMTG2_BGMTG3_BGMTG4_BGMTG5__ps-0p1__bias-0p1__cb-0p1__nbm-lhs-parsed__nbe-0p005__nbmin-0p1__lex-from-prev__ls-0p1	MMM1and2	04	0.1	0.1	0.005	0.066813	0.051934	0.588957	0.119771	0.705861	0.644821	0.042923	0.678169	0.367344	0.645517	0.626722	0.502037	0.167737	0.73886	0.006113		0.001652	0.000124	0.013629	0.534841	0.309879	0.019309	0.059243	0.675682	0.0243	0.834455	0.091032	0.51441	0.098067	
stages_bg_stages_morphtok_min5_BGMTG1_BGMTG2_BGMTG3_BGMTG4_BGMTG5__ps-0p1__bias-0p1__cb-0p1__nbm-lhs-parsed__nbe-0p005__nbmin-0p1__lex-from-prev__ls-0p1	MMM1and2	05	0.1	0.1	0.005	0.066639	0.050992	0.566917	0.115442	0.708384	0.620861	0.039436	0.680279	0.359832	0.649696	0.652165	0.503411	0.169531	0.743768	0.006644	0.688018	0.001936	8.2e-05	0.015483	0.534878	0.306595	0.019308	0.059958	0.674407	0.024287	0.825799	0.090079	0.516071	0.097603	
stages_bg_stages_morphtok_min5_BGMTG1_BGMTG2_BGMTG3_BGMTG4_BGMTG5__ps-0p1__bias-0p1__cb-0p1__nbm-lhs-parsed__nbe-0p05__nbmin-0p1__lex-from-prev__ls-0p1	MMM1and2	01	0.1	0.1	0.05	0.398248	0.59882	0.629217	0.799324	0.903635	0.666583	0.573047	0.925942	0.290726																					
stages_bg_stages_morphtok_min5_BGMTG1_BGMTG2_BGMTG3_BGMTG4_BGMTG5__ps-0p1__bias-0p1__cb-0p1__nbm-lhs-parsed__nbe-0p05__nbmin-0p1__lex-from-prev__ls-0p1	MMM1and2	02	0.1	0.1	0.05	0.128181	0.068957	0.629217	0.167905	0.720744	0.75905	0.47893	0.760128	0.315817	0.635105	0.671276	0.571054	0.108686	0.703801	0.011701		0.000746	0.000766	0.012938	0.522638	0.372242	0.010393	0.030616							
stages_bg_stages_morphtok_min5_BGMTG1_BGMTG2_BGMTG3_BGMTG4_BGMTG5__ps-0p1__bias-0p1__cb-0p1__nbm-lhs-parsed__nbe-0p05__nbmin-0p1__lex-from-prev__ls-0p1	MMM1and2	03	0.1	0.1	0.05	0.078906	0.058775	0.596795	0.140348	0.728144	0.750767	0.061873	0.706083	0.36748	0.644324	0.615262	0.537906	0.110728	0.717205	0.012596		0.001512	4.7e-05	0.012811	0.533544	0.350598	0.010343	0.039455							
stages_bg_stages_morphtok_min5_BGMTG1_BGMTG2_BGMTG3_BGMTG4_BGMTG5__ps-0p1__bias-0p1__cb-0p1__nbm-lhs-parsed__nbe-0p05__nbmin-0p1__lex-from-prev__ls-0p1	MMM1and2	04	0.1	0.1	0.05	0.066275	0.051838	0.582215	0.120979	0.709706	0.632632	0.04083	0.674376	0.376735	0.615324	0.625353	0.495826	0.113126	0.691128	0.01307		0.001988	1.9e-05	0.013437	0.487893	0.290136	0.010317	0.045483	0.667786	0.027899	0.772654	0.173011	0.467225	0.142144	
stages_bg_stages_morphtok_min5_BGMTG1_BGMTG2_BGMTG3_BGMTG4_BGMTG5__ps-0p1__bias-0p1__cb-0p1__nbm-lhs-parsed__nbe-0p05__nbmin-0p1__lex-from-prev__ls-0p1	MMM1and2	05	0.1	0.1	0.05	0.066221	0.049443	0.563563	0.116303	0.71464	0.609617	0.039049	0.675928	0.366925	0.622854	0.652127	0.49647	0.115104	0.706459	0.013285	0.498643	0.002233	1.5e-05	0.015468	0.495816	0.298698	0.010301	0.04943	0.666181	0.027868	0.767723	0.171892	0.474596	0.141481	
stages_bg_stages_morphtok_min5_BGMTI1_BGMTI2_BGMTI3_BGMTI4_BGMTI5__ps-0p001__bias-0p1__cb-0p1__nbm-lhs-parsed__nbe-0p001__nbmin-0p1__lex-from-prev__ls-0p1	MMM1and2	01	0.001	0.1	0.001	0.398248	0.59882	0.629217	0.799324		0.988454	0.751493									0.796663														
stages_bg_stages_morphtok_min5_BGMTI1_BGMTI2_BGMTI3_BGMTI4_BGMTI5__ps-0p001__bias-0p1__cb-0p1__nbm-lhs-parsed__nbe-0p001__nbmin-0p1__lex-from-prev__ls-0p1	MMM1and2	02	0.001	0.1	0.001	0.398248	0.59882	0.629217	0.799324	0.887632	0.681307	0.544576	0.898198	0.240435							0.786492														
stages_bg_stages_morphtok_min5_BGMTI1_BGMTI2_BGMTI3_BGMTI4_BGMTI5__ps-0p001__bias-0p1__cb-0p1__nbm-lhs-parsed__nbe-0p001__nbmin-0p1__lex-from-prev__ls-0p1	MMM1and2	03	0.001	0.1	0.001	0.398248	0.59882	0.629217	0.799324	0.847083	0.573554	0.538303	0.830164	0.303625							0.774467								0.481982	0.168021	0.848475		0.50905		
stages_bg_stages_morphtok_min5_BGMTI1_BGMTI2_BGMTI3_BGMTI4_BGMTI5__ps-0p001__bias-0p1__cb-0p1__nbm-lhs-parsed__nbe-0p001__nbmin-0p1__lex-from-prev__ls-0p1	MMM1and2	04	0.001	0.1	0.001	0.398248	0.59882	0.448352	0.799324	0.847607	0.474632	0.158154	0.810274	0.326713							0.823228								0.302552	0.168021	0.813014		0.50558		
stages_bg_stages_morphtok_min5_BGMTI1_BGMTI2_BGMTI3_BGMTI4_BGMTI5__ps-0p001__bias-0p1__cb-0p1__nbm-lhs-parsed__nbe-0p001__nbmin-0p1__lex-from-prev__ls-0p1	MMM1and2	05	0.001	0.1	0.001	0.061664	0.05102	0.594981	0.224917	0.671034	0.556791	0.101991	0.671062	0.373431	0.581252	0.551492	0.524079	0.181192	0.687719	0.001014	0.860765	0.004526	0.000348	0.015456	0.469015	0.390478	0.185257	0.061466	0.490141	0.168011	0.801571	0.173967	0.552427	0.202592	
stages_bg_stages_morphtok_min5_BGMTI1_BGMTI2_BGMTI3_BGMTI4_BGMTI5__ps-0p001__bias-0p1__cb-0p1__nbm-lhs-parsed__nbe-0p005__nbmin-0p1__lex-from-prev__ls-0p1	MMM1and2	01	0.001	0.1	0.005	0.398248	0.59882	0.629217	0.799324		0.988454	0.751493									0.796663														
stages_bg_stages_morphtok_min5_BGMTI1_BGMTI2_BGMTI3_BGMTI4_BGMTI5__ps-0p001__bias-0p1__cb-0p1__nbm-lhs-parsed__nbe-0p005__nbmin-0p1__lex-from-prev__ls-0p1	MMM1and2	02	0.001	0.1	0.005	0.398248	0.59882	0.629217	0.799324	0.887632	0.681307	0.544576	0.898198	0.240435							0.786492														
stages_bg_stages_morphtok_min5_BGMTI1_BGMTI2_BGMTI3_BGMTI4_BGMTI5__ps-0p001__bias-0p1__cb-0p1__nbm-lhs-parsed__nbe-0p005__nbmin-0p1__lex-from-prev__ls-0p1	MMM1and2	03	0.001	0.1	0.005	0.398248	0.59882	0.629217	0.799324	0.847083	0.573554	0.538303	0.830164	0.303625							0.774467								0.481982	0.168021	0.848475		0.50905		
stages_bg_stages_morphtok_min5_BGMTI1_BGMTI2_BGMTI3_BGMTI4_BGMTI5__ps-0p001__bias-0p1__cb-0p1__nbm-lhs-parsed__nbe-0p005__nbmin-0p1__lex-from-prev__ls-0p1	MMM1and2	04	0.001	0.1	0.005	0.398248	0.59882	0.448352	0.799324	0.847607	0.474632	0.158154	0.810274	0.326713							0.823228								0.302552	0.168021	0.813014		0.50558		
stages_bg_stages_morphtok_min5_BGMTI1_BGMTI2_BGMTI3_BGMTI4_BGMTI5__ps-0p001__bias-0p1__cb-0p1__nbm-lhs-parsed__nbe-0p005__nbmin-0p1__lex-from-prev__ls-0p1	MMM1and2	05	0.001	0.1	0.005	0.061664	0.05102	0.594981	0.224917	0.671034	0.55679	0.101991	0.671062	0.373431	0.581252	0.551492	0.524079	0.181191	0.687719	0.001014	0.860765	0.004526	0.000348	0.015456	0.469015	0.390478	0.185257	0.061466	0.490141	0.167878	0.801571	0.173967	0.552427	0.202592	
stages_bg_stages_morphtok_min5_BGMTI1_BGMTI2_BGMTI3_BGMTI4_BGMTI5__ps-0p001__bias-0p1__cb-0p1__nbm-lhs-parsed__nbe-0p01__nbmin-0p1__lex-from-prev__ls-0p1	MMM1and2	01	0.001	0.1	0.01	0.398248	0.59882	0.629217	0.799324		0.988454	0.751493									0.796663														
stages_bg_stages_morphtok_min5_BGMTI1_BGMTI2_BGMTI3_BGMTI4_BGMTI5__ps-0p001__bias-0p1__cb-0p1__nbm-lhs-parsed__nbe-0p01__nbmin-0p1__lex-from-prev__ls-0p1	MMM1and2	02	0.001	0.1	0.01	0.398248	0.59882	0.629217	0.799324	0.887632	0.681307	0.544576	0.898198	0.240435							0.786492														
stages_bg_stages_morphtok_min5_BGMTI1_BGMTI2_BGMTI3_BGMTI4_BGMTI5__ps-0p001__bias-0p1__cb-0p1__nbm-lhs-parsed__nbe-0p01__nbmin-0p1__lex-from-prev__ls-0p1	MMM1and2	03	0.001	0.1	0.01	0.398248	0.59882	0.629217	0.799324	0.847078	0.573545	0.538303	0.830165	0.303653							0.774466								0.481946	0.168021	0.848468		0.50906		
stages_bg_stages_morphtok_min5_BGMTI1_BGMTI2_BGMTI3_BGMTI4_BGMTI5__ps-0p001__bias-0p1__cb-0p1__nbm-lhs-parsed__nbe-0p01__nbmin-0p1__lex-from-prev__ls-0p1	MMM1and2	04	0.001	0.1	0.01	0.398248	0.59882	0.44833	0.799324	0.847603	0.474646	0.158128	0.810271	0.326714							0.823225								0.302611	0.168021	0.813018		0.505582		
stages_bg_stages_morphtok_min5_BGMTI1_BGMTI2_BGMTI3_BGMTI4_BGMTI5__ps-0p001__bias-0p1__cb-0p1__nbm-lhs-parsed__nbe-0p01__nbmin-0p1__lex-from-prev__ls-0p1	MMM1and2	05	0.001	0.1	0.01	0.061664	0.05102	0.594978	0.224917	0.671035	0.556791	0.101991	0.671061	0.373431	0.581252	0.551491	0.524079	0.181135	0.687719	0.001016	0.860765	0.004527	0.000348	0.015456	0.469015	0.390478	0.182275	0.061466	0.49015	0.164173	0.801572	0.174	0.552426	0.202564	
stages_bg_stages_morphtok_min5_BGMTI1_BGMTI2_BGMTI3_BGMTI4_BGMTI5__ps-0p001__bias-0p1__cb-0p1__nbm-lhs-parsed__nbe-0p05__nbmin-0p1__lex-from-prev__ls-0p1	MMM1and2	01	0.001	0.1	0.05	0.398248	0.59882	0.629217	0.799324		0.988454	0.751493									0.796663														
stages_bg_stages_morphtok_min5_BGMTI1_BGMTI2_BGMTI3_BGMTI4_BGMTI5__ps-0p001__bias-0p1__cb-0p1__nbm-lhs-parsed__nbe-0p05__nbmin-0p1__lex-from-prev__ls-0p1	MMM1and2	02	0.001	0.1	0.05	0.398248	0.59882	0.629217	0.799324	0.887632	0.681307	0.544576	0.898198	0.240435							0.786492														
stages_bg_stages_morphtok_min5_BGMTI1_BGMTI2_BGMTI3_BGMTI4_BGMTI5__ps-0p001__bias-0p1__cb-0p1__nbm-lhs-parsed__nbe-0p05__nbmin-0p1__lex-from-prev__ls-0p1	MMM1and2	03	0.001	0.1	0.05	0.398248	0.59882	0.629217	0.799324	0.847055	0.573455	0.538303	0.8302	0.303876							0.774095								0.481574	0.168021	0.848423		0.509326		
stages_bg_stages_morphtok_min5_BGMTI1_BGMTI2_BGMTI3_BGMTI4_BGMTI5__ps-0p001__bias-0p1__cb-0p1__nbm-lhs-parsed__nbe-0p05__nbmin-0p1__lex-from-prev__ls-0p1	MMM1and2	04	0.001	0.1	0.05	0.398248	0.59882	0.448159	0.799324	0.847571	0.474769	0.157924	0.810264	0.326722							0.823193								0.303099	0.168021	0.813051		0.505617		
stages_bg_stages_morphtok_min5_BGMTI1_BGMTI2_BGMTI3_BGMTI4_BGMTI5__ps-0p001__bias-0p1__cb-0p1__nbm-lhs-parsed__nbe-0p05__nbmin-0p1__lex-from-prev__ls-0p1	MMM1and2	05	0.001	0.1	0.05	0.061629	0.051018	0.594959	0.22484	0.671041	0.5568	0.101987	0.671057	0.373439	0.581241	0.551493	0.524076	0.180382	0.687733	0.001043	0.860674	0.004536	0.000342	0.015448	0.46904	0.390474	0.14705	0.061157	0.490238	0.101096	0.801575	0.17445	0.552261	0.202163	
stages_bg_stages_morphtok_min5_BGMTI1_BGMTI2_BGMTI3_BGMTI4_BGMTI5__ps-0p005__bias-0p1__cb-0p1__nbm-lhs-parsed__nbe-0p001__nbmin-0p1__lex-from-prev__ls-0p1	MMM1and2	01	0.005	0.1	0.001	0.398248	0.59882	0.629217	0.799324		0.988454	0.751493									0.796663														
stages_bg_stages_morphtok_min5_BGMTI1_BGMTI2_BGMTI3_BGMTI4_BGMTI5__ps-0p005__bias-0p1__cb-0p1__nbm-lhs-parsed__nbe-0p001__nbmin-0p1__lex-from-prev__ls-0p1	MMM1and2	02	0.005	0.1	0.001	0.398248	0.59882	0.629217	0.799324	0.887379	0.682702	0.544572	0.897999	0.243002							0.792038														
stages_bg_stages_morphtok_min5_BGMTI1_BGMTI2_BGMTI3_BGMTI4_BGMTI5__ps-0p005__bias-0p1__cb-0p1__nbm-lhs-parsed__nbe-0p001__nbmin-0p1__lex-from-prev__ls-0p1	MMM1and2	03	0.005	0.1	0.001	0.398248	0.59882	0.629217	0.799324	0.851992	0.577346	0.538239	0.834602	0.302704							0.78352								0.484059	0.168021	0.846545		0.509532		
stages_bg_stages_morphtok_min5_BGMTI1_BGMTI2_BGMTI3_BGMTI4_BGMTI5__ps-0p005__bias-0p1__cb-0p1__nbm-lhs-parsed__nbe-0p001__nbmin-0p1__lex-from-prev__ls-0p1	MMM1and2	04	0.005	0.1	0.001	0.398248	0.59882	0.443591	0.799324	0.849999	0.47734	0.152192	0.806573	0.34106							0.823515								0.294639	0.168021	0.816897		0.503734		
stages_bg_stages_morphtok_min5_BGMTI1_BGMTI2_BGMTI3_BGMTI4_BGMTI5__ps-0p005__bias-0p1__cb-0p1__nbm-lhs-parsed__nbe-0p001__nbmin-0p1__lex-from-prev__ls-0p1	MMM1and2	05	0.005	0.1	0.001	0.06157	0.050905	0.592945	0.225558	0.670842	0.555096	0.095128	0.668298	0.370997	0.586196	0.554735	0.525381	0.180818	0.689835	0.001124	0.868012	0.004484	0.000388	0.015454	0.465975	0.391567	0.184519	0.061466	0.353899	0.167988	0.797217	0.173946	0.532185	0.207039	
stages_bg_stages_morphtok_min5_BGMTI1_BGMTI2_BGMTI3_BGMTI4_BGMTI5__ps-0p005__bias-0p1__cb-0p1__nbm-lhs-parsed__nbe-0p005__nbmin-0p1__lex-from-prev__ls-0p1	MMM1and2	01	0.005	0.1	0.005	0.398248	0.59882	0.629217	0.799324		0.988454	0.751493									0.796663														
stages_bg_stages_morphtok_min5_BGMTI1_BGMTI2_BGMTI3_BGMTI4_BGMTI5__ps-0p005__bias-0p1__cb-0p1__nbm-lhs-parsed__nbe-0p005__nbmin-0p1__lex-from-prev__ls-0p1	MMM1and2	02	0.005	0.1	0.005	0.398248	0.59882	0.629217	0.799324	0.887379	0.682702	0.544572	0.897999	0.243002							0.792038														
stages_bg_stages_morphtok_min5_BGMTI1_BGMTI2_BGMTI3_BGMTI4_BGMTI5__ps-0p005__bias-0p1__cb-0p1__nbm-lhs-parsed__nbe-0p005__nbmin-0p1__lex-from-prev__ls-0p1	MMM1and2	03	0.005	0.1	0.005	0.398248	0.59882	0.629217	0.799324	0.851977	0.577293	0.538239	0.834607	0.302805							0.783437								0.483874	0.168021	0.846519		0.509572		
stages_bg_stages_morphtok_min5_BGMTI1_BGMTI2_BGMTI3_BGMTI4_BGMTI5__ps-0p005__bias-0p1__cb-0p1__nbm-lhs-parsed__nbe-0p005__nbmin-0p1__lex-from-prev__ls-0p1	MMM1and2	04	0.005	0.1	0.005	0.398248	0.59882	0.443498	0.799324	0.849986	0.477388	0.152095	0.806564	0.34108							0.823499								0.294814	0.168021	0.816919		0.503767		
stages_bg_stages_morphtok_min5_BGMTI1_BGMTI2_BGMTI3_BGMTI4_BGMTI5__ps-0p005__bias-0p1__cb-0p1__nbm-lhs-parsed__nbe-0p005__nbmin-0p1__lex-from-prev__ls-0p1	MMM1and2	05	0.005	0.1	0.005	0.061566	0.050904	0.592931	0.225539	0.670844	0.555099	0.09512	0.668296	0.370998	0.586194	0.554741	0.525379	0.180471	0.689835	0.001137	0.868012	0.004488	0.000386	0.015454	0.46598	0.391565	0.167404	0.061421	0.353968	0.159759	0.79722	0.174155	0.532188	0.206851	
stages_bg_stages_morphtok_min5_BGMTI1_BGMTI2_BGMTI3_BGMTI4_BGMTI5__ps-0p005__bias-0p1__cb-0p1__nbm-lhs-parsed__nbe-0p01__nbmin-0p1__lex-from-prev__ls-0p1	MMM1and2	01	0.005	0.1	0.01	0.398248	0.59882	0.629217	0.799324		0.988454	0.751493									0.796663														
stages_bg_stages_morphtok_min5_BGMTI1_BGMTI2_BGMTI3_BGMTI4_BGMTI5__ps-0p005__bias-0p1__cb-0p1__nbm-lhs-parsed__nbe-0p01__nbmin-0p1__lex-from-prev__ls-0p1	MMM1and2	02	0.005	0.1	0.01	0.398248	0.59882	0.629217	0.799324	0.887379	0.682702	0.544572	0.897999	0.243002							0.792038														
stages_bg_stages_morphtok_min5_BGMTI1_BGMTI2_BGMTI3_BGMTI4_BGMTI5__ps-0p005__bias-0p1__cb-0p1__nbm-lhs-parsed__nbe-0p01__nbmin-0p1__lex-from-prev__ls-0p1	MMM1and2	03	0.005	0.1	0.01	0.398248	0.59882	0.629217	0.799324	0.851966	0.577228	0.538239	0.834638	0.302936							0.783163								0.483618	0.168021	0.8465		0.509813		
stages_bg_stages_morphtok_min5_BGMTI1_BGMTI2_BGMTI3_BGMTI4_BGMTI5__ps-0p005__bias-0p1__cb-0p1__nbm-lhs-parsed__nbe-0p01__nbmin-0p1__lex-from-prev__ls-0p1	MMM1and2	04	0.005	0.1	0.01	0.398248	0.59882	0.443398	0.799324	0.849973	0.477452	0.151991	0.806573	0.341112							0.823474								0.295023	0.168021	0.816952		0.503858		
stages_bg_stages_morphtok_min5_BGMTI1_BGMTI2_BGMTI3_BGMTI4_BGMTI5__ps-0p005__bias-0p1__cb-0p1__nbm-lhs-parsed__nbe-0p01__nbmin-0p1__lex-from-prev__ls-0p1	MMM1and2	05	0.005	0.1	0.01	0.061535	0.050903	0.592918	0.225479	0.670847	0.555108	0.095115	0.668301	0.371009	0.586187	0.554748	0.525376	0.180009	0.689848	0.001154	0.867925	0.004493	0.000382	0.015446	0.465998	0.391562	0.147077	0.061144	0.354067	0.147378	0.797224	0.17444	0.532053	0.206577	
stages_bg_stages_morphtok_min5_BGMTI1_BGMTI2_BGMTI3_BGMTI4_BGMTI5__ps-0p005__bias-0p1__cb-0p1__nbm-lhs-parsed__nbe-0p05__nbmin-0p1__lex-from-prev__ls-0p1	MMM1and2	01	0.005	0.1	0.05	0.398248	0.59882	0.629217	0.799324		0.988454	0.751493									0.796663														
stages_bg_stages_morphtok_min5_BGMTI1_BGMTI2_BGMTI3_BGMTI4_BGMTI5__ps-0p005__bias-0p1__cb-0p1__nbm-lhs-parsed__nbe-0p05__nbmin-0p1__lex-from-prev__ls-0p1	MMM1and2	02	0.005	0.1	0.05	0.398248	0.59882	0.629217	0.799324	0.887378	0.682702	0.544572	0.898004	0.242997							0.792053														
stages_bg_stages_morphtok_min5_BGMTI1_BGMTI2_BGMTI3_BGMTI4_BGMTI5__ps-0p005__bias-0p1__cb-0p1__nbm-lhs-parsed__nbe-0p05__nbmin-0p1__lex-from-prev__ls-0p1	MMM1and2	03	0.005	0.1	0.05	0.398248	0.59882	0.629217	0.799324	0.851968	0.576671	0.538239	0.834987	0.303951							0.780785								0.481574	0.168021	0.845568		0.51201		
stages_bg_stages_morphtok_min5_BGMTI1_BGMTI2_BGMTI3_BGMTI4_BGMTI5__ps-0p005__bias-0p1__cb-0p1__nbm-lhs-parsed__nbe-0p05__nbmin-0p1__lex-from-prev__ls-0p1	MMM1and2	04	0.005	0.1	0.05	0.398248	0.59882	0.44266	0.799324	0.849889	0.477932	0.151242	0.806641	0.341333							0.8233								0.296552	0.168021	0.817138		0.504617		
stages_bg_stages_morphtok_min5_BGMTI1_BGMTI2_BGMTI3_BGMTI4_BGMTI5__ps-0p005__bias-0p1__cb-0p1__nbm-lhs-parsed__nbe-0p05__nbmin-0p1__lex-from-prev__ls-0p1	MMM1and2	05	0.005	0.1	0.05	0.061262	0.050892	0.592829	0.225022	0.671035	0.555148	0.095083	0.668356	0.371115	0.586162	0.554745	0.525388	0.176574	0.69005	0.001278	0.866427	0.004536	0.000349	0.015275	0.465612	0.390807	0.063646	0.059006	0.356263	0.089822	0.797276	0.176606	0.529778	0.204405	
stages_bg_stages_morphtok_min5_BGMTI1_BGMTI2_BGMTI3_BGMTI4_BGMTI5__ps-0p01__bias-0p1__cb-0p1__nbm-lhs-parsed__nbe-0p001__nbmin-0p1__lex-from-prev__ls-0p1	MMM1and2	01	0.01	0.1	0.001	0.398248	0.59882	0.629217	0.799324		0.988454	0.751493									0.796663														
stages_bg_stages_morphtok_min5_BGMTI1_BGMTI2_BGMTI3_BGMTI4_BGMTI5__ps-0p01__bias-0p1__cb-0p1__nbm-lhs-parsed__nbe-0p001__nbmin-0p1__lex-from-prev__ls-0p1	MMM1and2	02	0.01	0.1	0.001	0.398248	0.59882	0.629217	0.799324	0.887101	0.684004	0.544568	0.897784	0.246482							0.794105														
stages_bg_stages_morphtok_min5_BGMTI1_BGMTI2_BGMTI3_BGMTI4_BGMTI5__ps-0p01__bias-0p1__cb-0p1__nbm-lhs-parsed__nbe-0p001__nbmin-0p1__lex-from-prev__ls-0p1	MMM1and2	03	0.01	0.1	0.001	0.398248	0.59882	0.629217	0.799324	0.856691	0.582363	0.538177	0.83919	0.301311							0.786659								0.491231	0.168021	0.844687		0.510536		
stages_bg_stages_morphtok_min5_BGMTI1_BGMTI2_BGMTI3_BGMTI4_BGMTI5__ps-0p01__bias-0p1__cb-0p1__nbm-lhs-parsed__nbe-0p001__nbmin-0p1__lex-from-prev__ls-0p1	MMM1and2	04	0.01	0.1	0.001	0.398248	0.59882	0.438183	0.799324	0.852328	0.480655	0.146146	0.803777	0.35032							0.821087								0.301026	0.168021	0.820888		0.502289		
stages_bg_stages_morphtok_min5_BGMTI1_BGMTI2_BGMTI3_BGMTI4_BGMTI5__ps-0p01__bias-0p1__cb-0p1__nbm-lhs-parsed__nbe-0p001__nbmin-0p1__lex-from-prev__ls-0p1	MMM1and2	05	0.01	0.1	0.001	0.0615	0.05094	0.590197	0.226299	0.670766	0.554702	0.087984	0.664805	0.370014	0.590291	0.558915	0.526039	0.180268	0.692324	0.001241	0.870299	0.00444	0.000432	0.015477	0.46309	0.39288	0.180833	0.061466	0.280285	0.167502	0.794456	0.173775	0.516505	0.211061	
stages_bg_stages_morphtok_min5_BGMTI1_BGMTI2_BGMTI3_BGMTI4_BGMTI5__ps-0p01__bias-0p1__cb-0p1__nbm-lhs-parsed__nbe-0p005__nbmin-0p1__lex-from-prev__ls-0p1	MMM1and2	01	0.01	0.1	0.005	0.398248	0.59882	0.629217	0.799324		0.988454	0.751493									0.796663														
stages_bg_stages_morphtok_min5_BGMTI1_BGMTI2_BGMTI3_BGMTI4_BGMTI5__ps-0p01__bias-0p1__cb-0p1__nbm-lhs-parsed__nbe-0p005__nbmin-0p1__lex-from-prev__ls-0p1	MMM1and2	02	0.01	0.1	0.005	0.398248	0.59882	0.629217	0.799324	0.887101	0.684004	0.544568	0.897784	0.246482							0.794105														
stages_bg_stages_morphtok_min5_BGMTI1_BGMTI2_BGMTI3_BGMTI4_BGMTI5__ps-0p01__bias-0p1__cb-0p1__nbm-lhs-parsed__nbe-0p005__nbmin-0p1__lex-from-prev__ls-0p1	MMM1and2	03	0.01	0.1	0.005	0.398248	0.59882	0.629217	0.799324	0.856676	0.58224	0.538177	0.839224	0.301496							0.78631								0.490788	0.168021	0.844649		0.510819		
stages_bg_stages_morphtok_min5_BGMTI1_BGMTI2_BGMTI3_BGMTI4_BGMTI5__ps-0p01__bias-0p1__cb-0p1__nbm-lhs-parsed__nbe-0p005__nbmin-0p1__lex-from-prev__ls-0p1	MMM1and2	04	0.01	0.1	0.005	0.398248	0.59882	0.438013	0.799324	0.852312	0.480734	0.145993	0.803788	0.3504							0.82104								0.301265	0.168021	0.820944		0.502478		
stages_bg_stages_morphtok_min5_BGMTI1_BGMTI2_BGMTI3_BGMTI4_BGMTI5__ps-0p01__bias-0p1__cb-0p1__nbm-lhs-parsed__nbe-0p005__nbmin-0p1__lex-from-prev__ls-0p1	MMM1and2	05	0.01	0.1	0.005	0.061466	0.050939	0.590171	0.226221	0.670768	0.554715	0.087971	0.664811	0.37004	0.590283	0.55894	0.526032	0.179515	0.692334	0.00127	0.870226	0.004448	0.000426	0.015469	0.463114	0.392872	0.147109	0.061128	0.28042	0.156019	0.794466	0.174246	0.516422	0.210595	
stages_bg_stages_morphtok_min5_BGMTI1_BGMTI2_BGMTI3_BGMTI4_BGMTI5__ps-0p01__bias-0p1__cb-0p1__nbm-lhs-parsed__nbe-0p01__nbmin-0p1__lex-from-prev__ls-0p1	MMM1and2	01	0.01	0.1	0.01	0.398248	0.59882	0.629217	0.799324		0.988454	0.751493									0.796663														
stages_bg_stages_morphtok_min5_BGMTI1_BGMTI2_BGMTI3_BGMTI4_BGMTI5__ps-0p01__bias-0p1__cb-0p1__nbm-lhs-parsed__nbe-0p01__nbmin-0p1__lex-from-prev__ls-0p1	MMM1and2	02	0.01	0.1	0.01	0.398248	0.59882	0.629217	0.799324	0.887101	0.684004	0.544568	0.897784	0.246482							0.794105														
stages_bg_stages_morphtok_min5_BGMTI1_BGMTI2_BGMTI3_BGMTI4_BGMTI5__ps-0p01__bias-0p1__cb-0p1__nbm-lhs-parsed__nbe-0p01__nbmin-0p1__lex-from-prev__ls-0p1	MMM1and2	03	0.01	0.1	0.01	0.398248	0.59882	0.629217	0.799324	0.856666	0.582085	0.538177	0.839305	0.30173							0.785632								0.490154	0.168021	0.844626		0.511419		
stages_bg_stages_morphtok_min5_BGMTI1_BGMTI2_BGMTI3_BGMTI4_BGMTI5__ps-0p01__bias-0p1__cb-0p1__nbm-lhs-parsed__nbe-0p01__nbmin-0p1__lex-from-prev__ls-0p1	MMM1and2	04	0.01	0.1	0.01	0.398248	0.59882	0.437821	0.799324	0.852297	0.480838	0.145819	0.803831	0.350509							0.820982								0.301542	0.168021	0.821023		0.50282		
stages_bg_stages_morphtok_min5_BGMTI1_BGMTI2_BGMTI3_BGMTI4_BGMTI5__ps-0p01__bias-0p1__cb-0p1__nbm-lhs-parsed__nbe-0p01__nbmin-0p1__lex-from-prev__ls-0p1	MMM1and2	05	0.01	0.1	0.01	0.061398	0.050936	0.590143	0.226101	0.670806	0.554733	0.087958	0.664825	0.370094	0.590269	0.558971	0.526024	0.178641	0.692361	0.001302	0.86996	0.004459	0.000417	0.015427	0.463155	0.39286	0.116328	0.060488	0.280855	0.143874	0.794486	0.174818	0.515982	0.210002	
stages_bg_stages_morphtok_min5_BGMTI1_BGMTI2_BGMTI3_BGMTI4_BGMTI5__ps-0p01__bias-0p1__cb-0p1__nbm-lhs-parsed__nbe-0p05__nbmin-0p1__lex-from-prev__ls-0p1	MMM1and2	01	0.01	0.1	0.05	0.398248	0.59882	0.629217	0.799324		0.988454	0.751493									0.796663														
stages_bg_stages_morphtok_min5_BGMTI1_BGMTI2_BGMTI3_BGMTI4_BGMTI5__ps-0p01__bias-0p1__cb-0p1__nbm-lhs-parsed__nbe-0p05__nbmin-0p1__lex-from-prev__ls-0p1	MMM1and2	02	0.01	0.1	0.05	0.398248	0.59882	0.629217	0.799324	0.887095	0.683998	0.544568	0.897812	0.246463							0.794128														
stages_bg_stages_morphtok_min5_BGMTI1_BGMTI2_BGMTI3_BGMTI4_BGMTI5__ps-0p01__bias-0p1__cb-0p1__nbm-lhs-parsed__nbe-0p05__nbmin-0p1__lex-from-prev__ls-0p1	MMM1and2	03	0.01	0.1	0.05	0.398248	0.59882	0.629217	0.799324	0.856841	0.580751	0.538177	0.839567	0.303538							0.782074								0.487405	0.168021	0.840536		0.515606		
stages_bg_stages_morphtok_min5_BGMTI1_BGMTI2_BGMTI3_BGMTI4_BGMTI5__ps-0p01__bias-0p1__cb-0p1__nbm-lhs-parsed__nbe-0p05__nbmin-0p1__lex-from-prev__ls-0p1	MMM1and2	04	0.01	0.1	0.05	0.398248	0.59882	0.436449	0.799324	0.852253	0.481556	0.144629	0.803988	0.351347							0.82052								0.304106	0.168021	0.820854		0.505127		
stages_bg_stages_morphtok_min5_BGMTI1_BGMTI2_BGMTI3_BGMTI4_BGMTI5__ps-0p01__bias-0p1__cb-0p1__nbm-lhs-parsed__nbe-0p05__nbmin-0p1__lex-from-prev__ls-0p1	MMM1and2	05	0.01	0.1	0.05	0.060899	0.050888	0.589931	0.22528	0.671148	0.554552	0.087849	0.665155	0.370412	0.590291	0.558879	0.526072	0.172037	0.691507	0.001562	0.866939	0.004539	0.000351	0.015122	0.460515	0.39031	0.031978	0.056756	0.284821	0.088259	0.793671	0.179009	0.512156	0.205171	
stages_bg_stages_morphtok_min5_BGMTI1_BGMTI2_BGMTI3_BGMTI4_BGMTI5__ps-0p05__bias-0p1__cb-0p1__nbm-lhs-parsed__nbe-0p001__nbmin-0p1__lex-from-prev__ls-0p01	MMM1and2	01	0.05	0.01	0.001	0.398248	0.59882	0.629217	0.799324		0.988454	0.751493									0.796663														
stages_bg_stages_morphtok_min5_BGMTI1_BGMTI2_BGMTI3_BGMTI4_BGMTI5__ps-0p05__bias-0p1__cb-0p1__nbm-lhs-parsed__nbe-0p001__nbmin-0p1__lex-from-prev__ls-0p01	MMM1and2	02	0.05	0.01	0.001	0.398248	0.59882	0.629217	0.799324	0.884642	0.688253	0.544428	0.896627	0.269291							0.784872														
stages_bg_stages_morphtok_min5_BGMTI1_BGMTI2_BGMTI3_BGMTI4_BGMTI5__ps-0p05__bias-0p1__cb-0p1__nbm-lhs-parsed__nbe-0p001__nbmin-0p1__lex-from-prev__ls-0p01	MMM1and2	03	0.05	0.01	0.001	0.398248	0.59882	0.629217	0.799324	0.872327	0.61912	0.53772	0.862715	0.308225							0.779063								0.882975	0.168021	0.838392		0.499621		
stages_bg_stages_morphtok_min5_BGMTI1_BGMTI2_BGMTI3_BGMTI4_BGMTI5__ps-0p05__bias-0p1__cb-0p1__nbm-lhs-parsed__nbe-0p001__nbmin-0p1__lex-from-prev__ls-0p01	MMM1and2	04	0.05	0.01	0.001	0.398248	0.59882	0.416349	0.799324	0.868969	0.512249	0.125403	0.779292	0.364619							0.796837								0.903534	0.168021	0.840632		0.497221		
stages_bg_stages_morphtok_min5_BGMTI1_BGMTI2_BGMTI3_BGMTI4_BGMTI5__ps-0p05__bias-0p1__cb-0p1__nbm-lhs-parsed__nbe-0p001__nbmin-0p1__lex-from-prev__ls-0p01	MMM1and2	05	0.05	0.01	0.001	0.069753	0.052689	0.588247	0.19375	0.688666	0.575174	0.068016	0.6329	0.394113	0.592	0.612498	0.512192	0.170307	0.711862	0.000665	0.819345	0.004556	0.000498	0.016305	0.483692	0.38856	0.145088	0.061064	0.905845	0.16484	0.800849	0.174959	0.465987	0.221843	
stages_bg_stages_morphtok_min5_BGMTI1_BGMTI2_BGMTI3_BGMTI4_BGMTI5__ps-0p05__bias-0p1__cb-0p1__nbm-lhs-parsed__nbe-0p001__nbmin-0p1__lex-from-prev__ls-0p1	MMM1and2	01	0.05	0.1	0.001	0.398248	0.59882	0.629217	0.799324		0.988454	0.751493									0.796663														
stages_bg_stages_morphtok_min5_BGMTI1_BGMTI2_BGMTI3_BGMTI4_BGMTI5__ps-0p05__bias-0p1__cb-0p1__nbm-lhs-parsed__nbe-0p001__nbmin-0p1__lex-from-prev__ls-0p1	MMM1and2	02	0.05	0.1	0.001	0.398248	0.59882	0.629217	0.799324	0.885686	0.688279	0.544574	0.897127	0.268809							0.784329														
stages_bg_stages_morphtok_min5_BGMTI1_BGMTI2_BGMTI3_BGMTI4_BGMTI5__ps-0p05__bias-0p1__cb-0p1__nbm-lhs-parsed__nbe-0p001__nbmin-0p1__lex-from-prev__ls-0p1	MMM1and2	03	0.05	0.1	0.001	0.398248	0.59882	0.629217	0.799324	0.870625	0.609612	0.537932	0.863916	0.292518							0.778419								0.571414	0.168021	0.850928		0.529843		
stages_bg_stages_morphtok_min5_BGMTI1_BGMTI2_BGMTI3_BGMTI4_BGMTI5__ps-0p05__bias-0p1__cb-0p1__nbm-lhs-parsed__nbe-0p001__nbmin-0p1__lex-from-prev__ls-0p1	MMM1and2	04	0.05	0.1	0.001	0.398248	0.59882	0.407068	0.799324	0.866338	0.50638	0.120687	0.803068	0.339989							0.799066								0.463457	0.168021	0.850984		0.524664		
stages_bg_stages_morphtok_min5_BGMTI1_BGMTI2_BGMTI3_BGMTI4_BGMTI5__ps-0p05__bias-0p1__cb-0p1__nbm-lhs-parsed__nbe-0p001__nbmin-0p1__lex-from-prev__ls-0p1	MMM1and2	05	0.05	0.1	0.001	0.060986	0.050971	0.565981	0.229041	0.678594	0.569381	0.057496	0.649581	0.370278	0.598872	0.585556	0.521499	0.176306	0.715854	0.001946	0.851641	0.004083	0.000687	0.015489	0.454691	0.398815	0.147166	0.061026	0.303126	0.16484	0.801527	0.17144	0.481999	0.237334	
stages_bg_stages_morphtok_min5_BGMTI1_BGMTI2_BGMTI3_BGMTI4_BGMTI5__ps-0p05__bias-0p1__cb-0p1__nbm-lhs-parsed__nbe-0p005__nbmin-0p1__lex-from-prev__ls-0p01	MMM1and2	01	0.05	0.01	0.005	0.398248	0.59882	0.629217	0.799324		0.988454	0.751493									0.796663														
stages_bg_stages_morphtok_min5_BGMTI1_BGMTI2_BGMTI3_BGMTI4_BGMTI5__ps-0p05__bias-0p1__cb-0p1__nbm-lhs-parsed__nbe-0p005__nbmin-0p1__lex-from-prev__ls-0p01	MMM1and2	02	0.05	0.01	0.005	0.398248	0.59882	0.629217	0.799324	0.884641	0.688253	0.544428	0.896632	0.269281							0.78486														
stages_bg_stages_morphtok_min5_BGMTI1_BGMTI2_BGMTI3_BGMTI4_BGMTI5__ps-0p05__bias-0p1__cb-0p1__nbm-lhs-parsed__nbe-0p005__nbmin-0p1__lex-from-prev__ls-0p01	MMM1and2	03	0.05	0.01	0.005	0.398248	0.59882	0.629217	0.799324	0.872487	0.618192	0.537718	0.863031	0.308263							0.776325								0.878537	0.168021	0.836618		0.505785		
stages_bg_stages_morphtok_min5_BGMTI1_BGMTI2_BGMTI3_BGMTI4_BGMTI5__ps-0p05__bias-0p1__cb-0p1__nbm-lhs-parsed__nbe-0p005__nbmin-0p1__lex-from-prev__ls-0p01	MMM1and2	04	0.05	0.01	0.005	0.398248	0.59882	0.416215	0.799324	0.869185	0.512196	0.125278	0.779883	0.364825							0.795758								0.900384	0.168021	0.839436		0.502966		
stages_bg_stages_morphtok_min5_BGMTI1_BGMTI2_BGMTI3_BGMTI4_BGMTI5__ps-0p05__bias-0p1__cb-0p1__nbm-lhs-parsed__nbe-0p005__nbmin-0p1__lex-from-prev__ls-0p01	MMM1and2	05	0.05	0.01	0.005	0.069488	0.052698	0.588289	0.193472	0.688613	0.57535	0.068108	0.633212	0.395137	0.591929	0.613846	0.512087	0.167062	0.711996	0.000759	0.816812	0.004607	0.000457	0.016137	0.483469	0.387446	0.050723	0.058354	0.901211	0.15253	0.800319	0.177206	0.46781	0.21869	
stages_bg_stages_morphtok_min5_BGMTI1_BGMTI2_BGMTI3_BGMTI4_BGMTI5__ps-0p05__bias-0p1__cb-0p1__nbm-lhs-parsed__nbe-0p005__nbmin-0p1__lex-from-prev__ls-0p1	MMM1and2	01	0.05	0.1	0.005	0.398248	0.59882	0.629217	0.799324		0.988454	0.751493									0.796663														
stages_bg_stages_morphtok_min5_BGMTI1_BGMTI2_BGMTI3_BGMTI4_BGMTI5__ps-0p05__bias-0p1__cb-0p1__nbm-lhs-parsed__nbe-0p005__nbmin-0p1__lex-from-prev__ls-0p1	MMM1and2	02	0.05	0.1	0.005	0.398248	0.59882	0.629217	0.799324	0.885684	0.688278	0.544574	0.897131	0.268798							0.784317														
stages_bg_stages_morphtok_min5_BGMTI1_BGMTI2_BGMTI3_BGMTI4_BGMTI5__ps-0p05__bias-0p1__cb-0p1__nbm-lhs-parsed__nbe-0p005__nbmin-0p1__lex-from-prev__ls-0p1	MMM1and2	03	0.05	0.1	0.005	0.398248	0.59882	0.629217	0.799324	0.870755	0.608739	0.537933	0.864144	0.292706							0.776192								0.567396	0.168021	0.849152		0.533342		
stages_bg_stages_morphtok_min5_BGMTI1_BGMTI2_BGMTI3_BGMTI4_BGMTI5__ps-0p05__bias-0p1__cb-0p1__nbm-lhs-parsed__nbe-0p005__nbmin-0p1__lex-from-prev__ls-0p1	MMM1and2	04	0.05	0.1	0.005	0.398248	0.59882	0.40651	0.799324	0.866215	0.506237	0.12045	0.803329	0.340212							0.798339								0.460338	0.168021	0.849844		0.52779		
stages_bg_stages_morphtok_min5_BGMTI1_BGMTI2_BGMTI3_BGMTI4_BGMTI5__ps-0p05__bias-0p1__cb-0p1__nbm-lhs-parsed__nbe-0p005__nbmin-0p1__lex-from-prev__ls-0p1	MMM1and2	05	0.05	0.1	0.005	0.06073	0.05097	0.565889	0.228707	0.678589	0.569298	0.057505	0.649771	0.370902	0.598869	0.586879	0.521498	0.172898	0.715843	0.002114	0.850161	0.00413	0.000637	0.01531	0.454318	0.397875	0.070384	0.058127	0.300589	0.15253	0.800973	0.174002	0.482332	0.233897	
stages_bg_stages_morphtok_min5_BGMTI1_BGMTI2_BGMTI3_BGMTI4_BGMTI5__ps-0p05__bias-0p1__cb-0p1__nbm-lhs-parsed__nbe-0p01__nbmin-0p1__lex-from-prev__ls-0p01	MMM1and2	01	0.05	0.01	0.01	0.398248	0.59882	0.629217	0.799324		0.988454	0.751493									0.796663														
stages_bg_stages_morphtok_min5_BGMTI1_BGMTI2_BGMTI3_BGMTI4_BGMTI5__ps-0p05__bias-0p1__cb-0p1__nbm-lhs-parsed__nbe-0p01__nbmin-0p1__lex-from-prev__ls-0p01	MMM1and2	02	0.05	0.01	0.01	0.398248	0.59882	0.629217	0.799324	0.884633	0.688251	0.544427	0.896649	0.269253							0.784813														
stages_bg_stages_morphtok_min5_BGMTI1_BGMTI2_BGMTI3_BGMTI4_BGMTI5__ps-0p05__bias-0p1__cb-0p1__nbm-lhs-parsed__nbe-0p01__nbmin-0p1__lex-from-prev__ls-0p01	MMM1and2	03	0.05	0.01	0.01	0.398248	0.59882	0.629217	0.799324	0.872817	0.616912	0.537714	0.862626	0.308639							0.774205								0.873164	0.168021	0.831057		0.512509		
stages_bg_stages_morphtok_min5_BGMTI1_BGMTI2_BGMTI3_BGMTI4_BGMTI5__ps-0p05__bias-0p1__cb-0p1__nbm-lhs-parsed__nbe-0p01__nbmin-0p1__lex-from-prev__ls-0p01	MMM1and2	04	0.05	0.01	0.01	0.398248	0.59882	0.416146	0.799324	0.869533	0.511889	0.125158	0.780397	0.365612							0.79478								0.896687	0.168021	0.835323		0.509274		
stages_bg_stages_morphtok_min5_BGMTI1_BGMTI2_BGMTI3_BGMTI4_BGMTI5__ps-0p05__bias-0p1__cb-0p1__nbm-lhs-parsed__nbe-0p01__nbmin-0p1__lex-from-prev__ls-0p01	MMM1and2	05	0.05	0.01	0.01	0.069211	0.05271	0.588327	0.193174	0.688619	0.574911	0.068201	0.633705	0.396086	0.591877	0.614872	0.512135	0.163258	0.711135	0.000879	0.814421	0.004654	0.00041	0.015962	0.481531	0.385379	0.023458	0.055806	0.895709	0.140982	0.795524	0.179715	0.469405	0.214881	
stages_bg_stages_morphtok_min5_BGMTI1_BGMTI2_BGMTI3_BGMTI4_BGMTI5__ps-0p05__bias-0p1__cb-0p1__nbm-lhs-parsed__nbe-0p01__nbmin-0p1__lex-from-prev__ls-0p1	MMM1and2	01	0.05	0.1	0.01	0.398248	0.59882	0.629217	0.799324		0.988454	0.751493									0.796663														
stages_bg_stages_morphtok_min5_BGMTI1_BGMTI2_BGMTI3_BGMTI4_BGMTI5__ps-0p05__bias-0p1__cb-0p1__nbm-lhs-parsed__nbe-0p01__nbmin-0p1__lex-from-prev__ls-0p1	MMM1and2	02	0.05	0.1	0.01	0.398248	0.59882	0.629217	0.799324	0.885677	0.688276	0.544574	0.897149	0.268769							0.784269														
stages_bg_stages_morphtok_min5_BGMTI1_BGMTI2_BGMTI3_BGMTI4_BGMTI5__ps-0p05__bias-0p1__cb-0p1__nbm-lhs-parsed__nbe-0p01__nbmin-0p1__lex-from-prev__ls-0p1	MMM1and2	03	0.05	0.1	0.01	0.398248	0.59882	0.629217	0.799324	0.870857	0.607603	0.537932	0.863824	0.293148							0.774354								0.564825	0.168021	0.843742		0.536629		
stages_bg_stages_morphtok_min5_BGMTI1_BGMTI2_BGMTI3_BGMTI4_BGMTI5__ps-0p05__bias-0p1__cb-0p1__nbm-lhs-parsed__nbe-0p01__nbmin-0p1__lex-from-prev__ls-0p1	MMM1and2	04	0.05	0.1	0.01	0.398248	0.59882	0.405949	0.799324	0.866276	0.505872	0.1202	0.8034	0.340784							0.797545								0.458943	0.168021	0.846206		0.53064		
stages_bg_stages_morphtok_min5_BGMTI1_BGMTI2_BGMTI3_BGMTI4_BGMTI5__ps-0p05__bias-0p1__cb-0p1__nbm-lhs-parsed__nbe-0p01__nbmin-0p1__lex-from-prev__ls-0p1	MMM1and2	05	0.05	0.1	0.01	0.060458	0.050881	0.565797	0.228339	0.678684	0.568694	0.057522	0.650196	0.371374	0.598891	0.588014	0.521732	0.168893	0.714566	0.00232	0.848208	0.004183	0.000581	0.01513	0.452108	0.395831	0.036223	0.055404	0.299877	0.140982	0.79705	0.176971	0.482246	0.229468	
stages_bg_stages_morphtok_min5_BGMTI1_BGMTI2_BGMTI3_BGMTI4_BGMTI5__ps-0p05__bias-0p1__cb-0p1__nbm-lhs-parsed__nbe-0p05__nbmin-0p1__lex-from-prev__ls-0p01	MMM1and2	01	0.05	0.01	0.05	0.398248	0.59882	0.629217	0.799324		0.988454	0.751493									0.796663														
stages_bg_stages_morphtok_min5_BGMTI1_BGMTI2_BGMTI3_BGMTI4_BGMTI5__ps-0p05__bias-0p1__cb-0p1__nbm-lhs-parsed__nbe-0p05__nbmin-0p1__lex-from-prev__ls-0p01	MMM1and2	02	0.05	0.01	0.05	0.398248	0.59882	0.629217	0.799324	0.884512	0.6882	0.544425	0.896411	0.268882							0.784568														
stages_bg_stages_morphtok_min5_BGMTI1_BGMTI2_BGMTI3_BGMTI4_BGMTI5__ps-0p05__bias-0p1__cb-0p1__nbm-lhs-parsed__nbe-0p05__nbmin-0p1__lex-from-prev__ls-0p01	MMM1and2	03	0.05	0.01	0.05	0.398248	0.59882	0.629217	0.799324	0.873533	0.610188	0.537692	0.858438	0.314044							0.766643								0.839193	0.168021	0.80031		0.543386		
stages_bg_stages_morphtok_min5_BGMTI1_BGMTI2_BGMTI3_BGMTI4_BGMTI5__ps-0p05__bias-0p1__cb-0p1__nbm-lhs-parsed__nbe-0p05__nbmin-0p1__lex-from-prev__ls-0p01	MMM1and2	04	0.05	0.01	0.05	0.398248	0.59882	0.415395	0.799324	0.871253	0.511036	0.124212	0.782818	0.372272							0.791251								0.8737	0.168021	0.813305		0.537659		
stages_bg_stages_morphtok_min5_BGMTI1_BGMTI2_BGMTI3_BGMTI4_BGMTI5__ps-0p05__bias-0p1__cb-0p1__nbm-lhs-parsed__nbe-0p05__nbmin-0p1__lex-from-prev__ls-0p01	MMM1and2	05	0.05	0.01	0.05	0.067999	0.052742	0.588477	0.189978	0.688715	0.573091	0.06867	0.635931	0.401344	0.585765	0.616541	0.510075	0.138937	0.693555	0.001912	0.80278	0.005065	0.000186	0.015163	0.46121	0.375208	0.012088	0.043381	0.864465	0.086981	0.771459	0.194458	0.474611	0.193715	
stages_bg_stages_morphtok_min5_BGMTI1_BGMTI2_BGMTI3_BGMTI4_BGMTI5__ps-0p05__bias-0p1__cb-0p1__nbm-lhs-parsed__nbe-0p05__nbmin-0p1__lex-from-prev__ls-0p1	MMM1and2	01	0.05	0.1	0.05	0.398248	0.59882	0.629217	0.799324		0.988454	0.751493									0.796663														
stages_bg_stages_morphtok_min5_BGMTI1_BGMTI2_BGMTI3_BGMTI4_BGMTI5__ps-0p05__bias-0p1__cb-0p1__nbm-lhs-parsed__nbe-0p05__nbmin-0p1__lex-from-prev__ls-0p1	MMM1and2	02	0.05	0.1	0.05	0.398248	0.59882	0.629217	0.799324	0.885557	0.688223	0.544573	0.896989	0.268407							0.78401														
stages_bg_stages_morphtok_min5_BGMTI1_BGMTI2_BGMTI3_BGMTI4_BGMTI5__ps-0p05__bias-0p1__cb-0p1__nbm-lhs-parsed__nbe-0p05__nbmin-0p1__lex-from-prev__ls-0p1	MMM1and2	03	0.05	0.1	0.05	0.398248	0.59882	0.629217	0.799324	0.87111	0.600532	0.537932	0.859631	0.298552							0.766566								0.551487	0.168021	0.813286		0.554196		
stages_bg_stages_morphtok_min5_BGMTI1_BGMTI2_BGMTI3_BGMTI4_BGMTI5__ps-0p05__bias-0p1__cb-0p1__nbm-lhs-parsed__nbe-0p05__nbmin-0p1__lex-from-prev__ls-0p1	MMM1and2	04	0.05	0.1	0.05	0.398248	0.59882	0.402071	0.799324	0.866543	0.504498	0.118466	0.803503	0.345974							0.793734								0.455096	0.168021	0.826058		0.545233		
stages_bg_stages_morphtok_min5_BGMTI1_BGMTI2_BGMTI3_BGMTI4_BGMTI5__ps-0p05__bias-0p1__cb-0p1__nbm-lhs-parsed__nbe-0p05__nbmin-0p1__lex-from-prev__ls-0p1	MMM1and2	05	0.05	0.1	0.05	0.059261	0.050676	0.565087	0.225374	0.679282	0.566085	0.057641	0.651683	0.375306	0.5926	0.592663	0.519719	0.143781	0.694922	0.00396	0.838023	0.004574	0.000302	0.014294	0.429593	0.38582	0.011738	0.042179	0.304326	0.086978	0.773754	0.19418	0.481815	0.204452	
stages_bg_stages_morphtok_min5_BGMTMMM1_BGMTMMM2_BGMTMMM3_BGMTMMM4_BGMTMMM5__ps-0p005__bias-0p1__cb-0p1__nbm-lhs-parsed__nbe-0p001__nbmin-0p1__lex-from-prev__ls-0p01	MMM1and2	01	0.005	0.01	0.001	0.398248	0.59882	0.629217	0.799324	0.903635	0.666583	0.573047	0.925942	0.290726																					
stages_bg_stages_morphtok_min5_BGMTMMM1_BGMTMMM2_BGMTMMM3_BGMTMMM4_BGMTMMM5__ps-0p005__bias-0p1__cb-0p1__nbm-lhs-parsed__nbe-0p001__nbmin-0p1__lex-from-prev__ls-0p01	MMM1and2	02	0.005	0.01	0.001	0.398248	0.59882	0.629217	0.229295	0.831653	0.658007	0.536097	0.8809	0.200124				0.558986	0.731522	0.03866	0.806944			0.051776			0.238313	0.001255							
stages_bg_stages_morphtok_min5_BGMTMMM1_BGMTMMM2_BGMTMMM3_BGMTMMM4_BGMTMMM5__ps-0p005__bias-0p1__cb-0p1__nbm-lhs-parsed__nbe-0p001__nbmin-0p1__lex-from-prev__ls-0p01	MMM1and2	03	0.005	0.01	0.001	0.102852	0.068463	0.61772	0.155312	0.696173	0.70455	0.122433	0.693417	0.397229	0.63587	0.555479	0.526471	0.249033	0.716291	0.001368	0.771819	0.004959	0.000433	0.014784	0.556065	0.407808	0.238045	0.057098							
stages_bg_stages_morphtok_min5_BGMTMMM1_BGMTMMM2_BGMTMMM3_BGMTMMM4_BGMTMMM5__ps-0p005__bias-0p1__cb-0p1__nbm-lhs-parsed__nbe-0p001__nbmin-0p1__lex-from-prev__ls-0p01	MMM1and2	04	0.005	0.01	0.001	0.080691	0.055439	0.602562	0.151218	0.658053	0.565781	0.083653	0.664364	0.379383	0.595767	0.522762	0.515834	0.247877	0.718009	2.9e-05	0.765399	0.004758	3.3e-05	0.016003	0.517362	0.41146	0.238888	0.061211		0.0074	0.81	0.0338		0.041665	
stages_bg_stages_morphtok_min5_BGMTMMM1_BGMTMMM2_BGMTMMM3_BGMTMMM4_BGMTMMM5__ps-0p005__bias-0p1__cb-0p1__nbm-lhs-parsed__nbe-0p001__nbmin-0p1__lex-from-prev__ls-0p01	MMM1and2	05	0.005	0.01	0.001	0.069398	0.050925	0.600098	0.149658	0.670596	0.566264	0.081882	0.674951	0.391011	0.601815	0.559931	0.517345	0.249947	0.715704	2e-06	0.760735	0.004202	5.7e-05	0.01604	0.52083	0.42718	0.239624	0.061466	0.593184	0.007392	0.789692	0.013151	0.533439	0.023983	
stages_bg_stages_morphtok_min5_BGMTMMM1_BGMTMMM2_BGMTMMM3_BGMTMMM4_BGMTMMM5__ps-0p005__bias-0p1__cb-0p1__nbm-lhs-parsed__nbe-0p005__nbmin-0p1__lex-from-prev__ls-0p01	MMM1and2	01	0.005	0.01	0.005	0.398248	0.59882	0.629217	0.799324	0.903635	0.666583	0.573047	0.925942	0.290726																					
stages_bg_stages_morphtok_min5_BGMTMMM1_BGMTMMM2_BGMTMMM3_BGMTMMM4_BGMTMMM5__ps-0p005__bias-0p1__cb-0p1__nbm-lhs-parsed__nbe-0p005__nbmin-0p1__lex-from-prev__ls-0p01	MMM1and2	02	0.005	0.01	0.005	0.398248	0.59882	0.629217	0.229291	0.831654	0.658007	0.536097	0.8809	0.200127				0.554771	0.731523	0.038677	0.806943			0.051772			0.229424	0.00124							
stages_bg_stages_morphtok_min5_BGMTMMM1_BGMTMMM2_BGMTMMM3_BGMTMMM4_BGMTMMM5__ps-0p005__bias-0p1__cb-0p1__nbm-lhs-parsed__nbe-0p005__nbmin-0p1__lex-from-prev__ls-0p01	MMM1and2	03	0.005	0.01	0.005	0.102851	0.068463	0.617698	0.155275	0.696176	0.704565	0.122354	0.693414	0.397216	0.635864	0.555481	0.526461	0.24864	0.716292	0.001376	0.771819	0.004962	0.000434	0.014787	0.556077	0.407808	0.229186	0.057091							
stages_bg_stages_morphtok_min5_BGMTMMM1_BGMTMMM2_BGMTMMM3_BGMTMMM4_BGMTMMM5__ps-0p005__bias-0p1__cb-0p1__nbm-lhs-parsed__nbe-0p005__nbmin-0p1__lex-from-prev__ls-0p01	MMM1and2	04	0.005	0.01	0.005	0.080547	0.055438	0.602569	0.151238	0.658045	0.565715	0.083671	0.664366	0.379339	0.595804	0.522743	0.515864	0.247552	0.717904	3e-05	0.763868	0.004757	3.2e-05	0.016003	0.517104	0.411235	0.22998	0.06121		0.013147	0.809976	0.034244		0.042185	
stages_bg_stages_morphtok_min5_BGMTMMM1_BGMTMMM2_BGMTMMM3_BGMTMMM4_BGMTMMM5__ps-0p005__bias-0p1__cb-0p1__nbm-lhs-parsed__nbe-0p005__nbmin-0p1__lex-from-prev__ls-0p01	MMM1and2	05	0.005	0.01	0.005	0.069338	0.050925	0.600097	0.149766	0.670603	0.566276	0.081895	0.674964	0.391133	0.601531	0.560066	0.517212	0.249703	0.714729	2e-06	0.760233	0.004196	5.5e-05	0.016043	0.519582	0.427173	0.230674	0.061466	0.592951	0.013104	0.789519	0.013374	0.533266	0.024366	
stages_bg_stages_morphtok_min5_BGMTMMM1_BGMTMMM2_BGMTMMM3_BGMTMMM4_BGMTMMM5__ps-0p005__bias-0p1__cb-0p1__nbm-lhs-parsed__nbe-0p01__nbmin-0p1__lex-from-prev__ls-0p01	MMM1and2	01	0.005	0.01	0.01	0.398248	0.59882	0.629217	0.799324	0.903635	0.666583	0.573047	0.925942	0.290726																					
stages_bg_stages_morphtok_min5_BGMTMMM1_BGMTMMM2_BGMTMMM3_BGMTMMM4_BGMTMMM5__ps-0p005__bias-0p1__cb-0p1__nbm-lhs-parsed__nbe-0p01__nbmin-0p1__lex-from-prev__ls-0p01	MMM1and2	02	0.005	0.01	0.01	0.398248	0.59882	0.629217	0.229165	0.831654	0.658015	0.536098	0.880905	0.200171				0.545294	0.731532	0.038725	0.806961			0.05171			0.210031	0.001203							
stages_bg_stages_morphtok_min5_BGMTMMM1_BGMTMMM2_BGMTMMM3_BGMTMMM4_BGMTMMM5__ps-0p005__bias-0p1__cb-0p1__nbm-lhs-parsed__nbe-0p01__nbmin-0p1__lex-from-prev__ls-0p01	MMM1and2	03	0.005	0.01	0.01	0.10285	0.068463	0.617671	0.155224	0.69618	0.704585	0.122253	0.693413	0.3972	0.63585	0.555485	0.526449	0.247672	0.716293	0.001396	0.771789	0.004967	0.000436	0.01479	0.556091	0.407808	0.209855	0.057074							
stages_bg_stages_morphtok_min5_BGMTMMM1_BGMTMMM2_BGMTMMM3_BGMTMMM4_BGMTMMM5__ps-0p005__bias-0p1__cb-0p1__nbm-lhs-parsed__nbe-0p01__nbmin-0p1__lex-from-prev__ls-0p01	MMM1and2	04	0.005	0.01	0.01	0.080379	0.055437	0.602575	0.15129	0.658041	0.565627	0.083695	0.664365	0.379298	0.595893	0.522642	0.515998	0.246763	0.717222	3.3e-05	0.762545	0.004757	3.1e-05	0.016003	0.516209	0.410939	0.210549	0.061207		0.017575	0.809949	0.034797		0.042831	
stages_bg_stages_morphtok_min5_BGMTMMM1_BGMTMMM2_BGMTMMM3_BGMTMMM4_BGMTMMM5__ps-0p005__bias-0p1__cb-0p1__nbm-lhs-parsed__nbe-0p01__nbmin-0p1__lex-from-prev__ls-0p01	MMM1and2	05	0.005	0.01	0.01	0.06927	0.050922	0.600098	0.149911	0.670675	0.566309	0.081908	0.674964	0.391313	0.601034	0.560254	0.517153	0.249096	0.713432	2e-06	0.759773	0.00419	5.4e-05	0.016046	0.518275	0.42717	0.211154	0.061466	0.592567	0.017508	0.788967	0.013652	0.53258	0.02484	
stages_bg_stages_morphtok_min5_BGMTMMM1_BGMTMMM2_BGMTMMM3_BGMTMMM4_BGMTMMM5__ps-0p01__bias-0p1__cb-0p1__nbm-lhs-parsed__nbe-0p001__nbmin-0p1__lex-from-prev__ls-0p001	MMM1and2	01	0.01	0.001	0.001	0.398248	0.59882	0.629217	0.799324	0.903635	0.666583	0.573047	0.925942	0.290726																					
stages_bg_stages_morphtok_min5_BGMTMMM1_BGMTMMM2_BGMTMMM3_BGMTMMM4_BGMTMMM5__ps-0p01__bias-0p1__cb-0p1__nbm-lhs-parsed__nbe-0p001__nbmin-0p1__lex-from-prev__ls-0p001	MMM1and2	02	0.01	0.001	0.001	0.398248	0.59882	0.629217	0.229215	0.831255	0.658043	0.536756	0.882391	0.207205				0.556748	0.730478	0.039525	0.807178			0.04562			0.257187	4e-05							
stages_bg_stages_morphtok_min5_BGMTMMM1_BGMTMMM2_BGMTMMM3_BGMTMMM4_BGMTMMM5__ps-0p01__bias-0p1__cb-0p1__nbm-lhs-parsed__nbe-0p001__nbmin-0p1__lex-from-prev__ls-0p001	MMM1and2	03	0.01	0.001	0.001	0.103459	0.070621	0.617853	0.155055	0.696592	0.703582	0.121613	0.690438	0.396035	0.634466	0.557488	0.524381	0.32512	0.713581	0.000727	0.774508	0.004826	0.000374	0.014012	0.554848	0.405378	0.258775	0.052648							
stages_bg_stages_morphtok_min5_BGMTMMM1_BGMTMMM2_BGMTMMM3_BGMTMMM4_BGMTMMM5__ps-0p01__bias-0p1__cb-0p1__nbm-lhs-parsed__nbe-0p001__nbmin-0p1__lex-from-prev__ls-0p001	MMM1and2	04	0.01	0.001	0.001	0.078529	0.055743	0.597762	0.144108	0.659651	0.571298	0.071651	0.66129	0.378612	0.603984	0.524008	0.511284	0.322752	0.721507	5.2e-05	0.766815	0.005094	0.0	0.016511	0.524386	0.418717	0.259253	0.059562		0.009933	0.812097	0.032486		0.039165	
stages_bg_stages_morphtok_min5_BGMTMMM1_BGMTMMM2_BGMTMMM3_BGMTMMM4_BGMTMMM5__ps-0p01__bias-0p1__cb-0p1__nbm-lhs-parsed__nbe-0p001__nbmin-0p1__lex-from-prev__ls-0p001	MMM1and2	05	0.01	0.001	0.001	0.070396	0.052936	0.592614	0.138924	0.670456	0.568566	0.069679	0.671339	0.384233	0.615037	0.56039	0.517071	0.325248	0.723465	0.000282	0.764437	0.004457	4.5e-05	0.017122	0.531912	0.434862	0.259673	0.06129	0.606471	0.009921	0.795418	0.016953	0.527365	0.028881	
stages_bg_stages_morphtok_min5_BGMTMMM1_BGMTMMM2_BGMTMMM3_BGMTMMM4_BGMTMMM5__ps-0p01__bias-0p1__cb-0p1__nbm-lhs-parsed__nbe-0p001__nbmin-0p1__lex-from-prev__ls-0p01	MMM1and2	01	0.01	0.01	0.001	0.398248	0.59882	0.629217	0.799324	0.903635	0.666583	0.573047	0.925942	0.290726																					
stages_bg_stages_morphtok_min5_BGMTMMM1_BGMTMMM2_BGMTMMM3_BGMTMMM4_BGMTMMM5__ps-0p01__bias-0p1__cb-0p1__nbm-lhs-parsed__nbe-0p001__nbmin-0p1__lex-from-prev__ls-0p01	MMM1and2	02	0.01	0.01	0.001	0.398248	0.59882	0.629217	0.235365	0.832294	0.657	0.53608	0.88288	0.201614				0.559155	0.731684	0.038583	0.809855			0.053221			0.248517	0.000245							
stages_bg_stages_morphtok_min5_BGMTMMM1_BGMTMMM2_BGMTMMM3_BGMTMMM4_BGMTMMM5__ps-0p01__bias-0p1__cb-0p1__nbm-lhs-parsed__nbe-0p001__nbmin-0p1__lex-from-prev__ls-0p01	MMM1and2	03	0.01	0.01	0.001	0.102848	0.068398	0.61725	0.157046	0.696811	0.704333	0.120355	0.691567	0.394531	0.635219	0.557054	0.525823	0.324216	0.713736	0.00063	0.77633	0.004933	0.000414	0.014259	0.55565	0.408208	0.250077	0.05298							
stages_bg_stages_morphtok_min5_BGMTMMM1_BGMTMMM2_BGMTMMM3_BGMTMMM4_BGMTMMM5__ps-0p01__bias-0p1__cb-0p1__nbm-lhs-parsed__nbe-0p001__nbmin-0p1__lex-from-prev__ls-0p01	MMM1and2	04	0.01	0.01	0.001	0.080465	0.055186	0.598545	0.14315	0.658894	0.571027	0.075455	0.663462	0.377676	0.606368	0.523124	0.511698	0.322967	0.722151	9e-06	0.769955	0.004972	3e-06	0.016006	0.525936	0.41942	0.250528	0.059811		0.009497	0.81101	0.033215		0.040055	
stages_bg_stages_morphtok_min5_BGMTMMM1_BGMTMMM2_BGMTMMM3_BGMTMMM4_BGMTMMM5__ps-0p01__bias-0p1__cb-0p1__nbm-lhs-parsed__nbe-0p001__nbmin-0p1__lex-from-prev__ls-0p01	MMM1and2	05	0.01	0.01	0.001	0.068976	0.050501	0.593971	0.137054	0.669343	0.568053	0.071256	0.673211	0.382716	0.616601	0.56126	0.518438	0.325514	0.723994	0.000134	0.766677	0.004356	1e-06	0.016553	0.532921	0.437787	0.250925	0.061345	0.605718	0.009487	0.795182	0.017582	0.526934	0.029736	
stages_bg_stages_morphtok_min5_BGMTMMM1_BGMTMMM2_BGMTMMM3_BGMTMMM4_BGMTMMM5__ps-0p01__bias-0p1__cb-0p1__nbm-lhs-parsed__nbe-0p001__nbmin-0p1__lex-from-prev__ls-0p1	MMM1and2	01	0.01	0.1	0.001	0.398248	0.59882	0.629217	0.799324	0.903635	0.666583	0.573047	0.925942	0.290726																					
stages_bg_stages_morphtok_min5_BGMTMMM1_BGMTMMM2_BGMTMMM3_BGMTMMM4_BGMTMMM5__ps-0p01__bias-0p1__cb-0p1__nbm-lhs-parsed__nbe-0p001__nbmin-0p1__lex-from-prev__ls-0p1	MMM1and2	02	0.01	0.1	0.001	0.398248	0.59882	0.629217	0.327205	0.839548	0.651245	0.536692	0.883929	0.203099				0.559561	0.746226	0.035864	0.822125			0.071317			0.227198	0.003114							
stages_bg_stages_morphtok_min5_BGMTMMM1_BGMTMMM2_BGMTMMM3_BGMTMMM4_BGMTMMM5__ps-0p01__bias-0p1__cb-0p1__nbm-lhs-parsed__nbe-0p001__nbmin-0p1__lex-from-prev__ls-0p1	MMM1and2	03	0.01	0.1	0.001	0.096373	0.062569	0.616429	0.169084	0.693692	0.705765	0.125057	0.696073	0.387982	0.63687	0.551532	0.531058	0.325222	0.721479	0.000954	0.786789	0.004694	0.000587	0.013927	0.555765	0.415116	0.228628	0.054147							
stages_bg_stages_morphtok_min5_BGMTMMM1_BGMTMMM2_BGMTMMM3_BGMTMMM4_BGMTMMM5__ps-0p01__bias-0p1__cb-0p1__nbm-lhs-parsed__nbe-0p001__nbmin-0p1__lex-from-prev__ls-0p1	MMM1and2	04	0.01	0.1	0.001	0.077825	0.049526	0.613385	0.144135	0.650306	0.563041	0.127662	0.677338	0.380038	0.630472	0.519532	0.518572	0.328362	0.731428	0.000822	0.779926	0.003987	7.2e-05	0.014036	0.528941	0.422352	0.22901	0.060337		0.008659	0.804518	0.037195		0.049949	
stages_bg_stages_morphtok_min5_BGMTMMM1_BGMTMMM2_BGMTMMM3_BGMTMMM4_BGMTMMM5__ps-0p01__bias-0p1__cb-0p1__nbm-lhs-parsed__nbe-0p001__nbmin-0p1__lex-from-prev__ls-0p1	MMM1and2	05	0.01	0.1	0.001	0.06783	0.045811	0.610083	0.134386	0.661657	0.557656	0.136053	0.684578	0.384223	0.632583	0.552754	0.528595	0.333751	0.736951	0.001226	0.77672	0.00344	8.4e-05	0.013789	0.529718	0.445673	0.229353	0.061432	0.626891	0.008669	0.790681	0.020794	0.527083	0.039226	
stages_bg_stages_morphtok_min5_BGMTMMM1_BGMTMMM2_BGMTMMM3_BGMTMMM4_BGMTMMM5__ps-0p01__bias-0p1__cb-0p1__nbm-lhs-parsed__nbe-0p005__nbmin-0p1__lex-from-prev__ls-0p001	MMM1and2	01	0.01	0.001	0.005	0.398248	0.59882	0.629217	0.799324	0.903635	0.666583	0.573047	0.925942	0.290726																					
stages_bg_stages_morphtok_min5_BGMTMMM1_BGMTMMM2_BGMTMMM3_BGMTMMM4_BGMTMMM5__ps-0p01__bias-0p1__cb-0p1__nbm-lhs-parsed__nbe-0p005__nbmin-0p1__lex-from-prev__ls-0p001	MMM1and2	02	0.01	0.001	0.005	0.398248	0.59882	0.629217	0.22911	0.831256	0.658052	0.536756	0.882395	0.207252				0.543254	0.730485	0.039592	0.807195			0.045577			0.228047	3e-05							
stages_bg_stages_morphtok_min5_BGMTMMM1_BGMTMMM2_BGMTMMM3_BGMTMMM4_BGMTMMM5__ps-0p01__bias-0p1__cb-0p1__nbm-lhs-parsed__nbe-0p005__nbmin-0p1__lex-from-prev__ls-0p001	MMM1and2	03	0.01	0.001	0.005	0.103456	0.07062	0.61781	0.154971	0.696598	0.703612	0.121461	0.690435	0.396011	0.634448	0.557495	0.524363	0.322111	0.713587	0.000758	0.774476	0.004835	0.000377	0.014017	0.554871	0.405378	0.229218	0.052602							
stages_bg_stages_morphtok_min5_BGMTMMM1_BGMTMMM2_BGMTMMM3_BGMTMMM4_BGMTMMM5__ps-0p01__bias-0p1__cb-0p1__nbm-lhs-parsed__nbe-0p005__nbmin-0p1__lex-from-prev__ls-0p001	MMM1and2	04	0.01	0.001	0.005	0.078246	0.055742	0.597771	0.144139	0.659644	0.571171	0.071676	0.661297	0.378551	0.604111	0.523908	0.511379	0.319841	0.720886	4.4e-05	0.764597	0.005095	0.0	0.016509	0.523409	0.418244	0.229609	0.059549		0.018144	0.812048	0.033446		0.04029	
stages_bg_stages_morphtok_min5_BGMTMMM1_BGMTMMM2_BGMTMMM3_BGMTMMM4_BGMTMMM5__ps-0p01__bias-0p1__cb-0p1__nbm-lhs-parsed__nbe-0p005__nbmin-0p1__lex-from-prev__ls-0p001	MMM1and2	05	0.01	0.001	0.005	0.070275	0.052934	0.592617	0.139138	0.670526	0.568604	0.069694	0.671345	0.384461	0.61409	0.560662	0.516927	0.322462	0.721611	0.000268	0.763573	0.004447	4.4e-05	0.017126	0.529284	0.434823	0.229954	0.061287	0.60568	0.018112	0.794675	0.017608	0.52631	0.029854	
stages_bg_stages_morphtok_min5_BGMTMMM1_BGMTMMM2_BGMTMMM3_BGMTMMM4_BGMTMMM5__ps-0p01__bias-0p1__cb-0p1__nbm-lhs-parsed__nbe-0p005__nbmin-0p1__lex-from-prev__ls-0p01	MMM1and2	01	0.01	0.01	0.005	0.398248	0.59882	0.629217	0.799324	0.903635	0.666583	0.573047	0.925942	0.290726																					
stages_bg_stages_morphtok_min5_BGMTMMM1_BGMTMMM2_BGMTMMM3_BGMTMMM4_BGMTMMM5__ps-0p01__bias-0p1__cb-0p1__nbm-lhs-parsed__nbe-0p005__nbmin-0p1__lex-from-prev__ls-0p01	MMM1and2	02	0.01	0.01	0.005	0.398248	0.59882	0.629217	0.235225	0.832295	0.657008	0.53608	0.882886	0.201656				0.545495	0.731694	0.038648	0.809872			0.053151			0.218891	0.00022							
stages_bg_stages_morphtok_min5_BGMTMMM1_BGMTMMM2_BGMTMMM3_BGMTMMM4_BGMTMMM5__ps-0p01__bias-0p1__cb-0p1__nbm-lhs-parsed__nbe-0p005__nbmin-0p1__lex-from-prev__ls-0p01	MMM1and2	03	0.01	0.01	0.005	0.102846	0.068398	0.617207	0.156963	0.696817	0.704363	0.120201	0.691564	0.394507	0.635201	0.557061	0.525804	0.321268	0.713741	0.000659	0.776299	0.004941	0.000417	0.014264	0.555673	0.408207	0.220044	0.052935							
stages_bg_stages_morphtok_min5_BGMTMMM1_BGMTMMM2_BGMTMMM3_BGMTMMM4_BGMTMMM5__ps-0p01__bias-0p1__cb-0p1__nbm-lhs-parsed__nbe-0p005__nbmin-0p1__lex-from-prev__ls-0p01	MMM1and2	04	0.01	0.01	0.005	0.080188	0.055184	0.598553	0.143185	0.658891	0.570898	0.075479	0.663467	0.377615	0.606497	0.523021	0.511825	0.320117	0.721467	6e-06	0.767558	0.004973	4e-06	0.016005	0.525047	0.41895	0.22041	0.059799		0.017461	0.810962	0.034174		0.041181	
stages_bg_stages_morphtok_min5_BGMTMMM1_BGMTMMM2_BGMTMMM3_BGMTMMM4_BGMTMMM5__ps-0p01__bias-0p1__cb-0p1__nbm-lhs-parsed__nbe-0p005__nbmin-0p1__lex-from-prev__ls-0p01	MMM1and2	05	0.01	0.01	0.005	0.068859	0.050494	0.593976	0.137244	0.669412	0.568088	0.07127	0.673218	0.382943	0.615658	0.561525	0.518302	0.322784	0.722135	0.000125	0.765682	0.004346	1e-06	0.016555	0.530412	0.437749	0.220733	0.061343	0.604851	0.017427	0.79444	0.018241	0.525898	0.030714	
stages_bg_stages_morphtok_min5_BGMTMMM1_BGMTMMM2_BGMTMMM3_BGMTMMM4_BGMTMMM5__ps-0p01__bias-0p1__cb-0p1__nbm-lhs-parsed__nbe-0p005__nbmin-0p1__lex-from-prev__ls-0p1	MMM1and2	01	0.01	0.1	0.005	0.398248	0.59882	0.629217	0.799324	0.903635	0.666583	0.573047	0.925942	0.290726																					
stages_bg_stages_morphtok_min5_BGMTMMM1_BGMTMMM2_BGMTMMM3_BGMTMMM4_BGMTMMM5__ps-0p01__bias-0p1__cb-0p1__nbm-lhs-parsed__nbe-0p005__nbmin-0p1__lex-from-prev__ls-0p1	MMM1and2	02	0.01	0.1	0.005	0.398248	0.59882	0.629217	0.327121	0.839564	0.651241	0.536695	0.883936	0.203122				0.54649	0.746242	0.03593	0.822138			0.07119			0.176964	0.003005							
stages_bg_stages_morphtok_min5_BGMTMMM1_BGMTMMM2_BGMTMMM3_BGMTMMM4_BGMTMMM5__ps-0p01__bias-0p1__cb-0p1__nbm-lhs-parsed__nbe-0p005__nbmin-0p1__lex-from-prev__ls-0p1	MMM1and2	03	0.01	0.1	0.005	0.09637	0.062569	0.616381	0.169005	0.693699	0.7058	0.124866	0.696069	0.387955	0.636852	0.551538	0.531037	0.322423	0.721483	0.000988	0.786725	0.004702	0.00059	0.013932	0.555789	0.415115	0.177807	0.054089							
stages_bg_stages_morphtok_min5_BGMTMMM1_BGMTMMM2_BGMTMMM3_BGMTMMM4_BGMTMMM5__ps-0p01__bias-0p1__cb-0p1__nbm-lhs-parsed__nbe-0p005__nbmin-0p1__lex-from-prev__ls-0p1	MMM1and2	04	0.01	0.1	0.005	0.07763	0.049523	0.613372	0.144046	0.650336	0.56294	0.127639	0.677332	0.379954	0.630567	0.519455	0.51863	0.32567	0.730727	0.000854	0.777655	0.00399	7.5e-05	0.01403	0.528061	0.421846	0.178062	0.060322		0.014881	0.804484	0.038184		0.05108	
stages_bg_stages_morphtok_min5_BGMTMMM1_BGMTMMM2_BGMTMMM3_BGMTMMM4_BGMTMMM5__ps-0p01__bias-0p1__cb-0p1__nbm-lhs-parsed__nbe-0p005__nbmin-0p1__lex-from-prev__ls-0p1	MMM1and2	05	0.01	0.1	0.005	0.067715	0.045806	0.610076	0.134286	0.661736	0.557716	0.136063	0.684594	0.384454	0.631623	0.553071	0.528426	0.331182	0.735011	0.001261	0.77564	0.003431	8.8e-05	0.01378	0.527311	0.445626	0.178298	0.06143	0.626232	0.014839	0.789939	0.021499	0.526099	0.040244	
stages_bg_stages_morphtok_min5_BGMTMMM1_BGMTMMM2_BGMTMMM3_BGMTMMM4_BGMTMMM5__ps-0p01__bias-0p1__cb-0p1__nbm-lhs-parsed__nbe-0p01__nbmin-0p1__lex-from-prev__ls-0p001	MMM1and2	01	0.01	0.001	0.01	0.398248	0.59882	0.629217	0.799324	0.903635	0.666583	0.573047	0.925942	0.290726																					
stages_bg_stages_morphtok_min5_BGMTMMM1_BGMTMMM2_BGMTMMM3_BGMTMMM4_BGMTMMM5__ps-0p01__bias-0p1__cb-0p1__nbm-lhs-parsed__nbe-0p01__nbmin-0p1__lex-from-prev__ls-0p001	MMM1and2	02	0.01	0.001	0.01	0.398248	0.59882	0.629217	0.228878	0.831252	0.658083	0.536757	0.882407	0.207399				0.526863	0.730506	0.039698	0.806986			0.045485			0.195693	1.8e-05							
stages_bg_stages_morphtok_min5_BGMTMMM1_BGMTMMM2_BGMTMMM3_BGMTMMM4_BGMTMMM5__ps-0p01__bias-0p1__cb-0p1__nbm-lhs-parsed__nbe-0p01__nbmin-0p1__lex-from-prev__ls-0p001	MMM1and2	03	0.01	0.001	0.01	0.10345	0.07062	0.617756	0.154862	0.696608	0.70365	0.121273	0.690438	0.39598	0.63442	0.557505	0.524341	0.317936	0.713598	0.000804	0.773941	0.004846	0.00038	0.014024	0.554899	0.405383	0.196467	0.052538							
stages_bg_stages_morphtok_min5_BGMTMMM1_BGMTMMM2_BGMTMMM3_BGMTMMM4_BGMTMMM5__ps-0p01__bias-0p1__cb-0p1__nbm-lhs-parsed__nbe-0p01__nbmin-0p1__lex-from-prev__ls-0p001	MMM1and2	04	0.01	0.001	0.01	0.07798	0.055745	0.597779	0.144049	0.65966	0.571001	0.071711	0.661269	0.378506	0.603852	0.52367	0.511271	0.315805	0.719848	3.5e-05	0.762601	0.005095	0.0	0.016501	0.521247	0.417753	0.196776	0.059531		0.021635	0.81199	0.03469		0.0417	
stages_bg_stages_morphtok_min5_BGMTMMM1_BGMTMMM2_BGMTMMM3_BGMTMMM4_BGMTMMM5__ps-0p01__bias-0p1__cb-0p1__nbm-lhs-parsed__nbe-0p01__nbmin-0p1__lex-from-prev__ls-0p001	MMM1and2	05	0.01	0.001	0.01	0.070146	0.05293	0.592622	0.139168	0.670682	0.568665	0.069713	0.671247	0.384755	0.613117	0.561038	0.516936	0.318599	0.71956	0.00025	0.762575	0.004435	4.2e-05	0.017118	0.526738	0.434817	0.197049	0.061283	0.604682	0.021596	0.7934	0.018453	0.524653	0.031064	
stages_bg_stages_morphtok_min5_BGMTMMM1_BGMTMMM2_BGMTMMM3_BGMTMMM4_BGMTMMM5__ps-0p01__bias-0p1__cb-0p1__nbm-lhs-parsed__nbe-0p01__nbmin-0p1__lex-from-prev__ls-0p01	MMM1and2	01	0.01	0.01	0.01	0.398248	0.59882	0.629217	0.799324	0.903635	0.666583	0.573047	0.925942	0.290726																					
stages_bg_stages_morphtok_min5_BGMTMMM1_BGMTMMM2_BGMTMMM3_BGMTMMM4_BGMTMMM5__ps-0p01__bias-0p1__cb-0p1__nbm-lhs-parsed__nbe-0p01__nbmin-0p1__lex-from-prev__ls-0p01	MMM1and2	02	0.01	0.01	0.01	0.398248	0.59882	0.629217	0.234905	0.83229	0.657038	0.536081	0.882902	0.201788				0.528991	0.731726	0.03875	0.80965			0.053014			0.186264	0.000187							
stages_bg_stages_morphtok_min5_BGMTMMM1_BGMTMMM2_BGMTMMM3_BGMTMMM4_BGMTMMM5__ps-0p01__bias-0p1__cb-0p1__nbm-lhs-parsed__nbe-0p01__nbmin-0p1__lex-from-prev__ls-0p01	MMM1and2	03	0.01	0.01	0.01	0.102843	0.068398	0.617153	0.156854	0.696827	0.704402	0.120009	0.691566	0.394479	0.635173	0.557073	0.525783	0.317154	0.713752	0.000701	0.775756	0.004953	0.00042	0.01427	0.555702	0.408213	0.187032	0.052873							
stages_bg_stages_morphtok_min5_BGMTMMM1_BGMTMMM2_BGMTMMM3_BGMTMMM4_BGMTMMM5__ps-0p01__bias-0p1__cb-0p1__nbm-lhs-parsed__nbe-0p01__nbmin-0p1__lex-from-prev__ls-0p01	MMM1and2	04	0.01	0.01	0.01	0.079929	0.055182	0.598557	0.143097	0.658911	0.570727	0.075512	0.663435	0.377569	0.606231	0.522784	0.51175	0.316144	0.720462	3e-06	0.765452	0.004973	5e-06	0.015997	0.522922	0.418445	0.187317	0.059783		0.02084	0.810905	0.035415		0.042593	
stages_bg_stages_morphtok_min5_BGMTMMM1_BGMTMMM2_BGMTMMM3_BGMTMMM4_BGMTMMM5__ps-0p01__bias-0p1__cb-0p1__nbm-lhs-parsed__nbe-0p01__nbmin-0p1__lex-from-prev__ls-0p01	MMM1and2	05	0.01	0.01	0.01	0.068733	0.050488	0.593982	0.137251	0.669575	0.568146	0.071289	0.67312	0.383237	0.614693	0.5619	0.518323	0.31898	0.720077	0.000113	0.764635	0.004334	1e-06	0.016547	0.527875	0.437742	0.187571	0.06134	0.60383	0.020795	0.793168	0.019092	0.524247	0.03193	
stages_bg_stages_morphtok_min5_BGMTMMM1_BGMTMMM2_BGMTMMM3_BGMTMMM4_BGMTMMM5__ps-0p01__bias-0p1__cb-0p1__nbm-lhs-parsed__nbe-0p05__nbmin-0p1__lex-from-prev__ls-0p01	MMM1and2	01	0.01	0.01	0.05	0.398248	0.59882	0.629217	0.799324	0.903635	0.666583	0.573047	0.925942	0.290726																					
stages_bg_stages_morphtok_min5_BGMTMMM1_BGMTMMM2_BGMTMMM3_BGMTMMM4_BGMTMMM5__ps-0p01__bias-0p1__cb-0p1__nbm-lhs-parsed__nbe-0p05__nbmin-0p1__lex-from-prev__ls-0p01	MMM1and2	02	0.01	0.01	0.05	0.398248	0.59882	0.629217	0.232669	0.832424	0.657373	0.536089	0.883235	0.202668				0.443365	0.729902	0.039628	0.800552			0.053431			0.078403	2.1e-05							
stages_bg_stages_morphtok_min5_BGMTMMM1_BGMTMMM2_BGMTMMM3_BGMTMMM4_BGMTMMM5__ps-0p01__bias-0p1__cb-0p1__nbm-lhs-parsed__nbe-0p05__nbmin-0p1__lex-from-prev__ls-0p01	MMM1and2	03	0.01	0.01	0.05	0.102819	0.068401	0.616744	0.156081	0.696954	0.704596	0.118545	0.691687	0.394382	0.634961	0.556939	0.525512	0.289644	0.712706	0.001042	0.770653	0.005027	0.000452	0.014251	0.554496	0.406709	0.078291	0.052407							
stages_bg_stages_morphtok_min5_BGMTMMM1_BGMTMMM2_BGMTMMM3_BGMTMMM4_BGMTMMM5__ps-0p01__bias-0p1__cb-0p1__nbm-lhs-parsed__nbe-0p05__nbmin-0p1__lex-from-prev__ls-0p01	MMM1and2	04	0.01	0.01	0.05	0.079059	0.055168	0.598567	0.1433	0.659136	0.569233	0.075748	0.662903	0.377512	0.603377	0.521167	0.511027	0.289524	0.716463	1.5e-05	0.755746	0.004953	5e-06	0.015963	0.512703	0.41496	0.078371	0.059659		0.024574	0.801676	0.044972		0.053046	
stages_bg_stages_morphtok_min5_BGMTMMM1_BGMTMMM2_BGMTMMM3_BGMTMMM4_BGMTMMM5__ps-0p01__bias-0p1__cb-0p1__nbm-lhs-parsed__nbe-0p05__nbmin-0p1__lex-from-prev__ls-0p01	MMM1and2	05	0.01	0.01	0.05	0.068136	0.050454	0.593956	0.13837	0.671144	0.568577	0.071357	0.672571	0.385723	0.611036	0.564358	0.518817	0.293565	0.708089	4.5e-05	0.759484	0.004252	0.0	0.01652	0.518133	0.437592	0.078445	0.061313	0.595369	0.024519	0.781729	0.025807	0.516392	0.041023	
stages_bg_stages_morphtok_min5_BGMTMMM1_BGMTMMM2_BGMTMMM3_BGMTMMM4_BGMTMMM5__ps-0p05__bias-0p1__cb-0p1__nbm-lhs-parsed__nbe-0p001__nbmin-0p1__lex-from-prev__ls-0p001	MMM1and2	01	0.05	0.001	0.001	0.398248	0.59882	0.629217	0.799324	0.903635	0.666583	0.573047	0.925942	0.290726																					
stages_bg_stages_morphtok_min5_BGMTMMM1_BGMTMMM2_BGMTMMM3_BGMTMMM4_BGMTMMM5__ps-0p05__bias-0p1__cb-0p1__nbm-lhs-parsed__nbe-0p001__nbmin-0p1__lex-from-prev__ls-0p001	MMM1and2	02	0.05	0.001	0.001	0.398248	0.59882	0.629217	0.264909	0.833493	0.652731	0.536643	0.893727	0.217907				0.54451	0.735521	0.038309	0.818139			0.053506			0.255981	0.02639							
stages_bg_stages_morphtok_min5_BGMTMMM1_BGMTMMM2_BGMTMMM3_BGMTMMM4_BGMTMMM5__ps-0p05__bias-0p1__cb-0p1__nbm-lhs-parsed__nbe-0p001__nbmin-0p1__lex-from-prev__ls-0p001	MMM1and2	03	0.05	0.001	0.001	0.103563	0.070235	0.615251	0.170866	0.701899	0.697501	0.110313	0.680495	0.390563	0.63102	0.566926	0.522716	0.528537	0.707751	0.001528	0.786839	0.004653	0.000273	0.011646	0.551851	0.407945	0.254923	0.013711							
stages_bg_stages_morphtok_min5_BGMTMMM1_BGMTMMM2_BGMTMMM3_BGMTMMM4_BGMTMMM5__ps-0p05__bias-0p1__cb-0p1__nbm-lhs-parsed__nbe-0p001__nbmin-0p1__lex-from-prev__ls-0p001	MMM1and2	04	0.05	0.001	0.001	0.077652	0.053507	0.588832	0.137996	0.671197	0.585523	0.056476	0.648854	0.374753	0.612915	0.541224	0.498883	0.528075	0.72591	0.000288	0.782194	0.005167	0.000283	0.014222	0.536486	0.414892	0.254836	0.02971		0.015656	0.830066	0.035564		0.038827	
stages_bg_stages_morphtok_min5_BGMTMMM1_BGMTMMM2_BGMTMMM3_BGMTMMM4_BGMTMMM5__ps-0p05__bias-0p1__cb-0p1__nbm-lhs-parsed__nbe-0p001__nbmin-0p1__lex-from-prev__ls-0p001	MMM1and2	05	0.05	0.001	0.001	0.068713	0.050813	0.572768	0.121442	0.66704	0.574764	0.050245	0.64988	0.361294	0.621338	0.564464	0.511812	0.528287	0.74077	0.000116	0.780733	0.005053	0.000352	0.01696	0.538833	0.432464	0.254808	0.042097	0.711873	0.015648	0.823483	0.032813	0.524064	0.037627	
stages_bg_stages_morphtok_min5_BGMTMMM1_BGMTMMM2_BGMTMMM3_BGMTMMM4_BGMTMMM5__ps-0p05__bias-0p1__cb-0p1__nbm-lhs-parsed__nbe-0p001__nbmin-0p1__lex-from-prev__ls-0p01	MMM1and2	01	0.05	0.01	0.001	0.398248	0.59882	0.629217	0.799324	0.903635	0.666583	0.573047	0.925942	0.290726																					
stages_bg_stages_morphtok_min5_BGMTMMM1_BGMTMMM2_BGMTMMM3_BGMTMMM4_BGMTMMM5__ps-0p05__bias-0p1__cb-0p1__nbm-lhs-parsed__nbe-0p001__nbmin-0p1__lex-from-prev__ls-0p01	MMM1and2	02	0.05	0.01	0.001	0.398248	0.59882	0.629217	0.267761	0.834427	0.651443	0.536024	0.894072	0.214353				0.5466	0.735753	0.037608	0.820734			0.060798			0.256756	0.0228							
stages_bg_stages_morphtok_min5_BGMTMMM1_BGMTMMM2_BGMTMMM3_BGMTMMM4_BGMTMMM5__ps-0p05__bias-0p1__cb-0p1__nbm-lhs-parsed__nbe-0p001__nbmin-0p1__lex-from-prev__ls-0p01	MMM1and2	03	0.05	0.01	0.001	0.102892	0.068052	0.614768	0.174252	0.701702	0.69848	0.108679	0.681542	0.388837	0.6315	0.565688	0.523917	0.530542	0.709106	0.001412	0.789486	0.004764	0.000316	0.011898	0.552598	0.410348	0.255904	0.014764							
stages_bg_stages_morphtok_min5_BGMTMMM1_BGMTMMM2_BGMTMMM3_BGMTMMM4_BGMTMMM5__ps-0p05__bias-0p1__cb-0p1__nbm-lhs-parsed__nbe-0p001__nbmin-0p1__lex-from-prev__ls-0p01	MMM1and2	04	0.05	0.01	0.001	0.07936	0.054084	0.588961	0.140195	0.670471	0.585644	0.058259	0.650199	0.374436	0.614757	0.539024	0.498808	0.530218	0.727139	0.000332	0.785139	0.005117	0.000287	0.013894	0.536901	0.415611	0.255812	0.031069		0.015197	0.82845	0.036942		0.040446	
stages_bg_stages_morphtok_min5_BGMTMMM1_BGMTMMM2_BGMTMMM3_BGMTMMM4_BGMTMMM5__ps-0p05__bias-0p1__cb-0p1__nbm-lhs-parsed__nbe-0p001__nbmin-0p1__lex-from-prev__ls-0p01	MMM1and2	05	0.05	0.01	0.001	0.06755	0.04872	0.57368	0.122939	0.665598	0.574988	0.050542	0.65139	0.360509	0.622255	0.56142	0.512308	0.530473	0.741722	0.000176	0.783283	0.004869	0.000358	0.01586	0.538614	0.433746	0.255783	0.043159	0.713918	0.015189	0.822512	0.034181	0.523541	0.039208	
stages_bg_stages_morphtok_min5_BGMTMMM1_BGMTMMM2_BGMTMMM3_BGMTMMM4_BGMTMMM5__ps-0p05__bias-0p1__cb-0p1__nbm-lhs-parsed__nbe-0p005__nbmin-0p1__lex-from-prev__ls-0p001	MMM1and2	01	0.05	0.001	0.005	0.398248	0.59882	0.629217	0.799324	0.903635	0.666583	0.573047	0.925942	0.290726																					
stages_bg_stages_morphtok_min5_BGMTMMM1_BGMTMMM2_BGMTMMM3_BGMTMMM4_BGMTMMM5__ps-0p05__bias-0p1__cb-0p1__nbm-lhs-parsed__nbe-0p005__nbmin-0p1__lex-from-prev__ls-0p001	MMM1and2	02	0.05	0.001	0.005	0.398248	0.59882	0.629217	0.263322	0.833503	0.652892	0.536646	0.893807	0.218213				0.489307	0.735684	0.038704	0.814436			0.05307			0.14617	0.029282							
stages_bg_stages_morphtok_min5_BGMTMMM1_BGMTMMM2_BGMTMMM3_BGMTMMM4_BGMTMMM5__ps-0p05__bias-0p1__cb-0p1__nbm-lhs-parsed__nbe-0p005__nbmin-0p1__lex-from-prev__ls-0p001	MMM1and2	03	0.05	0.001	0.005	0.10355	0.070235	0.615045	0.170155	0.701949	0.697666	0.109708	0.680547	0.390493	0.630916	0.567117	0.52265	0.470547	0.707765	0.00191	0.782431	0.004698	0.000285	0.011667	0.551696	0.407557	0.144479	0.012642							
stages_bg_stages_morphtok_min5_BGMTMMM1_BGMTMMM2_BGMTMMM3_BGMTMMM4_BGMTMMM5__ps-0p05__bias-0p1__cb-0p1__nbm-lhs-parsed__nbe-0p005__nbmin-0p1__lex-from-prev__ls-0p001	MMM1and2	04	0.05	0.001	0.005	0.076961	0.053508	0.588769	0.137898	0.671435	0.584759	0.056502	0.648805	0.374774	0.611052	0.540669	0.498381	0.46913	0.721054	0.000472	0.774479	0.005201	0.000296	0.014223	0.53039	0.412387	0.1443	0.028582		0.022293	0.825928	0.043676		0.048211	
stages_bg_stages_morphtok_min5_BGMTMMM1_BGMTMMM2_BGMTMMM3_BGMTMMM4_BGMTMMM5__ps-0p05__bias-0p1__cb-0p1__nbm-lhs-parsed__nbe-0p005__nbmin-0p1__lex-from-prev__ls-0p001	MMM1and2	05	0.05	0.001	0.005	0.068128	0.0508	0.57278	0.121754	0.667672	0.574585	0.050248	0.649386	0.361967	0.617608	0.565329	0.511749	0.469268	0.731259	0.000233	0.774707	0.005045	0.000364	0.016947	0.530984	0.431218	0.144201	0.041243	0.700569	0.022273	0.815592	0.04065	0.513387	0.046911	
stages_bg_stages_morphtok_min5_BGMTMMM1_BGMTMMM2_BGMTMMM3_BGMTMMM4_BGMTMMM5__ps-0p05__bias-0p1__cb-0p1__nbm-lhs-parsed__nbe-0p005__nbmin-0p1__lex-from-prev__ls-0p01	MMM1and2	01	0.05	0.01	0.005	0.398248	0.59882	0.629217	0.799324	0.903635	0.666583	0.573047	0.925942	0.290726																					
stages_bg_stages_morphtok_min5_BGMTMMM1_BGMTMMM2_BGMTMMM3_BGMTMMM4_BGMTMMM5__ps-0p05__bias-0p1__cb-0p1__nbm-lhs-parsed__nbe-0p005__nbmin-0p1__lex-from-prev__ls-0p01	MMM1and2	02	0.05	0.01	0.005	0.398248	0.59882	0.629217	0.265972	0.834447	0.651561	0.536024	0.89423	0.214561				0.491349	0.736137	0.038034	0.81686			0.060879			0.145748	0.025339							
stages_bg_stages_morphtok_min5_BGMTMMM1_BGMTMMM2_BGMTMMM3_BGMTMMM4_BGMTMMM5__ps-0p05__bias-0p1__cb-0p1__nbm-lhs-parsed__nbe-0p005__nbmin-0p1__lex-from-prev__ls-0p01	MMM1and2	03	0.05	0.01	0.005	0.10288	0.068053	0.614562	0.17355	0.701753	0.698642	0.108072	0.6816	0.388762	0.631406	0.56587	0.523853	0.472584	0.709198	0.001775	0.7847	0.00481	0.000328	0.011858	0.552456	0.409977	0.144313	0.013741							
stages_bg_stages_morphtok_min5_BGMTMMM1_BGMTMMM2_BGMTMMM3_BGMTMMM4_BGMTMMM5__ps-0p05__bias-0p1__cb-0p1__nbm-lhs-parsed__nbe-0p005__nbmin-0p1__lex-from-prev__ls-0p01	MMM1and2	04	0.05	0.01	0.005	0.078682	0.054083	0.588882	0.140086	0.670753	0.584875	0.058277	0.650111	0.374458	0.61286	0.538461	0.498302	0.47144	0.722415	0.000527	0.777082	0.00515	0.000299	0.013863	0.530861	0.413012	0.144125	0.030007		0.021985	0.824148	0.045039		0.049744	
stages_bg_stages_morphtok_min5_BGMTMMM1_BGMTMMM2_BGMTMMM3_BGMTMMM4_BGMTMMM5__ps-0p05__bias-0p1__cb-0p1__nbm-lhs-parsed__nbe-0p005__nbmin-0p1__lex-from-prev__ls-0p01	MMM1and2	05	0.05	0.01	0.005	0.066966	0.048697	0.573682	0.123249	0.666252	0.57477	0.050547	0.650916	0.361423	0.618492	0.56228	0.512266	0.471698	0.732308	0.000325	0.777087	0.004858	0.000369	0.015838	0.530744	0.432423	0.144022	0.042369	0.702546	0.021964	0.814306	0.042016	0.512756	0.048413	
stages_bg_stages_morphtok_min5_BGMTMMM1_BGMTMMM2_BGMTMMM3_BGMTMMM4_BGMTMMM5__ps-0p05__bias-0p1__cb-0p1__nbm-lhs-parsed__nbe-0p01__nbmin-0p1__lex-from-prev__ls-0p001	MMM1and2	01	0.05	0.001	0.01	0.398248	0.59882	0.629217	0.799324	0.903635	0.666583	0.573047	0.925942	0.290726																					
stages_bg_stages_morphtok_min5_BGMTMMM1_BGMTMMM2_BGMTMMM3_BGMTMMM4_BGMTMMM5__ps-0p05__bias-0p1__cb-0p1__nbm-lhs-parsed__nbe-0p01__nbmin-0p1__lex-from-prev__ls-0p001	MMM1and2	02	0.05	0.001	0.01	0.398248	0.59882	0.629217	0.261404	0.83361	0.653064	0.53665	0.893957	0.218524				0.44247	0.733234	0.039154	0.809499			0.052561			0.092183	0.032463							
stages_bg_stages_morphtok_min5_BGMTMMM1_BGMTMMM2_BGMTMMM3_BGMTMMM4_BGMTMMM5__ps-0p05__bias-0p1__cb-0p1__nbm-lhs-parsed__nbe-0p01__nbmin-0p1__lex-from-prev__ls-0p001	MMM1and2	03	0.05	0.001	0.01	0.103541	0.070236	0.614805	0.16933	0.702076	0.697748	0.108994	0.680689	0.390533	0.630831	0.567144	0.522402	0.420942	0.704879	0.002388	0.777281	0.004743	0.000302	0.011697	0.550519	0.406473	0.090472	0.011575							
stages_bg_stages_morphtok_min5_BGMTMMM1_BGMTMMM2_BGMTMMM3_BGMTMMM4_BGMTMMM5__ps-0p05__bias-0p1__cb-0p1__nbm-lhs-parsed__nbe-0p01__nbmin-0p1__lex-from-prev__ls-0p001	MMM1and2	04	0.05	0.001	0.01	0.076562	0.05351	0.588691	0.137798	0.671677	0.583789	0.056545	0.648685	0.374793	0.608824	0.54017	0.497819	0.418801	0.71553	0.000737	0.767016	0.005229	0.000311	0.014223	0.524034	0.409434	0.090287	0.027427		0.024095	0.819253	0.053249		0.05867	
stages_bg_stages_morphtok_min5_BGMTMMM1_BGMTMMM2_BGMTMMM3_BGMTMMM4_BGMTMMM5__ps-0p05__bias-0p1__cb-0p1__nbm-lhs-parsed__nbe-0p01__nbmin-0p1__lex-from-prev__ls-0p001	MMM1and2	05	0.05	0.001	0.01	0.06774	0.050782	0.572728	0.122053	0.668604	0.574348	0.050248	0.649082	0.362739	0.614258	0.566153	0.51162	0.41889	0.722077	0.000414	0.7685	0.005052	0.000386	0.016945	0.523697	0.429577	0.090179	0.040363	0.689025	0.024071	0.80684	0.049954	0.504893	0.057277	
stages_bg_stages_morphtok_min5_BGMTMMM1_BGMTMMM2_BGMTMMM3_BGMTMMM4_BGMTMMM5__ps-0p05__bias-0p1__cb-0p1__nbm-lhs-parsed__nbe-0p01__nbmin-0p1__lex-from-prev__ls-0p01	MMM1and2	01	0.05	0.01	0.01	0.398248	0.59882	0.629217	0.799324	0.903635	0.666583	0.573047	0.925942	0.290726																					
stages_bg_stages_morphtok_min5_BGMTMMM1_BGMTMMM2_BGMTMMM3_BGMTMMM4_BGMTMMM5__ps-0p05__bias-0p1__cb-0p1__nbm-lhs-parsed__nbe-0p01__nbmin-0p1__lex-from-prev__ls-0p01	MMM1and2	02	0.05	0.01	0.01	0.398248	0.59882	0.629217	0.263754	0.834552	0.651722	0.536027	0.894383	0.214805				0.444518	0.733874	0.038451	0.811697			0.060138			0.092077	0.028335							
stages_bg_stages_morphtok_min5_BGMTMMM1_BGMTMMM2_BGMTMMM3_BGMTMMM4_BGMTMMM5__ps-0p05__bias-0p1__cb-0p1__nbm-lhs-parsed__nbe-0p01__nbmin-0p1__lex-from-prev__ls-0p01	MMM1and2	03	0.05	0.01	0.01	0.102869	0.068055	0.614322	0.172758	0.701884	0.698724	0.107353	0.681743	0.388804	0.631356	0.565907	0.523599	0.422989	0.706228	0.002228	0.779222	0.004853	0.000347	0.011883	0.551261	0.408862	0.090613	0.012651							
stages_bg_stages_morphtok_min5_BGMTMMM1_BGMTMMM2_BGMTMMM3_BGMTMMM4_BGMTMMM5__ps-0p05__bias-0p1__cb-0p1__nbm-lhs-parsed__nbe-0p01__nbmin-0p1__lex-from-prev__ls-0p01	MMM1and2	04	0.05	0.01	0.01	0.078288	0.054077	0.588788	0.140008	0.671011	0.583921	0.058311	0.649969	0.374481	0.61054	0.537941	0.497719	0.421233	0.716865	0.000801	0.769244	0.005178	0.000317	0.013861	0.524494	0.410083	0.090419	0.028858		0.023864	0.81766	0.054512		0.060077	
stages_bg_stages_morphtok_min5_BGMTMMM1_BGMTMMM2_BGMTMMM3_BGMTMMM4_BGMTMMM5__ps-0p05__bias-0p1__cb-0p1__nbm-lhs-parsed__nbe-0p01__nbmin-0p1__lex-from-prev__ls-0p01	MMM1and2	05	0.05	0.01	0.01	0.066576	0.048667	0.57363	0.123562	0.667206	0.574527	0.050546	0.65062	0.362257	0.61512	0.5631	0.512114	0.421537	0.72318	0.000543	0.770535	0.004867	0.000394	0.015835	0.523426	0.430878	0.090304	0.041514	0.690883	0.023838	0.805803	0.051236	0.504278	0.058656	
stages_bg_stages_morphtok_min5_BGMTMMM1_BGMTMMM2_BGMTMMM3_BGMTMMM4_BGMTMMM5__ps-0p05__bias-0p1__cb-0p1__nbm-lhs-parsed__nbe-0p05__nbmin-0p1__lex-from-prev__ls-0p001	MMM1and2	01	0.05	0.001	0.05	0.398248	0.59882	0.629217	0.799324	0.903635	0.666583	0.573047	0.925942	0.290726																					
stages_bg_stages_morphtok_min5_BGMTMMM1_BGMTMMM2_BGMTMMM3_BGMTMMM4_BGMTMMM5__ps-0p05__bias-0p1__cb-0p1__nbm-lhs-parsed__nbe-0p05__nbmin-0p1__lex-from-prev__ls-0p001	MMM1and2	02	0.05	0.001	0.05	0.398248	0.59882	0.629217	0.247263	0.832974	0.654949	0.53669	0.894297	0.220579				0.281654	0.711092	0.041878	0.782891			0.049054			0.025781	0.05219							
stages_bg_stages_morphtok_min5_BGMTMMM1_BGMTMMM2_BGMTMMM3_BGMTMMM4_BGMTMMM5__ps-0p05__bias-0p1__cb-0p1__nbm-lhs-parsed__nbe-0p05__nbmin-0p1__lex-from-prev__ls-0p001	MMM1and2	03	0.05	0.001	0.05	0.10345	0.07026	0.613131	0.163755	0.702778	0.69858	0.104043	0.681356	0.391129	0.626373	0.567882	0.520481	0.255948	0.679324	0.005782	0.752898	0.005138	0.000414	0.012014	0.540579	0.400166	0.024494	0.00656							
stages_bg_stages_morphtok_min5_BGMTMMM1_BGMTMMM2_BGMTMMM3_BGMTMMM4_BGMTMMM5__ps-0p05__bias-0p1__cb-0p1__nbm-lhs-parsed__nbe-0p05__nbmin-0p1__lex-from-prev__ls-0p001	MMM1and2	04	0.05	0.001	0.05	0.076192	0.053746	0.588322	0.136989	0.673244	0.577469	0.057125	0.648747	0.375231	0.59773	0.537913	0.496365	0.25215	0.685122	0.003192	0.7358	0.005547	0.000433	0.014289	0.494301	0.395604	0.024363	0.021457		0.026372	0.790897	0.106349		0.105068	
stages_bg_stages_morphtok_min5_BGMTMMM1_BGMTMMM2_BGMTMMM3_BGMTMMM4_BGMTMMM5__ps-0p05__bias-0p1__cb-0p1__nbm-lhs-parsed__nbe-0p05__nbmin-0p1__lex-from-prev__ls-0p001	MMM1and2	05	0.05	0.001	0.05	0.067127	0.051028	0.57269	0.123821	0.674038	0.571961	0.05022	0.648702	0.370301	0.60185	0.573366	0.51296	0.252228	0.675563	0.002292	0.741864	0.005293	0.000509	0.016932	0.495874	0.422399	0.024285	0.035867	0.640911	0.026335	0.767952	0.102169	0.485128	0.103286	
stages_bg_stages_morphtok_min5_BGMTMMM1_BGMTMMM2_BGMTMMM3_BGMTMMM4_BGMTMMM5__ps-0p05__bias-0p1__cb-0p1__nbm-lhs-parsed__nbe-0p05__nbmin-0p1__lex-from-prev__ls-0p01	MMM1and2	01	0.05	0.01	0.05	0.398248	0.59882	0.629217	0.799324	0.903635	0.666583	0.573047	0.925942	0.290726																					
stages_bg_stages_morphtok_min5_BGMTMMM1_BGMTMMM2_BGMTMMM3_BGMTMMM4_BGMTMMM5__ps-0p05__bias-0p1__cb-0p1__nbm-lhs-parsed__nbe-0p05__nbmin-0p1__lex-from-prev__ls-0p01	MMM1and2	02	0.05	0.01	0.05	0.398248	0.59882	0.629217	0.248233	0.833749	0.653417	0.536058	0.894638	0.216397				0.283737	0.712073	0.041244	0.784506			0.0557			0.026525	0.048197							
stages_bg_stages_morphtok_min5_BGMTMMM1_BGMTMMM2_BGMTMMM3_BGMTMMM4_BGMTMMM5__ps-0p05__bias-0p1__cb-0p1__nbm-lhs-parsed__nbe-0p05__nbmin-0p1__lex-from-prev__ls-0p01	MMM1and2	03	0.05	0.01	0.05	0.102804	0.068074	0.612636	0.167456	0.702588	0.699559	0.102347	0.682388	0.389345	0.627018	0.566497	0.521634	0.25787	0.680571	0.005508	0.754458	0.005244	0.000465	0.012125	0.541382	0.402437	0.025384	0.007227							
stages_bg_stages_morphtok_min5_BGMTMMM1_BGMTMMM2_BGMTMMM3_BGMTMMM4_BGMTMMM5__ps-0p05__bias-0p1__cb-0p1__nbm-lhs-parsed__nbe-0p05__nbmin-0p1__lex-from-prev__ls-0p01	MMM1and2	04	0.05	0.01	0.05	0.077842	0.05418	0.588342	0.139365	0.672661	0.577677	0.058796	0.649973	0.374823	0.59927	0.535593	0.496218	0.254735	0.686373	0.003274	0.737482	0.005495	0.000443	0.013872	0.494875	0.396016	0.02524	0.022598		0.026292	0.789475	0.106989		0.105888	
stages_bg_stages_morphtok_min5_BGMTMMM1_BGMTMMM2_BGMTMMM3_BGMTMMM4_BGMTMMM5__ps-0p05__bias-0p1__cb-0p1__nbm-lhs-parsed__nbe-0p05__nbmin-0p1__lex-from-prev__ls-0p01	MMM1and2	05	0.05	0.01	0.05	0.065787	0.048789	0.573539	0.125381	0.672711	0.572213	0.050503	0.650309	0.369933	0.602703	0.570371	0.513448	0.255529	0.676824	0.002652	0.743387	0.005118	0.000553	0.015801	0.49586	0.423486	0.025147	0.0369	0.641775	0.026253	0.767229	0.102868	0.485101	0.104097	
stages_bg_stages_morphtok_mv_BGMTG1_BGMTG2_BGMTG3_BGMTG4_BGMTG5__ps-0p001__bias-0p1__cb-0p1__nbm-lhs-parsed__nbe-0p001__nbmin-0p1__lex-from-prev__ls-0p1	MMM1and2	01	0.001	0.1	0.001	0.950238	0.882266	0.694125	0.852091	0.454015	0.378582	0.691322	0.604051	0.531592																					
stages_bg_stages_morphtok_mv_BGMTG1_BGMTG2_BGMTG3_BGMTG4_BGMTG5__ps-0p001__bias-0p1__cb-0p1__nbm-lhs-parsed__nbe-0p001__nbmin-0p1__lex-from-prev__ls-0p1	MMM1and2	02	0.001	0.1	0.001	0.619383	0.297617	0.694125	0.095116	0.324251	0.322189	0.672599	0.4937	0.672172	0.396224	0.2477	0.691334	0.273217	0.504594	0.001631		0.029022	0.023897	0.029497	0.459394	0.334607	0.265568	0.009254							
stages_bg_stages_morphtok_mv_BGMTG1_BGMTG2_BGMTG3_BGMTG4_BGMTG5__ps-0p001__bias-0p1__cb-0p1__nbm-lhs-parsed__nbe-0p001__nbmin-0p1__lex-from-prev__ls-0p1	MMM1and2	03	0.001	0.1	0.001	0.629828	0.308809	0.76742	0.105942	0.372056	0.316884	0.58139	0.458787	0.678275	0.37114	0.244518	0.711854	0.351714	0.553038	0.002962		0.048185	0.033448	0.03917	0.417405	0.592341	0.213605	0.014899							
stages_bg_stages_morphtok_mv_BGMTG1_BGMTG2_BGMTG3_BGMTG4_BGMTG5__ps-0p001__bias-0p1__cb-0p1__nbm-lhs-parsed__nbe-0p001__nbmin-0p1__lex-from-prev__ls-0p1	MMM1and2	04	0.001	0.1	0.001	0.632479	0.317613	0.754353	0.109544	0.538335	0.074559	0.609435	0.429705	0.529974	0.36608	0.267245	0.484269	0.37521	0.590338	0.003569		0.038646	0.023483	0.040066	0.30654	0.633772	0.205474	0.015163	0.019129		0.675592	0.343204	0.49699	0.172378	0.0
stages_bg_stages_morphtok_mv_BGMTG1_BGMTG2_BGMTG3_BGMTG4_BGMTG5__ps-0p001__bias-0p1__cb-0p1__nbm-lhs-parsed__nbe-0p001__nbmin-0p1__lex-from-prev__ls-0p1	MMM1and2	05	0.001	0.1	0.001	0.632418	0.31585	0.742884	0.111431	0.541263	0.063611	0.609063	0.429115	0.518984	0.363203	0.268552	0.484091	0.390377	0.6045	0.004202	0.528784	0.038417	0.023317	0.039859	0.315048	0.636076	0.202461	0.015165	0.018947		0.670264	0.32626	0.486491	0.159567	0.0
stages_bg_stages_morphtok_mv_BGMTG1_BGMTG2_BGMTG3_BGMTG4_BGMTG5__ps-0p001__bias-0p1__cb-0p1__nbm-lhs-parsed__nbe-0p05__nbmin-0p1__lex-from-prev__ls-0p1	MMM1and2	01	0.001	0.1	0.05	0.950238	0.882266	0.694125	0.852091	0.454015	0.378582	0.691322	0.604051	0.531592																					
stages_bg_stages_morphtok_mv_BGMTG1_BGMTG2_BGMTG3_BGMTG4_BGMTG5__ps-0p001__bias-0p1__cb-0p1__nbm-lhs-parsed__nbe-0p05__nbmin-0p1__lex-from-prev__ls-0p1	MMM1and2	02	0.001	0.1	0.05	0.61938	0.297622	0.694125	0.095119	0.324244	0.322189	0.672599	0.4937	0.672174	0.396228	0.247702	0.691335	0.27209	0.504551	0.001607		0.029044	0.023897	0.029485	0.459299	0.334611	0.243273	0.00916							
stages_bg_stages_morphtok_mv_BGMTG1_BGMTG2_BGMTG3_BGMTG4_BGMTG5__ps-0p001__bias-0p1__cb-0p1__nbm-lhs-parsed__nbe-0p05__nbmin-0p1__lex-from-prev__ls-0p1	MMM1and2	03	0.001	0.1	0.05	0.629828	0.30881	0.767346	0.105944	0.372043	0.316879	0.57885	0.458764	0.678284	0.371141	0.244484	0.711843	0.351439	0.553031	0.002959		0.048182	0.033443	0.039168	0.417404	0.592284	0.198163	0.014892							
stages_bg_stages_morphtok_mv_BGMTG1_BGMTG2_BGMTG3_BGMTG4_BGMTG5__ps-0p001__bias-0p1__cb-0p1__nbm-lhs-parsed__nbe-0p05__nbmin-0p1__lex-from-prev__ls-0p1	MMM1and2	04	0.001	0.1	0.05	0.632484	0.317611	0.754346	0.109537	0.538445	0.074484	0.609263	0.429709	0.529864	0.363038	0.26704	0.483715	0.375059	0.574681	0.003577		0.038671	0.023445	0.04007	0.305926	0.633772	0.191047	0.015163	0.019227		0.675643	0.341658	0.496471	0.17095	0.0
stages_bg_stages_morphtok_mv_BGMTG1_BGMTG2_BGMTG3_BGMTG4_BGMTG5__ps-0p001__bias-0p1__cb-0p1__nbm-lhs-parsed__nbe-0p05__nbmin-0p1__lex-from-prev__ls-0p1	MMM1and2	05	0.001	0.1	0.05	0.63242	0.31582	0.742875	0.111414	0.541077	0.063581	0.609043	0.429025	0.5191	0.360287	0.268519	0.482397	0.390301	0.603944	0.004196	0.52677	0.038382	0.023265	0.039864	0.315369	0.63624	0.188415	0.015165	0.018948		0.669896	0.326527	0.486487	0.15956	0.0
stages_bg_stages_morphtok_mv_BGMTG1_BGMTG2_BGMTG3_BGMTG4_BGMTG5__ps-0p005__bias-0p1__cb-0p1__nbm-lhs-parsed__nbe-0p001__nbmin-0p1__lex-from-prev__ls-0p1	MMM1and2	01	0.005	0.1	0.001	0.950238	0.882266	0.694125	0.852091	0.454015	0.378582	0.691322	0.604051	0.531592																					
stages_bg_stages_morphtok_mv_BGMTG1_BGMTG2_BGMTG3_BGMTG4_BGMTG5__ps-0p005__bias-0p1__cb-0p1__nbm-lhs-parsed__nbe-0p001__nbmin-0p1__lex-from-prev__ls-0p1	MMM1and2	02	0.005	0.1	0.001	0.619381	0.297609	0.694125	0.095185	0.321803	0.322123	0.672611	0.492763	0.670244	0.396491	0.247281	0.691188	0.273132	0.50451	0.001633		0.029022	0.023918	0.029412	0.459706	0.334203	0.265971	0.009226							
stages_bg_stages_morphtok_mv_BGMTG1_BGMTG2_BGMTG3_BGMTG4_BGMTG5__ps-0p005__bias-0p1__cb-0p1__nbm-lhs-parsed__nbe-0p001__nbmin-0p1__lex-from-prev__ls-0p1	MMM1and2	03	0.005	0.1	0.001	0.629851	0.308807	0.767978	0.105171	0.370571	0.316681	0.579424	0.4588	0.678574	0.374444	0.242721	0.71304	0.342087	0.539838	0.002941		0.047922	0.033979	0.038856	0.426146	0.56788	0.267895	0.014199							
stages_bg_stages_morphtok_mv_BGMTG1_BGMTG2_BGMTG3_BGMTG4_BGMTG5__ps-0p005__bias-0p1__cb-0p1__nbm-lhs-parsed__nbe-0p001__nbmin-0p1__lex-from-prev__ls-0p1	MMM1and2	04	0.005	0.1	0.001	0.632558	0.317533	0.755286	0.109312	0.52823	0.071891	0.605332	0.429039	0.52906	0.363702	0.260345	0.506381	0.387731	0.573345	0.003728		0.042343	0.026183	0.040031	0.285218	0.627601	0.269185	0.015144	0.018385		0.685917	0.384099	0.5021	0.18094	0.0
stages_bg_stages_morphtok_mv_BGMTG1_BGMTG2_BGMTG3_BGMTG4_BGMTG5__ps-0p005__bias-0p1__cb-0p1__nbm-lhs-parsed__nbe-0p001__nbmin-0p1__lex-from-prev__ls-0p1	MMM1and2	05	0.005	0.1	0.001	0.632464	0.315819	0.743658	0.111057	0.540742	0.062806	0.607262	0.427233	0.514003	0.361762	0.264319	0.483166	0.421483	0.592834	0.004613	0.52903	0.040914	0.025185	0.0399	0.29405	0.639038	0.270331	0.015165	0.017495		0.671431	0.351934	0.493691	0.156921	0.0
stages_bg_stages_morphtok_mv_BGMTG1_BGMTG2_BGMTG3_BGMTG4_BGMTG5__ps-0p005__bias-0p1__cb-0p1__nbm-lhs-parsed__nbe-0p005__nbmin-0p1__lex-from-prev__ls-0p1	MMM1and2	01	0.005	0.1	0.005	0.950238	0.882266	0.694125	0.852091	0.454015	0.378582	0.691322	0.604051	0.531592																					
stages_bg_stages_morphtok_mv_BGMTG1_BGMTG2_BGMTG3_BGMTG4_BGMTG5__ps-0p005__bias-0p1__cb-0p1__nbm-lhs-parsed__nbe-0p005__nbmin-0p1__lex-from-prev__ls-0p1	MMM1and2	02	0.005	0.1	0.005	0.619381	0.297611	0.694125	0.095185	0.321802	0.322123	0.672611	0.492763	0.670245	0.396491	0.247281	0.691188	0.272804	0.504497	0.001626		0.029028	0.023919	0.029412	0.459707	0.334204	0.259041	0.009198							
stages_bg_stages_morphtok_mv_BGMTG1_BGMTG2_BGMTG3_BGMTG4_BGMTG5__ps-0p005__bias-0p1__cb-0p1__nbm-lhs-parsed__nbe-0p005__nbmin-0p1__lex-from-prev__ls-0p1	MMM1and2	03	0.005	0.1	0.005	0.629852	0.308807	0.767947	0.105171	0.370563	0.316679	0.578365	0.458791	0.678578	0.374444	0.242705	0.713035	0.341853	0.539831	0.002938		0.047922	0.033977	0.038855	0.426149	0.567856	0.26087	0.014192							
stages_bg_stages_morphtok_mv_BGMTG1_BGMTG2_BGMTG3_BGMTG4_BGMTG5__ps-0p005__bias-0p1__cb-0p1__nbm-lhs-parsed__nbe-0p005__nbmin-0p1__lex-from-prev__ls-0p1	MMM1and2	04	0.005	0.1	0.005	0.63256	0.317532	0.75528	0.10931	0.528278	0.071853	0.605159	0.429037	0.529	0.362067	0.260256	0.506109	0.387544	0.567751	0.00373		0.042346	0.026169	0.040032	0.284912	0.627601	0.262097	0.015143	0.018429		0.685927	0.38313	0.501922	0.180288	0.0
stages_bg_stages_morphtok_mv_BGMTG1_BGMTG2_BGMTG3_BGMTG4_BGMTG5__ps-0p005__bias-0p1__cb-0p1__nbm-lhs-parsed__nbe-0p005__nbmin-0p1__lex-from-prev__ls-0p1	MMM1and2	05	0.005	0.1	0.005	0.632464	0.315806	0.743653	0.111048	0.540656	0.062802	0.607231	0.427222	0.514026	0.360055	0.264308	0.482387	0.421336	0.59188	0.004611	0.528571	0.040896	0.025155	0.039901	0.294053	0.639097	0.263187	0.015165	0.017498		0.671288	0.351671	0.493674	0.15675	0.0
stages_bg_stages_morphtok_mv_BGMTG1_BGMTG2_BGMTG3_BGMTG4_BGMTG5__ps-0p005__bias-0p1__cb-0p1__nbm-lhs-parsed__nbe-0p01__nbmin-0p1__lex-from-prev__ls-0p1	MMM1and2	01	0.005	0.1	0.01	0.950238	0.882266	0.694125	0.852091	0.454015	0.378582	0.691322	0.604051	0.531592																					
stages_bg_stages_morphtok_mv_BGMTG1_BGMTG2_BGMTG3_BGMTG4_BGMTG5__ps-0p005__bias-0p1__cb-0p1__nbm-lhs-parsed__nbe-0p01__nbmin-0p1__lex-from-prev__ls-0p1	MMM1and2	02	0.005	0.1	0.01	0.619378	0.297614	0.694125	0.095187	0.321796	0.322123	0.672611	0.492762	0.670247	0.396494	0.247283	0.691188	0.272006	0.504467	0.00161		0.029043	0.023919	0.0294	0.459611	0.334207	0.243591	0.009132							
stages_bg_stages_morphtok_mv_BGMTG1_BGMTG2_BGMTG3_BGMTG4_BGMTG5__ps-0p005__bias-0p1__cb-0p1__nbm-lhs-parsed__nbe-0p01__nbmin-0p1__lex-from-prev__ls-0p1	MMM1and2	03	0.005	0.1	0.01	0.629851	0.308807	0.767908	0.105172	0.370559	0.316676	0.577054	0.458778	0.678583	0.374445	0.242688	0.71303	0.341281	0.539814	0.00293		0.047922	0.033975	0.038854	0.426116	0.567827	0.245226	0.014175							
stages_bg_stages_morphtok_mv_BGMTG1_BGMTG2_BGMTG3_BGMTG4_BGMTG5__ps-0p005__bias-0p1__cb-0p1__nbm-lhs-parsed__nbe-0p01__nbmin-0p1__lex-from-prev__ls-0p1	MMM1and2	04	0.005	0.1	0.01	0.632562	0.31753	0.755273	0.109308	0.52833	0.071809	0.604944	0.429039	0.528946	0.360325	0.260163	0.505789	0.387106	0.561201	0.003733		0.042352	0.026149	0.040035	0.284535	0.627604	0.246325	0.015142	0.018488		0.685936	0.381954	0.501605	0.179434	0.0
stages_bg_stages_morphtok_mv_BGMTG1_BGMTG2_BGMTG3_BGMTG4_BGMTG5__ps-0p005__bias-0p1__cb-0p1__nbm-lhs-parsed__nbe-0p01__nbmin-0p1__lex-from-prev__ls-0p1	MMM1and2	05	0.005	0.1	0.01	0.632465	0.31579	0.743649	0.11104	0.540585	0.062754	0.607192	0.427145	0.514036	0.358713	0.26429	0.481437	0.420991	0.587956	0.004607	0.527011	0.04089	0.025134	0.039902	0.294023	0.639177	0.2473	0.015165	0.017505		0.671023	0.351309	0.493645	0.156463	0.0
stages_bg_stages_morphtok_mv_BGMTG1_BGMTG2_BGMTG3_BGMTG4_BGMTG5__ps-0p005__bias-0p1__cb-0p1__nbm-lhs-parsed__nbe-0p05__nbmin-0p1__lex-from-prev__ls-0p1	MMM1and2	01	0.005	0.1	0.05	0.950238	0.882266	0.694125	0.852091	0.454015	0.378582	0.691322	0.604051	0.531592																					
stages_bg_stages_morphtok_mv_BGMTG1_BGMTG2_BGMTG3_BGMTG4_BGMTG5__ps-0p005__bias-0p1__cb-0p1__nbm-lhs-parsed__nbe-0p05__nbmin-0p1__lex-from-prev__ls-0p1	MMM1and2	02	0.005	0.1	0.05	0.619363	0.29764	0.694125	0.095238	0.32176	0.32208	0.67261	0.492761	0.670256	0.395682	0.247213	0.689835	0.266136	0.494686	0.001483		0.029197	0.023924	0.029288	0.456489	0.333781	0.162658	0.008619							
stages_bg_stages_morphtok_mv_BGMTG1_BGMTG2_BGMTG3_BGMTG4_BGMTG5__ps-0p005__bias-0p1__cb-0p1__nbm-lhs-parsed__nbe-0p05__nbmin-0p1__lex-from-prev__ls-0p1	MMM1and2	03	0.005	0.1	0.05	0.62985	0.308811	0.76753	0.105193	0.370641	0.316663	0.56717	0.458614	0.678626	0.374355	0.242584	0.712919	0.33705	0.535076	0.002874		0.047942	0.033951	0.038849	0.425061	0.567608	0.163519	0.014044							
stages_bg_stages_morphtok_mv_BGMTG1_BGMTG2_BGMTG3_BGMTG4_BGMTG5__ps-0p005__bias-0p1__cb-0p1__nbm-lhs-parsed__nbe-0p05__nbmin-0p1__lex-from-prev__ls-0p1	MMM1and2	04	0.005	0.1	0.05	0.632571	0.317513	0.755176	0.109321	0.529191	0.071489	0.603209	0.429063	0.52862	0.350322	0.259679	0.504313	0.383799	0.528812	0.00373		0.042591	0.026049	0.040056	0.281415	0.62762	0.16411	0.01513	0.018974		0.682703	0.373214	0.499379	0.172443	0.0
stages_bg_stages_morphtok_mv_BGMTG1_BGMTG2_BGMTG3_BGMTG4_BGMTG5__ps-0p005__bias-0p1__cb-0p1__nbm-lhs-parsed__nbe-0p05__nbmin-0p1__lex-from-prev__ls-0p1	MMM1and2	05	0.005	0.1	0.05	0.632457	0.31571	0.743611	0.111022	0.540417	0.062339	0.606876	0.426739	0.513245	0.351928	0.26416	0.476328	0.418379	0.567417	0.004575	0.512943	0.04094	0.025058	0.039917	0.293302	0.639525	0.164634	0.015165	0.017537		0.669948	0.348014	0.493428	0.15344	0.0
stages_bg_stages_morphtok_mv_BGMTG1_BGMTG2_BGMTG3_BGMTG4_BGMTG5__ps-0p01__bias-0p1__cb-0p1__nbm-lhs-parsed__nbe-0p001__nbmin-0p1__lex-from-prev__ls-0p1	MMM1and2	01	0.01	0.1	0.001	0.950238	0.882266	0.694125	0.852091	0.454015	0.378582	0.691322	0.604051	0.531592																					
stages_bg_stages_morphtok_mv_BGMTG1_BGMTG2_BGMTG3_BGMTG4_BGMTG5__ps-0p01__bias-0p1__cb-0p1__nbm-lhs-parsed__nbe-0p001__nbmin-0p1__lex-from-prev__ls-0p1	MMM1and2	02	0.01	0.1	0.001	0.619389	0.2976	0.694125	0.095283	0.318873	0.322046	0.672627	0.491627	0.66784	0.396915	0.246788	0.691006	0.273021	0.504378	0.001636		0.029014	0.023922	0.02931	0.460093	0.333692	0.266465	0.009192							
stages_bg_stages_morphtok_mv_BGMTG1_BGMTG2_BGMTG3_BGMTG4_BGMTG5__ps-0p01__bias-0p1__cb-0p1__nbm-lhs-parsed__nbe-0p001__nbmin-0p1__lex-from-prev__ls-0p1	MMM1and2	03	0.01	0.1	0.001	0.629851	0.308805	0.768674	0.104386	0.368526	0.316553	0.576996	0.458559	0.678891	0.377559	0.240978	0.71428	0.319786	0.535946	0.002631		0.047189	0.034079	0.038492	0.434536	0.547953	0.267457	0.013574							
stages_bg_stages_morphtok_mv_BGMTG1_BGMTG2_BGMTG3_BGMTG4_BGMTG5__ps-0p01__bias-0p1__cb-0p1__nbm-lhs-parsed__nbe-0p001__nbmin-0p1__lex-from-prev__ls-0p1	MMM1and2	04	0.01	0.1	0.001	0.632639	0.317471	0.756456	0.108754	0.516596	0.069418	0.599695	0.428316	0.532415	0.364817	0.253106	0.534968	0.352895	0.560572	0.003223		0.044854	0.028297	0.039913	0.298308	0.618194	0.2681	0.014943	0.017651		0.698135	0.444529	0.507826	0.187511	0.0
stages_bg_stages_morphtok_mv_BGMTG1_BGMTG2_BGMTG3_BGMTG4_BGMTG5__ps-0p01__bias-0p1__cb-0p1__nbm-lhs-parsed__nbe-0p001__nbmin-0p1__lex-from-prev__ls-0p1	MMM1and2	05	0.01	0.1	0.001	0.632529	0.315719	0.74462	0.110584	0.537969	0.061847	0.603615	0.425193	0.508243	0.361126	0.259408	0.494192	0.379098	0.578703	0.004001	0.52965	0.043311	0.027035	0.03997	0.28489	0.638824	0.268668	0.015164	0.016149		0.675743	0.415554	0.502845	0.156691	0.0
stages_bg_stages_morphtok_mv_BGMTG1_BGMTG2_BGMTG3_BGMTG4_BGMTG5__ps-0p01__bias-0p1__cb-0p1__nbm-lhs-parsed__nbe-0p005__nbmin-0p1__lex-from-prev__ls-0p1	MMM1and2	01	0.01	0.1	0.005	0.950238	0.882266	0.694125	0.852091	0.454015	0.378582	0.691322	0.604051	0.531592																					
stages_bg_stages_morphtok_mv_BGMTG1_BGMTG2_BGMTG3_BGMTG4_BGMTG5__ps-0p01__bias-0p1__cb-0p1__nbm-lhs-parsed__nbe-0p005__nbmin-0p1__lex-from-prev__ls-0p1	MMM1and2	02	0.01	0.1	0.005	0.619386	0.297605	0.694125	0.095285	0.318868	0.322047	0.672627	0.491627	0.667843	0.396914	0.246791	0.691007	0.271894	0.504337	0.001612		0.029037	0.023924	0.029298	0.459998	0.333695	0.24398	0.009097							
stages_bg_stages_morphtok_mv_BGMTG1_BGMTG2_BGMTG3_BGMTG4_BGMTG5__ps-0p01__bias-0p1__cb-0p1__nbm-lhs-parsed__nbe-0p005__nbmin-0p1__lex-from-prev__ls-0p1	MMM1and2	03	0.01	0.1	0.005	0.629851	0.308805	0.76861	0.104387	0.368515	0.316549	0.574886	0.458539	0.678899	0.37756	0.240949	0.71427	0.318816	0.535914	0.002617		0.047193	0.034077	0.03849	0.434484	0.547907	0.244822	0.013537							
stages_bg_stages_morphtok_mv_BGMTG1_BGMTG2_BGMTG3_BGMTG4_BGMTG5__ps-0p01__bias-0p1__cb-0p1__nbm-lhs-parsed__nbe-0p005__nbmin-0p1__lex-from-prev__ls-0p1	MMM1and2	04	0.01	0.1	0.005	0.63264	0.317469	0.756438	0.108754	0.516681	0.069332	0.599117	0.428309	0.532315	0.361256	0.252946	0.534308	0.352036	0.552009	0.003224		0.044856	0.028266	0.039917	0.297185	0.618201	0.245369	0.014932	0.017748		0.698113	0.441863	0.50735	0.186032	0.0
stages_bg_stages_morphtok_mv_BGMTG1_BGMTG2_BGMTG3_BGMTG4_BGMTG5__ps-0p01__bias-0p1__cb-0p1__nbm-lhs-parsed__nbe-0p005__nbmin-0p1__lex-from-prev__ls-0p1	MMM1and2	05	0.01	0.1	0.005	0.632528	0.315694	0.74461	0.110568	0.537855	0.061766	0.60345	0.425099	0.508166	0.3581	0.259379	0.492396	0.378331	0.573384	0.003995	0.527576	0.043292	0.02699	0.039972	0.284306	0.638931	0.245853	0.015164	0.016169		0.675342	0.413692	0.502757	0.155956	0.0
stages_bg_stages_morphtok_mv_BGMTG1_BGMTG2_BGMTG3_BGMTG4_BGMTG5__ps-0p01__bias-0p1__cb-0p1__nbm-lhs-parsed__nbe-0p01__nbmin-0p1__lex-from-prev__ls-0p1	MMM1and2	01	0.01	0.1	0.01	0.950238	0.882266	0.694125	0.852091	0.454015	0.378582	0.691322	0.604051	0.531592																					
stages_bg_stages_morphtok_mv_BGMTG1_BGMTG2_BGMTG3_BGMTG4_BGMTG5__ps-0p01__bias-0p1__cb-0p1__nbm-lhs-parsed__nbe-0p01__nbmin-0p1__lex-from-prev__ls-0p1	MMM1and2	02	0.01	0.1	0.01	0.619379	0.297611	0.694125	0.095292	0.318862	0.322049	0.672627	0.491624	0.667845	0.396914	0.246786	0.690778	0.270377	0.502911	0.001579		0.029071	0.023927	0.029269	0.459185	0.333709	0.217735	0.008964							
stages_bg_stages_morphtok_mv_BGMTG1_BGMTG2_BGMTG3_BGMTG4_BGMTG5__ps-0p01__bias-0p1__cb-0p1__nbm-lhs-parsed__nbe-0p01__nbmin-0p1__lex-from-prev__ls-0p1	MMM1and2	03	0.01	0.1	0.01	0.62985	0.308805	0.768515	0.104394	0.368525	0.316546	0.572328	0.458501	0.67891	0.37757	0.240917	0.714233	0.317509	0.534472	0.002597		0.047201	0.034072	0.038488	0.43403	0.547859	0.218427	0.013487							
stages_bg_stages_morphtok_mv_BGMTG1_BGMTG2_BGMTG3_BGMTG4_BGMTG5__ps-0p01__bias-0p1__cb-0p1__nbm-lhs-parsed__nbe-0p01__nbmin-0p1__lex-from-prev__ls-0p1	MMM1and2	04	0.01	0.1	0.01	0.632637	0.317457	0.756405	0.108756	0.516959	0.069235	0.598401	0.428312	0.532281	0.35767	0.252807	0.533762	0.350845	0.542785	0.003205		0.045021	0.028256	0.039922	0.295674	0.618221	0.21888	0.014917	0.017868		0.69693	0.43858	0.506852	0.183975	0.0
stages_bg_stages_morphtok_mv_BGMTG1_BGMTG2_BGMTG3_BGMTG4_BGMTG5__ps-0p01__bias-0p1__cb-0p1__nbm-lhs-parsed__nbe-0p01__nbmin-0p1__lex-from-prev__ls-0p1	MMM1and2	05	0.01	0.1	0.01	0.632519	0.315665	0.744595	0.110562	0.537815	0.061653	0.603252	0.424971	0.507991	0.355423	0.259351	0.490604	0.377223	0.565989	0.003959	0.523417	0.043486	0.026991	0.039977	0.283491	0.639047	0.219281	0.015164	0.016183		0.674317	0.411228	0.502767	0.154746	0.0
stages_bg_stages_morphtok_mv_BGMTG1_BGMTG2_BGMTG3_BGMTG4_BGMTG5__ps-0p01__bias-0p1__cb-0p1__nbm-lhs-parsed__nbe-0p05__nbmin-0p1__lex-from-prev__ls-0p1	MMM1and2	01	0.01	0.1	0.05	0.950238	0.882266	0.694125	0.852091	0.454015	0.378582	0.691322	0.604051	0.531592																					
stages_bg_stages_morphtok_mv_BGMTG1_BGMTG2_BGMTG3_BGMTG4_BGMTG5__ps-0p01__bias-0p1__cb-0p1__nbm-lhs-parsed__nbe-0p05__nbmin-0p1__lex-from-prev__ls-0p1	MMM1and2	02	0.01	0.1	0.05	0.61934	0.297663	0.694125	0.095397	0.318797	0.321793	0.672624	0.491627	0.667861	0.394711	0.246612	0.688093	0.25906	0.481772	0.001337		0.029392	0.023948	0.029051	0.453389	0.332476	0.110816	0.007987							
stages_bg_stages_morphtok_mv_BGMTG1_BGMTG2_BGMTG3_BGMTG4_BGMTG5__ps-0p01__bias-0p1__cb-0p1__nbm-lhs-parsed__nbe-0p05__nbmin-0p1__lex-from-prev__ls-0p1	MMM1and2	03	0.01	0.1	0.05	0.62984	0.308814	0.767737	0.104441	0.368815	0.316518	0.553659	0.458163	0.678994	0.377118	0.240775	0.713966	0.307735	0.518527	0.002452		0.047304	0.034048	0.038472	0.430893	0.547387	0.111064	0.013101							
stages_bg_stages_morphtok_mv_BGMTG1_BGMTG2_BGMTG3_BGMTG4_BGMTG5__ps-0p01__bias-0p1__cb-0p1__nbm-lhs-parsed__nbe-0p05__nbmin-0p1__lex-from-prev__ls-0p1	MMM1and2	04	0.01	0.1	0.05	0.632656	0.317444	0.756117	0.108791	0.51843	0.068534	0.592818	0.428253	0.531618	0.340322	0.252131	0.530136	0.342195	0.495851	0.003186		0.045135	0.028038	0.039961	0.285719	0.618221	0.111238	0.014802	0.019003		0.690359	0.415908	0.502463	0.170153	0.0
stages_bg_stages_morphtok_mv_BGMTG1_BGMTG2_BGMTG3_BGMTG4_BGMTG5__ps-0p01__bias-0p1__cb-0p1__nbm-lhs-parsed__nbe-0p05__nbmin-0p1__lex-from-prev__ls-0p1	MMM1and2	05	0.01	0.1	0.05	0.632512	0.315576	0.74449	0.110534	0.537903	0.060629	0.601572	0.424312	0.50543	0.342481	0.259072	0.481263	0.369477	0.530304	0.00389	0.500095	0.043573	0.026837	0.040004	0.27836	0.639372	0.111395	0.015163	0.016358		0.672967	0.393848	0.501939	0.146474	0.0
stages_bg_stages_morphtok_mv_BGMTG1_BGMTG2_BGMTG3_BGMTG4_BGMTG5__ps-0p05__bias-0p1__cb-0p1__nbm-lhs-parsed__nbe-0p001__nbmin-0p1__lex-from-prev__ls-0p1	MMM1and2	01	0.05	0.1	0.001	0.950238	0.882266	0.694125	0.852091	0.454015	0.378582	0.691322	0.604051	0.531592																					
stages_bg_stages_morphtok_mv_BGMTG1_BGMTG2_BGMTG3_BGMTG4_BGMTG5__ps-0p05__bias-0p1__cb-0p1__nbm-lhs-parsed__nbe-0p001__nbmin-0p1__lex-from-prev__ls-0p1	MMM1and2	02	0.05	0.1	0.001	0.619498	0.297543	0.694125	0.096118	0.300421	0.321615	0.672757	0.483356	0.649441	0.399046	0.244072	0.689627	0.270904	0.503112	0.001623		0.028997	0.024005	0.028608	0.462632	0.329455	0.246773	0.008831							
stages_bg_stages_morphtok_mv_BGMTG1_BGMTG2_BGMTG3_BGMTG4_BGMTG5__ps-0p05__bias-0p1__cb-0p1__nbm-lhs-parsed__nbe-0p001__nbmin-0p1__lex-from-prev__ls-0p1	MMM1and2	03	0.05	0.1	0.001	0.629915	0.308755	0.773509	0.100577	0.3492	0.317018	0.555843	0.454885	0.677628	0.388723	0.232447	0.719407	0.282044	0.51612	0.001874		0.040751	0.032089	0.03594	0.454794	0.471805	0.246938	0.011292							
stages_bg_stages_morphtok_mv_BGMTG1_BGMTG2_BGMTG3_BGMTG4_BGMTG5__ps-0p05__bias-0p1__cb-0p1__nbm-lhs-parsed__nbe-0p001__nbmin-0p1__lex-from-prev__ls-0p1	MMM1and2	04	0.05	0.1	0.001	0.633179	0.317689	0.765254	0.103204	0.446734	0.06202	0.54489	0.420599	0.59522	0.385232	0.219112	0.66921	0.290545	0.523186	0.00199		0.045587	0.032444	0.038198	0.411864	0.548077	0.247046	0.013	0.015105		0.76786	0.614435	0.535804	0.254636	0.0
stages_bg_stages_morphtok_mv_BGMTG1_BGMTG2_BGMTG3_BGMTG4_BGMTG5__ps-0p05__bias-0p1__cb-0p1__nbm-lhs-parsed__nbe-0p001__nbmin-0p1__lex-from-prev__ls-0p1	MMM1and2	05	0.05	0.1	0.001	0.63305	0.316089	0.751637	0.105309	0.487658	0.054707	0.528435	0.416828	0.542907	0.383907	0.226824	0.649148	0.297676	0.532235	0.002256	0.523882	0.047827	0.032862	0.039336	0.395198	0.589871	0.247142	0.014007	0.012743		0.747054	0.625353	0.546497	0.254523	0.0
stages_bg_stages_morphtok_mv_BGMTG1_BGMTG2_BGMTG3_BGMTG4_BGMTG5__ps-0p05__bias-0p1__cb-0p1__nbm-lhs-parsed__nbe-0p005__nbmin-0p1__lex-from-prev__ls-0p1	MMM1and2	01	0.05	0.1	0.005	0.950238	0.882266	0.694125	0.852091	0.454015	0.378582	0.691322	0.604051	0.531592																					
stages_bg_stages_morphtok_mv_BGMTG1_BGMTG2_BGMTG3_BGMTG4_BGMTG5__ps-0p05__bias-0p1__cb-0p1__nbm-lhs-parsed__nbe-0p005__nbmin-0p1__lex-from-prev__ls-0p1	MMM1and2	02	0.05	0.1	0.005	0.619482	0.297569	0.694125	0.096172	0.300395	0.32157	0.672755	0.483352	0.649438	0.398243	0.243999	0.688274	0.265045	0.49301	0.001496		0.029149	0.024009	0.028495	0.459578	0.329022	0.163655	0.008298							
stages_bg_stages_morphtok_mv_BGMTG1_BGMTG2_BGMTG3_BGMTG4_BGMTG5__ps-0p05__bias-0p1__cb-0p1__nbm-lhs-parsed__nbe-0p005__nbmin-0p1__lex-from-prev__ls-0p1	MMM1and2	03	0.05	0.1	0.005	0.629909	0.308758	0.773055	0.100629	0.349253	0.317001	0.545814	0.454718	0.677672	0.388297	0.232294	0.71873	0.276339	0.505925	0.001768		0.04086	0.03208	0.035919	0.452071	0.471436	0.163733	0.010904							
stages_bg_stages_morphtok_mv_BGMTG1_BGMTG2_BGMTG3_BGMTG4_BGMTG5__ps-0p05__bias-0p1__cb-0p1__nbm-lhs-parsed__nbe-0p005__nbmin-0p1__lex-from-prev__ls-0p1	MMM1and2	04	0.05	0.1	0.005	0.633191	0.317667	0.764758	0.103269	0.447118	0.061652	0.536105	0.420512	0.595008	0.372434	0.218537	0.667558	0.284962	0.502462	0.001911		0.045756	0.032401	0.038208	0.399699	0.54803	0.163787	0.012755	0.015859		0.763113	0.608687	0.533376	0.236732	0.0
stages_bg_stages_morphtok_mv_BGMTG1_BGMTG2_BGMTG3_BGMTG4_BGMTG5__ps-0p05__bias-0p1__cb-0p1__nbm-lhs-parsed__nbe-0p005__nbmin-0p1__lex-from-prev__ls-0p1	MMM1and2	05	0.05	0.1	0.005	0.63307	0.315999	0.751103	0.105331	0.488926	0.05408	0.519976	0.416477	0.540644	0.363997	0.226561	0.644675	0.292199	0.512102	0.002181	0.510525	0.048027	0.032768	0.03935	0.383067	0.589976	0.163837	0.013852	0.01311		0.741653	0.620429	0.545517	0.236375	0.0
stages_bg_stages_morphtok_mv_BGMTG1_BGMTG2_BGMTG3_BGMTG4_BGMTG5__ps-0p05__bias-0p1__cb-0p1__nbm-lhs-parsed__nbe-0p01__nbmin-0p1__lex-from-prev__ls-0p1	MMM1and2	01	0.05	0.1	0.01	0.950238	0.882266	0.694125	0.852091	0.454015	0.378582	0.691322	0.604051	0.531592																					
stages_bg_stages_morphtok_mv_BGMTG1_BGMTG2_BGMTG3_BGMTG4_BGMTG5__ps-0p05__bias-0p1__cb-0p1__nbm-lhs-parsed__nbe-0p01__nbmin-0p1__lex-from-prev__ls-0p1	MMM1and2	02	0.05	0.1	0.01	0.619465	0.297601	0.694125	0.096242	0.300358	0.321361	0.672754	0.483352	0.649432	0.396928	0.243889	0.686703	0.258092	0.480172	0.001347		0.029344	0.024012	0.028359	0.456137	0.32821	0.111004	0.007684							
stages_bg_stages_morphtok_mv_BGMTG1_BGMTG2_BGMTG3_BGMTG4_BGMTG5__ps-0p05__bias-0p1__cb-0p1__nbm-lhs-parsed__nbe-0p01__nbmin-0p1__lex-from-prev__ls-0p1	MMM1and2	03	0.05	0.1	0.01	0.629903	0.308764	0.772484	0.100691	0.349387	0.316948	0.534379	0.454493	0.677737	0.387586	0.232164	0.718102	0.269564	0.493608	0.001642		0.041002	0.032072	0.035895	0.449032	0.470908	0.111041	0.010448							
stages_bg_stages_morphtok_mv_BGMTG1_BGMTG2_BGMTG3_BGMTG4_BGMTG5__ps-0p05__bias-0p1__cb-0p1__nbm-lhs-parsed__nbe-0p01__nbmin-0p1__lex-from-prev__ls-0p1	MMM1and2	04	0.05	0.1	0.01	0.633206	0.317648	0.764142	0.103346	0.447632	0.061234	0.526016	0.420375	0.594959	0.361898	0.218065	0.665774	0.278338	0.481045	0.001821		0.045864	0.032337	0.038221	0.387872	0.547919	0.11107	0.012464	0.016936		0.757617	0.602032	0.530525	0.218332	0.0
stages_bg_stages_morphtok_mv_BGMTG1_BGMTG2_BGMTG3_BGMTG4_BGMTG5__ps-0p05__bias-0p1__cb-0p1__nbm-lhs-parsed__nbe-0p01__nbmin-0p1__lex-from-prev__ls-0p1	MMM1and2	05	0.05	0.1	0.01	0.633069	0.315937	0.750465	0.105375	0.490142	0.053476	0.510244	0.416066	0.538971	0.350501	0.226379	0.640654	0.285707	0.491933	0.002099	0.497412	0.048115	0.032662	0.03937	0.371704	0.59004	0.111099	0.013667	0.013685		0.73706	0.614797	0.544183	0.217713	0.0
stages_bg_stages_morphtok_mv_BGMTG1_BGMTG2_BGMTG3_BGMTG4_BGMTG5__ps-0p05__bias-0p1__cb-0p1__nbm-lhs-parsed__nbe-0p05__nbmin-0p1__lex-from-prev__ls-0p01	MMM1and2	01	0.05	0.01	0.05	0.950238	0.882266	0.694125	0.852091	0.454015	0.378582	0.691322	0.604051	0.531592																					
stages_bg_stages_morphtok_mv_BGMTG1_BGMTG2_BGMTG3_BGMTG4_BGMTG5__ps-0p05__bias-0p1__cb-0p1__nbm-lhs-parsed__nbe-0p05__nbmin-0p1__lex-from-prev__ls-0p01	MMM1and2	02	0.05	0.01	0.05	0.610834	0.283525	0.694125	0.090122	0.304824	0.319953	0.67244	0.480288	0.649031	0.404374	0.248266	0.672594	0.213375	0.439606	0.000501		0.034278	0.027532	0.029351	0.435192	0.325514	0.025667	0.004088							
stages_bg_stages_morphtok_mv_BGMTG1_BGMTG2_BGMTG3_BGMTG4_BGMTG5__ps-0p05__bias-0p1__cb-0p1__nbm-lhs-parsed__nbe-0p05__nbmin-0p1__lex-from-prev__ls-0p01	MMM1and2	03	0.05	0.01	0.05	0.631991	0.309726	0.745732	0.100142	0.357486	0.316736	0.384635	0.448709	0.677359	0.3932	0.236189	0.710289	0.226099	0.458944	0.000854		0.04517	0.034442	0.036888	0.429413	0.467241	0.025646	0.007592							
stages_bg_stages_morphtok_mv_BGMTG1_BGMTG2_BGMTG3_BGMTG4_BGMTG5__ps-0p05__bias-0p1__cb-0p1__nbm-lhs-parsed__nbe-0p05__nbmin-0p1__lex-from-prev__ls-0p01	MMM1and2	04	0.05	0.01	0.05	0.633287	0.319455	0.712754	0.107823	0.462028	0.058261	0.276016	0.403461	0.588821	0.328754	0.221816	0.646441	0.235687	0.405392	0.001401		0.048866	0.032379	0.039716	0.32538	0.542109	0.025643	0.010805	0.037579		0.729113	0.549375	0.528648	0.14251	0.0
stages_bg_stages_morphtok_mv_BGMTG1_BGMTG2_BGMTG3_BGMTG4_BGMTG5__ps-0p05__bias-0p1__cb-0p1__nbm-lhs-parsed__nbe-0p05__nbmin-0p1__lex-from-prev__ls-0p01	MMM1and2	05	0.05	0.01	0.05	0.632261	0.316641	0.683612	0.110394	0.504984	0.055692	0.236183	0.393698	0.525257	0.311938	0.228669	0.620254	0.243921	0.421335	0.001847	0.53362	0.050162	0.031448	0.040988	0.313845	0.584952	0.025644	0.012648	0.030626		0.711377	0.567364	0.549164	0.139469	0.0
stages_bg_stages_morphtok_mv_BGMTG1_BGMTG2_BGMTG3_BGMTG4_BGMTG5__ps-0p05__bias-0p1__cb-0p1__nbm-lhs-parsed__nbe-0p05__nbmin-0p1__lex-from-prev__ls-0p1	MMM1and2	01	0.05	0.1	0.05	0.950238	0.882266	0.694125	0.852091	0.454015	0.378582	0.691322	0.604051	0.531592																					
stages_bg_stages_morphtok_mv_BGMTG1_BGMTG2_BGMTG3_BGMTG4_BGMTG5__ps-0p05__bias-0p1__cb-0p1__nbm-lhs-parsed__nbe-0p05__nbmin-0p1__lex-from-prev__ls-0p1	MMM1and2	02	0.05	0.1	0.05	0.619314	0.297921	0.694125	0.096741	0.299777	0.320088	0.672737	0.483216	0.649443	0.387859	0.243376	0.677484	0.213491	0.426517	0.000499		0.03087	0.023975	0.027464	0.435522	0.322772	0.025341	0.004148							
stages_bg_stages_morphtok_mv_BGMTG1_BGMTG2_BGMTG3_BGMTG4_BGMTG5__ps-0p05__bias-0p1__cb-0p1__nbm-lhs-parsed__nbe-0p05__nbmin-0p1__lex-from-prev__ls-0p1	MMM1and2	03	0.05	0.1	0.05	0.629856	0.308837	0.768128	0.101069	0.350846	0.316403	0.46978	0.452673	0.678538	0.382624	0.232286	0.714393	0.225987	0.445787	0.000858		0.042086	0.032039	0.035754	0.431061	0.467538	0.025325	0.007584							
stages_bg_stages_morphtok_mv_BGMTG1_BGMTG2_BGMTG3_BGMTG4_BGMTG5__ps-0p05__bias-0p1__cb-0p1__nbm-lhs-parsed__nbe-0p05__nbmin-0p1__lex-from-prev__ls-0p1	MMM1and2	04	0.05	0.1	0.05	0.633285	0.317543	0.759631	0.103753	0.451007	0.058622	0.468449	0.419234	0.598138	0.321845	0.217261	0.651413	0.235664	0.39447	0.001201		0.04672	0.032	0.038328	0.330321	0.547235	0.025322	0.010579	0.026984		0.736072	0.547002	0.512921	0.144111	0.0
stages_bg_stages_morphtok_mv_BGMTG1_BGMTG2_BGMTG3_BGMTG4_BGMTG5__ps-0p05__bias-0p1__cb-0p1__nbm-lhs-parsed__nbe-0p05__nbmin-0p1__lex-from-prev__ls-0p1	MMM1and2	05	0.05	0.1	0.05	0.633048	0.315729	0.74589	0.105599	0.494406	0.050245	0.45434	0.412925	0.534002	0.307425	0.226309	0.616348	0.243845	0.412339	0.001507	0.419753	0.048883	0.032218	0.039525	0.319173	0.590165	0.025323	0.012459	0.018761		0.720737	0.567158	0.535223	0.141885	0.0
stages_bg_stages_morphtok_mv_BGMTG1_BGMTG2_BGMTG3_BGMTG4_BGMTG5__ps-0p1__bias-0p1__cb-0p1__nbm-lhs-parsed__nbe-0p001__nbmin-0p1__lex-from-prev__ls-0p1	MMM1and2	01	0.1	0.1	0.001	0.950238	0.882266	0.694125	0.852091	0.454015	0.378582	0.691322	0.604051	0.531592																					
stages_bg_stages_morphtok_mv_BGMTG1_BGMTG2_BGMTG3_BGMTG4_BGMTG5__ps-0p1__bias-0p1__cb-0p1__nbm-lhs-parsed__nbe-0p001__nbmin-0p1__lex-from-prev__ls-0p1	MMM1and2	02	0.1	0.1	0.001	0.619423	0.297559	0.694125	0.097357	0.285345	0.321265	0.67292	0.473696	0.627539	0.400878	0.242755	0.687841	0.268019	0.499602	0.00159		0.02892	0.024042	0.027949	0.464213	0.323239	0.221791	0.008392							
stages_bg_stages_morphtok_mv_BGMTG1_BGMTG2_BGMTG3_BGMTG4_BGMTG5__ps-0p1__bias-0p1__cb-0p1__nbm-lhs-parsed__nbe-0p001__nbmin-0p1__lex-from-prev__ls-0p1	MMM1and2	03	0.1	0.1	0.001	0.629601	0.308653	0.777888	0.098673	0.326696	0.31837	0.524615	0.449153	0.667408	0.394185	0.227408	0.715735	0.273709	0.506557	0.001683		0.036505	0.029939	0.033722	0.460197	0.428092	0.221856	0.010067							
stages_bg_stages_morphtok_mv_BGMTG1_BGMTG2_BGMTG3_BGMTG4_BGMTG5__ps-0p1__bias-0p1__cb-0p1__nbm-lhs-parsed__nbe-0p001__nbmin-0p1__lex-from-prev__ls-0p1	MMM1and2	04	0.1	0.1	0.001	0.632959	0.317882	0.774272	0.09885	0.387006	0.065172	0.467734	0.408671	0.632164	0.389117	0.207004	0.700326	0.278131	0.508704	0.001684		0.041031	0.031517	0.035822	0.434543	0.489869	0.221899	0.011561	0.015491		0.797739	0.60319	0.554876	0.338935	0.0
stages_bg_stages_morphtok_mv_BGMTG1_BGMTG2_BGMTG3_BGMTG4_BGMTG5__ps-0p1__bias-0p1__cb-0p1__nbm-lhs-parsed__nbe-0p001__nbmin-0p1__lex-from-prev__ls-0p1	MMM1and2	05	0.1	0.1	0.001	0.632908	0.316683	0.755573	0.100129	0.427888	0.046415	0.398525	0.403064	0.599764	0.387783	0.20528	0.685012	0.28183	0.514078	0.001792	0.516915	0.043948	0.032559	0.037432	0.420661	0.528178	0.221937	0.012671	0.013278		0.790842	0.605025	0.564665	0.340236	0.0
stages_bg_stages_morphtok_mv_BGMTG1_BGMTG2_BGMTG3_BGMTG4_BGMTG5__ps-0p1__bias-0p1__cb-0p1__nbm-lhs-parsed__nbe-0p005__nbmin-0p1__lex-from-prev__ls-0p1	MMM1and2	01	0.1	0.1	0.005	0.950238	0.882266	0.694125	0.852091	0.454015	0.378582	0.691322	0.604051	0.531592																					
stages_bg_stages_morphtok_mv_BGMTG1_BGMTG2_BGMTG3_BGMTG4_BGMTG5__ps-0p1__bias-0p1__cb-0p1__nbm-lhs-parsed__nbe-0p005__nbmin-0p1__lex-from-prev__ls-0p1	MMM1and2	02	0.1	0.1	0.005	0.61939	0.297612	0.694125	0.097472	0.285301	0.321013	0.672919	0.473687	0.627503	0.398784	0.242575	0.685127	0.256762	0.47797	0.001347		0.029224	0.024049	0.027727	0.458654	0.321937	0.111156	0.007347							
stages_bg_stages_morphtok_mv_BGMTG1_BGMTG2_BGMTG3_BGMTG4_BGMTG5__ps-0p1__bias-0p1__cb-0p1__nbm-lhs-parsed__nbe-0p005__nbmin-0p1__lex-from-prev__ls-0p1	MMM1and2	03	0.1	0.1	0.005	0.629586	0.308662	0.776776	0.098792	0.326865	0.318267	0.506043	0.448744	0.66754	0.392734	0.227104	0.713978	0.26259	0.48543	0.001466		0.036759	0.029933	0.033662	0.454968	0.42672	0.111172	0.009177							
stages_bg_stages_morphtok_mv_BGMTG1_BGMTG2_BGMTG3_BGMTG4_BGMTG5__ps-0p1__bias-0p1__cb-0p1__nbm-lhs-parsed__nbe-0p005__nbmin-0p1__lex-from-prev__ls-0p1	MMM1and2	04	0.1	0.1	0.005	0.632981	0.31786	0.77237	0.099012	0.387312	0.064547	0.447616	0.408268	0.631442	0.376617	0.2057	0.694819	0.267129	0.47721	0.001507		0.041254	0.031479	0.035824	0.418733	0.489281	0.111184	0.010878	0.017684		0.787839	0.604202	0.549735	0.2874	0.0
stages_bg_stages_morphtok_mv_BGMTG1_BGMTG2_BGMTG3_BGMTG4_BGMTG5__ps-0p1__bias-0p1__cb-0p1__nbm-lhs-parsed__nbe-0p005__nbmin-0p1__lex-from-prev__ls-0p1	MMM1and2	05	0.1	0.1	0.005	0.632926	0.31656	0.752512	0.100277	0.42884	0.045306	0.378627	0.402064	0.596122	0.36929	0.204699	0.678538	0.270932	0.483302	0.001635	0.493463	0.044154	0.03248	0.037453	0.405206	0.527883	0.111196	0.012165	0.014938		0.779862	0.608236	0.561619	0.288555	0.0
stages_bg_stages_morphtok_mv_BGMTG1_BGMTG2_BGMTG3_BGMTG4_BGMTG5__ps-0p1__bias-0p1__cb-0p1__nbm-lhs-parsed__nbe-0p05__nbmin-0p1__lex-from-prev__ls-0p1	MMM1and2	01	0.1	0.1	0.05	0.950238	0.882266	0.694125	0.852091	0.454015	0.378582	0.691322	0.604051	0.531592																					
stages_bg_stages_morphtok_mv_BGMTG1_BGMTG2_BGMTG3_BGMTG4_BGMTG5__ps-0p1__bias-0p1__cb-0p1__nbm-lhs-parsed__nbe-0p05__nbmin-0p1__lex-from-prev__ls-0p1	MMM1and2	02	0.1	0.1	0.05	0.619068	0.298364	0.694125	0.098449	0.284154	0.318895	0.672886	0.473336	0.627427	0.380644	0.241738	0.665964	0.174453	0.386375	3.1e-05		0.032681	0.023944	0.025944	0.420417	0.310153	0.013137	0.001337							
stages_bg_stages_morphtok_mv_BGMTG1_BGMTG2_BGMTG3_BGMTG4_BGMTG5__ps-0p1__bias-0p1__cb-0p1__nbm-lhs-parsed__nbe-0p05__nbmin-0p1__lex-from-prev__ls-0p1	MMM1and2	03	0.1	0.1	0.05	0.629471	0.308866	0.765858	0.099727	0.329868	0.316961	0.399063	0.444541	0.66996	0.380128	0.22778	0.702962	0.18097	0.399385	0.000121		0.039614	0.029904	0.033181	0.419443	0.416608	0.013117	0.003256							
stages_bg_stages_morphtok_mv_BGMTG1_BGMTG2_BGMTG3_BGMTG4_BGMTG5__ps-0p1__bias-0p1__cb-0p1__nbm-lhs-parsed__nbe-0p05__nbmin-0p1__lex-from-prev__ls-0p1	MMM1and2	04	0.1	0.1	0.05	0.633146	0.317824	0.756418	0.100321	0.39232	0.060185	0.348545	0.40486	0.639692	0.317202	0.202754	0.667402	0.186143	0.341187	0.00025		0.043746	0.03119	0.035911	0.328421	0.484897	0.013109	0.005892	0.047992		0.748875	0.530965	0.513559	0.131214	0.0
stages_bg_stages_morphtok_mv_BGMTG1_BGMTG2_BGMTG3_BGMTG4_BGMTG5__ps-0p1__bias-0p1__cb-0p1__nbm-lhs-parsed__nbe-0p05__nbmin-0p1__lex-from-prev__ls-0p1	MMM1and2	05	0.1	0.1	0.05	0.632966	0.316244	0.730654	0.101459	0.437053	0.041564	0.296381	0.394922	0.595368	0.299065	0.204765	0.638071	0.190541	0.35284	0.000387	0.336132	0.046477	0.031988	0.037754	0.320108	0.526064	0.013104	0.008309	0.03575		0.744973	0.544974	0.539083	0.131302	0.0
stages_bg_stages_morphtok_mv_BGMTG1_BGMTG2_BGMTG3_BGMTG4_BGMTG5__ps-0p2__bias-0p1__cb-0p1__nbm-lhs-parsed__nbe-0p001__nbmin-0p1__lex-from-prev__ls-0p1	MMM1and2	01	0.2	0.1	0.001	0.950238	0.882266	0.694125	0.852091	0.454015	0.378582	0.691322	0.604051	0.531592																					
stages_bg_stages_morphtok_mv_BGMTG1_BGMTG2_BGMTG3_BGMTG4_BGMTG5__ps-0p2__bias-0p1__cb-0p1__nbm-lhs-parsed__nbe-0p001__nbmin-0p1__lex-from-prev__ls-0p1	MMM1and2	02	0.2	0.1	0.001	0.6193	0.29769	0.694125	0.099915	0.268252	0.320406	0.673324	0.455171	0.585225	0.402896	0.24483	0.683861	0.261807	0.493771	0.001451		0.028878	0.023937	0.027078	0.465836	0.307382	0.181735	0.007538							
stages_bg_stages_morphtok_mv_BGMTG1_BGMTG2_BGMTG3_BGMTG4_BGMTG5__ps-0p2__bias-0p1__cb-0p1__nbm-lhs-parsed__nbe-0p001__nbmin-0p1__lex-from-prev__ls-0p1	MMM1and2	03	0.2	0.1	0.001	0.62913	0.308504	0.781163	0.098843	0.298139	0.319592	0.453829	0.432945	0.629739	0.399187	0.228609	0.705909	0.264711	0.497309	0.001477		0.033123	0.027619	0.031373	0.464056	0.379964	0.181757	0.008586							
stages_bg_stages_morphtok_mv_BGMTG1_BGMTG2_BGMTG3_BGMTG4_BGMTG5__ps-0p2__bias-0p1__cb-0p1__nbm-lhs-parsed__nbe-0p001__nbmin-0p1__lex-from-prev__ls-0p1	MMM1and2	04	0.2	0.1	0.001	0.632631	0.318318	0.787296	0.096941	0.32445	0.09791	0.344557	0.387971	0.624215	0.393013	0.213053	0.707368	0.267014	0.496379	0.001438		0.036135	0.02931	0.032887	0.450736	0.424585	0.18177	0.009754	0.027723		0.797175	0.606418	0.579804	0.407726	0.0
stages_bg_stages_morphtok_mv_BGMTG1_BGMTG2_BGMTG3_BGMTG4_BGMTG5__ps-0p2__bias-0p1__cb-0p1__nbm-lhs-parsed__nbe-0p001__nbmin-0p1__lex-from-prev__ls-0p1	MMM1and2	05	0.2	0.1	0.001	0.632688	0.317836	0.75754	0.09655	0.353966	0.048641	0.26954	0.381163	0.61105	0.390057	0.204	0.70391	0.268946	0.49935	0.001465	0.505861	0.038383	0.030333	0.034072	0.442898	0.453549	0.181782	0.010768	0.025035		0.795158	0.606864	0.584207	0.408744	0.0
stages_bg_stages_morphtok_mv_BGMTG1_BGMTG2_BGMTG3_BGMTG4_BGMTG5__ps-0p2__bias-0p1__cb-0p1__nbm-lhs-parsed__nbe-0p01__nbmin-0p1__lex-from-prev__ls-0p1	MMM1and2	01	0.2	0.1	0.01	0.950238	0.882266	0.694125	0.852091	0.454015	0.378582	0.691322	0.604051	0.531592																					
stages_bg_stages_morphtok_mv_BGMTG1_BGMTG2_BGMTG3_BGMTG4_BGMTG5__ps-0p2__bias-0p1__cb-0p1__nbm-lhs-parsed__nbe-0p01__nbmin-0p1__lex-from-prev__ls-0p1	MMM1and2	02	0.2	0.1	0.01	0.619156	0.297964	0.694125	0.10038	0.267877	0.3191	0.673314	0.455006	0.584931	0.394561	0.244238	0.674585	0.219171	0.432875	0.000615		0.030186	0.023902	0.026202	0.446355	0.301692	0.031517	0.003741							
stages_bg_stages_morphtok_mv_BGMTG1_BGMTG2_BGMTG3_BGMTG4_BGMTG5__ps-0p2__bias-0p1__cb-0p1__nbm-lhs-parsed__nbe-0p01__nbmin-0p1__lex-from-prev__ls-0p1	MMM1and2	03	0.2	0.1	0.01	0.629053	0.308545	0.774583	0.099333	0.29947	0.318709	0.40011	0.430471	0.630594	0.39246	0.227754	0.699619	0.222299	0.43779	0.000684		0.034285	0.027579	0.031007	0.445268	0.370857	0.031511	0.004923							
stages_bg_stages_morphtok_mv_BGMTG1_BGMTG2_BGMTG3_BGMTG4_BGMTG5__ps-0p2__bias-0p1__cb-0p1__nbm-lhs-parsed__nbe-0p01__nbmin-0p1__lex-from-prev__ls-0p1	MMM1and2	04	0.2	0.1	0.01	0.632686	0.318272	0.77507	0.097668	0.325062	0.09494	0.306352	0.385993	0.62436	0.366489	0.207559	0.689546	0.224793	0.416929	0.000718		0.037199	0.029242	0.032798	0.408752	0.417832	0.031508	0.00644	0.04897		0.76673	0.585395	0.559123	0.206211	0.0
stages_bg_stages_morphtok_mv_BGMTG1_BGMTG2_BGMTG3_BGMTG4_BGMTG5__ps-0p2__bias-0p1__cb-0p1__nbm-lhs-parsed__nbe-0p01__nbmin-0p1__lex-from-prev__ls-0p1	MMM1and2	05	0.2	0.1	0.01	0.632734	0.317584	0.741681	0.097363	0.355093	0.046244	0.250743	0.380366	0.607069	0.353943	0.200785	0.67708	0.226894	0.421182	0.000782	0.42021	0.039394	0.030239	0.034075	0.401041	0.448678	0.031505	0.007896	0.043334		0.764798	0.589551	0.568975	0.207187	0.0
stages_bg_stages_morphtok_mv_BGMTI1_BGMTI2_BGMTI3_BGMTI4_BGMTI5__ps-0p001__bias-0p1__cb-0p1__nbm-lhs-parsed__nbe-0p001__nbmin-0p1__lex-from-prev__ls-0p001	MMM1and2	01	0.001	0.001	0.001	0.950238	0.882266	0.694125	0.852091		0.970292	0.920867									0.744322														
stages_bg_stages_morphtok_mv_BGMTI1_BGMTI2_BGMTI3_BGMTI4_BGMTI5__ps-0p001__bias-0p1__cb-0p1__nbm-lhs-parsed__nbe-0p001__nbmin-0p1__lex-from-prev__ls-0p001	MMM1and2	02	0.001	0.001	0.001			0.694125	0.852091	0.434521	0.376645	0.662136	0.567548	0.399686							0.701079														
stages_bg_stages_morphtok_mv_BGMTI1_BGMTI2_BGMTI3_BGMTI4_BGMTI5__ps-0p001__bias-0p1__cb-0p1__nbm-lhs-parsed__nbe-0p001__nbmin-0p1__lex-from-prev__ls-0p001	MMM1and2	03	0.001	0.001	0.001	0.950238	0.882266	0.694125	0.852091	0.685693	0.149934	0.661807	0.653213	0.436103							0.640945								0.476803		0.628554		0.505983		0.0
stages_bg_stages_morphtok_mv_BGMTI1_BGMTI2_BGMTI3_BGMTI4_BGMTI5__ps-0p001__bias-0p1__cb-0p1__nbm-lhs-parsed__nbe-0p001__nbmin-0p1__lex-from-prev__ls-0p001	MMM1and2	04	0.001	0.001	0.001	0.950238	0.882266	0.449679	0.852091	0.698717	0.096429	0.219822	0.55534	0.397415							0.637702								0.444395		0.625276		0.502891		0.0
stages_bg_stages_morphtok_mv_BGMTI1_BGMTI2_BGMTI3_BGMTI4_BGMTI5__ps-0p001__bias-0p1__cb-0p1__nbm-lhs-parsed__nbe-0p001__nbmin-0p1__lex-from-prev__ls-0p001	MMM1and2	05	0.001	0.001	0.001	0.631518	0.316594	0.724622	0.109554	0.547038	0.074482	0.349674	0.418954	0.532485	0.361854	0.275568	0.485513	0.317586	0.539053	0.005617	0.596414	0.033291	0.017998	0.04267	0.324399	0.632802	0.06025	0.015165	0.032769		0.662775	0.308196	0.486469	0.14559	0.0
stages_bg_stages_morphtok_mv_BGMTI1_BGMTI2_BGMTI3_BGMTI4_BGMTI5__ps-0p001__bias-0p1__cb-0p1__nbm-lhs-parsed__nbe-0p005__nbmin-0p1__lex-from-prev__ls-0p001	MMM1and2	01	0.001	0.001	0.005	0.950238	0.882266	0.694125	0.852091		0.970292	0.920867									0.744322														
stages_bg_stages_morphtok_mv_BGMTI1_BGMTI2_BGMTI3_BGMTI4_BGMTI5__ps-0p001__bias-0p1__cb-0p1__nbm-lhs-parsed__nbe-0p005__nbmin-0p1__lex-from-prev__ls-0p001	MMM1and2	02	0.001	0.001	0.005			0.694125	0.852091	0.434521	0.376645	0.662136	0.567548	0.399686							0.701079														
stages_bg_stages_morphtok_mv_BGMTI1_BGMTI2_BGMTI3_BGMTI4_BGMTI5__ps-0p001__bias-0p1__cb-0p1__nbm-lhs-parsed__nbe-0p005__nbmin-0p1__lex-from-prev__ls-0p001	MMM1and2	03	0.001	0.001	0.005	0.950238	0.882266	0.694125	0.852091	0.685693	0.149934	0.661807	0.653213	0.436103							0.640945								0.476803		0.628554		0.505983		0.0
stages_bg_stages_morphtok_mv_BGMTI1_BGMTI2_BGMTI3_BGMTI4_BGMTI5__ps-0p001__bias-0p1__cb-0p1__nbm-lhs-parsed__nbe-0p005__nbmin-0p1__lex-from-prev__ls-0p001	MMM1and2	04	0.001	0.001	0.005	0.950238	0.882266	0.449679	0.852091	0.698717	0.096429	0.219822	0.55534	0.397415							0.637702								0.444395		0.625276		0.502891		0.0
stages_bg_stages_morphtok_mv_BGMTI1_BGMTI2_BGMTI3_BGMTI4_BGMTI5__ps-0p001__bias-0p1__cb-0p1__nbm-lhs-parsed__nbe-0p005__nbmin-0p1__lex-from-prev__ls-0p001	MMM1and2	05	0.001	0.001	0.005	0.631518	0.316594	0.724622	0.109554	0.547038	0.074482	0.349674	0.418954	0.532483	0.361854	0.275568	0.485514	0.317587	0.539053	0.005617	0.596414	0.033291	0.017998	0.04267	0.324399	0.632802	0.06025	0.015165	0.032767		0.662775	0.308196	0.486469	0.14559	0.0
stages_bg_stages_morphtok_mv_BGMTI1_BGMTI2_BGMTI3_BGMTI4_BGMTI5__ps-0p001__bias-0p1__cb-0p1__nbm-lhs-parsed__nbe-0p005__nbmin-0p1__lex-from-prev__ls-0p01	MMM1and2	01	0.001	0.01	0.005	0.950238	0.882266	0.694125	0.852091		0.970292	0.920867									0.744322														
stages_bg_stages_morphtok_mv_BGMTI1_BGMTI2_BGMTI3_BGMTI4_BGMTI5__ps-0p001__bias-0p1__cb-0p1__nbm-lhs-parsed__nbe-0p005__nbmin-0p1__lex-from-prev__ls-0p01	MMM1and2	02	0.001	0.01	0.005	0.950238	0.882266	0.694125	0.852091	0.43454	0.376701	0.662157	0.567538	0.39973							0.701047														
stages_bg_stages_morphtok_mv_BGMTI1_BGMTI2_BGMTI3_BGMTI4_BGMTI5__ps-0p001__bias-0p1__cb-0p1__nbm-lhs-parsed__nbe-0p005__nbmin-0p1__lex-from-prev__ls-0p01	MMM1and2	03	0.001	0.01	0.005	0.950238	0.882266	0.694125	0.852091	0.690128	0.150753	0.661955	0.649457	0.429289							0.640138								0.472126		0.631258		0.505809		0.0
stages_bg_stages_morphtok_mv_BGMTI1_BGMTI2_BGMTI3_BGMTI4_BGMTI5__ps-0p001__bias-0p1__cb-0p1__nbm-lhs-parsed__nbe-0p005__nbmin-0p1__lex-from-prev__ls-0p01	MMM1and2	04	0.001	0.01	0.005	0.950238	0.882266	0.464539	0.852091	0.69847	0.095878	0.227767	0.553614	0.393588							0.637583								0.447138		0.623531		0.502782		0.0
stages_bg_stages_morphtok_mv_BGMTI1_BGMTI2_BGMTI3_BGMTI4_BGMTI5__ps-0p001__bias-0p1__cb-0p1__nbm-lhs-parsed__nbe-0p005__nbmin-0p1__lex-from-prev__ls-0p01	MMM1and2	05	0.001	0.01	0.005	0.632743	0.318658	0.72033	0.110566	0.547484	0.0757	0.356499	0.419485	0.529789	0.363025	0.276403	0.487324	0.316564	0.537161	0.005731	0.59604	0.032866	0.017589	0.042551	0.325858	0.631741	0.060608	0.015165	0.03326		0.663667	0.30903	0.488054	0.146287	0.0
stages_bg_stages_morphtok_mv_BGMTI1_BGMTI2_BGMTI3_BGMTI4_BGMTI5__ps-0p001__bias-0p1__cb-0p1__nbm-lhs-parsed__nbe-0p01__nbmin-0p1__lex-from-prev__ls-0p01	MMM1and2	01	0.001	0.01	0.01	0.950238	0.882266	0.694125	0.852091		0.970292	0.920867									0.744322														
stages_bg_stages_morphtok_mv_BGMTI1_BGMTI2_BGMTI3_BGMTI4_BGMTI5__ps-0p001__bias-0p1__cb-0p1__nbm-lhs-parsed__nbe-0p01__nbmin-0p1__lex-from-prev__ls-0p01	MMM1and2	02	0.001	0.01	0.01	0.950238	0.882266	0.694125	0.852091	0.43454	0.376701	0.662157	0.567538	0.39973							0.701047														
stages_bg_stages_morphtok_mv_BGMTI1_BGMTI2_BGMTI3_BGMTI4_BGMTI5__ps-0p001__bias-0p1__cb-0p1__nbm-lhs-parsed__nbe-0p01__nbmin-0p1__lex-from-prev__ls-0p01	MMM1and2	03	0.001	0.01	0.01	0.950238	0.882266	0.694125	0.852091	0.690127	0.150748	0.661955	0.649456	0.429308							0.640137								0.472124		0.631247		0.505809		0.0
stages_bg_stages_morphtok_mv_BGMTI1_BGMTI2_BGMTI3_BGMTI4_BGMTI5__ps-0p001__bias-0p1__cb-0p1__nbm-lhs-parsed__nbe-0p01__nbmin-0p1__lex-from-prev__ls-0p01	MMM1and2	04	0.001	0.01	0.01	0.950238	0.882266	0.464508	0.852091	0.698495	0.095885	0.227749	0.553621	0.393599							0.637578								0.447167		0.623534		0.502783		0.0
stages_bg_stages_morphtok_mv_BGMTI1_BGMTI2_BGMTI3_BGMTI4_BGMTI5__ps-0p001__bias-0p1__cb-0p1__nbm-lhs-parsed__nbe-0p01__nbmin-0p1__lex-from-prev__ls-0p01	MMM1and2	05	0.001	0.01	0.01	0.632743	0.318659	0.720329	0.110566	0.547485	0.075699	0.356498	0.419485	0.529788	0.363024	0.276403	0.487325	0.316475	0.537163	0.005728	0.59604	0.032867	0.017589	0.042551	0.325858	0.631742	0.060258	0.015164	0.033255		0.663667	0.30902	0.488053	0.146273	0.0
stages_bg_stages_morphtok_mv_BGMTI1_BGMTI2_BGMTI3_BGMTI4_BGMTI5__ps-0p01__bias-0p1__cb-0p1__nbm-lhs-parsed__nbe-0p001__nbmin-0p1__lex-from-prev__ls-0p1	MMM1and2	01	0.01	0.1	0.001	0.950238	0.882266	0.694125	0.852091		0.970292	0.920867									0.744322														
stages_bg_stages_morphtok_mv_BGMTI1_BGMTI2_BGMTI3_BGMTI4_BGMTI5__ps-0p01__bias-0p1__cb-0p1__nbm-lhs-parsed__nbe-0p001__nbmin-0p1__lex-from-prev__ls-0p1	MMM1and2	02	0.01	0.1	0.001	0.950238	0.882266	0.694125	0.852091	0.434977	0.376716	0.662449	0.567703	0.403422							0.698247														
stages_bg_stages_morphtok_mv_BGMTI1_BGMTI2_BGMTI3_BGMTI4_BGMTI5__ps-0p01__bias-0p1__cb-0p1__nbm-lhs-parsed__nbe-0p001__nbmin-0p1__lex-from-prev__ls-0p1	MMM1and2	03	0.01	0.1	0.001	0.950238	0.882266	0.694125	0.852091	0.641378	0.163587	0.661621	0.61108	0.422978							0.665027								0.489172		0.640347		0.505301		0.0
stages_bg_stages_morphtok_mv_BGMTI1_BGMTI2_BGMTI3_BGMTI4_BGMTI5__ps-0p01__bias-0p1__cb-0p1__nbm-lhs-parsed__nbe-0p001__nbmin-0p1__lex-from-prev__ls-0p1	MMM1and2	04	0.01	0.1	0.001	0.950238	0.882266	0.526971	0.852091	0.694968	0.102642	0.252349	0.540236	0.392844							0.656214								0.455264		0.616463		0.502526		0.0
stages_bg_stages_morphtok_mv_BGMTI1_BGMTI2_BGMTI3_BGMTI4_BGMTI5__ps-0p01__bias-0p1__cb-0p1__nbm-lhs-parsed__nbe-0p001__nbmin-0p1__lex-from-prev__ls-0p1	MMM1and2	05	0.01	0.1	0.001	0.644807	0.335266	0.713613	0.11809	0.543366	0.07753	0.355268	0.420892	0.507979	0.362986	0.27548	0.492401	0.319522	0.525618	0.005326	0.591995	0.031256	0.016432	0.039307	0.330491	0.633153	0.061734	0.015164	0.044089		0.657064	0.315176	0.484661	0.15521	0.0
stages_bg_stages_morphtok_mv_BGMTI1_BGMTI2_BGMTI3_BGMTI4_BGMTI5__ps-0p01__bias-0p1__cb-0p1__nbm-lhs-parsed__nbe-0p005__nbmin-0p1__lex-from-prev__ls-0p1	MMM1and2	01	0.01	0.1	0.005	0.950238	0.882266	0.694125	0.852091		0.970292	0.920867									0.744322														
stages_bg_stages_morphtok_mv_BGMTI1_BGMTI2_BGMTI3_BGMTI4_BGMTI5__ps-0p01__bias-0p1__cb-0p1__nbm-lhs-parsed__nbe-0p005__nbmin-0p1__lex-from-prev__ls-0p1	MMM1and2	02	0.01	0.1	0.005	0.950238	0.882266	0.694125	0.852091	0.434977	0.376716	0.662449	0.567703	0.403422							0.698247														
stages_bg_stages_morphtok_mv_BGMTI1_BGMTI2_BGMTI3_BGMTI4_BGMTI5__ps-0p01__bias-0p1__cb-0p1__nbm-lhs-parsed__nbe-0p005__nbmin-0p1__lex-from-prev__ls-0p1	MMM1and2	03	0.01	0.1	0.005	0.950238	0.882266	0.694125	0.852091	0.641387	0.163527	0.661621	0.611089	0.423142							0.664557								0.48918		0.64024		0.505351		0.0
stages_bg_stages_morphtok_mv_BGMTI1_BGMTI2_BGMTI3_BGMTI4_BGMTI5__ps-0p01__bias-0p1__cb-0p1__nbm-lhs-parsed__nbe-0p005__nbmin-0p1__lex-from-prev__ls-0p1	MMM1and2	04	0.01	0.1	0.005	0.950238	0.882266	0.526471	0.852091	0.695254	0.102728	0.252056	0.540291	0.392984							0.656094								0.455655		0.616477		0.502536		0.0
stages_bg_stages_morphtok_mv_BGMTI1_BGMTI2_BGMTI3_BGMTI4_BGMTI5__ps-0p01__bias-0p1__cb-0p1__nbm-lhs-parsed__nbe-0p005__nbmin-0p1__lex-from-prev__ls-0p1	MMM1and2	05	0.01	0.1	0.005	0.644803	0.335274	0.713537	0.118098	0.543408	0.077532	0.355116	0.420894	0.507978	0.362994	0.275488	0.492418	0.318225	0.525299	0.005291	0.591702	0.031276	0.016433	0.039278	0.330258	0.633151	0.055658	0.014874	0.044064		0.657071	0.315032	0.484597	0.154993	0.0
stages_bg_stages_morphtok_mv_BGMTI1_BGMTI2_BGMTI3_BGMTI4_BGMTI5__ps-0p01__bias-0p1__cb-0p1__nbm-lhs-parsed__nbe-0p01__nbmin-0p1__lex-from-prev__ls-0p1	MMM1and2	01	0.01	0.1	0.01	0.950238	0.882266	0.694125	0.852091		0.970292	0.920867									0.744322														
stages_bg_stages_morphtok_mv_BGMTI1_BGMTI2_BGMTI3_BGMTI4_BGMTI5__ps-0p01__bias-0p1__cb-0p1__nbm-lhs-parsed__nbe-0p01__nbmin-0p1__lex-from-prev__ls-0p1	MMM1and2	02	0.01	0.1	0.01	0.950238	0.882266	0.694125	0.852091	0.434977	0.376716	0.662449	0.567703	0.403422							0.698247														
stages_bg_stages_morphtok_mv_BGMTI1_BGMTI2_BGMTI3_BGMTI4_BGMTI5__ps-0p01__bias-0p1__cb-0p1__nbm-lhs-parsed__nbe-0p01__nbmin-0p1__lex-from-prev__ls-0p1	MMM1and2	03	0.01	0.1	0.01	0.950238	0.882266	0.694125	0.852091	0.641394	0.163444	0.66162	0.611124	0.423349							0.663596								0.489166		0.640099		0.505423		0.0
stages_bg_stages_morphtok_mv_BGMTI1_BGMTI2_BGMTI3_BGMTI4_BGMTI5__ps-0p01__bias-0p1__cb-0p1__nbm-lhs-parsed__nbe-0p01__nbmin-0p1__lex-from-prev__ls-0p1	MMM1and2	04	0.01	0.1	0.01	0.950238	0.882266	0.52586	0.852091	0.695612	0.10283	0.251702	0.54036	0.393155							0.655939								0.456121		0.61649		0.502549		0.0
stages_bg_stages_morphtok_mv_BGMTI1_BGMTI2_BGMTI3_BGMTI4_BGMTI5__ps-0p01__bias-0p1__cb-0p1__nbm-lhs-parsed__nbe-0p01__nbmin-0p1__lex-from-prev__ls-0p1	MMM1and2	05	0.01	0.1	0.01	0.644799	0.335284	0.713446	0.118113	0.543465	0.077527	0.354933	0.420904	0.50795	0.362755	0.275453	0.492086	0.316645	0.523163	0.005252	0.591316	0.031305	0.016433	0.039238	0.329594	0.632782	0.049065	0.014335	0.04404		0.657074	0.314833	0.484448	0.154725	0.0
stages_bg_stages_morphtok_mv_BGMTI1_BGMTI2_BGMTI3_BGMTI4_BGMTI5__ps-0p01__bias-0p1__cb-0p1__nbm-lhs-parsed__nbe-0p05__nbmin-0p1__lex-from-prev__ls-0p1	MMM1and2	01	0.01	0.1	0.05	0.950238	0.882266	0.694125	0.852091		0.970292	0.920867									0.744322														
stages_bg_stages_morphtok_mv_BGMTI1_BGMTI2_BGMTI3_BGMTI4_BGMTI5__ps-0p01__bias-0p1__cb-0p1__nbm-lhs-parsed__nbe-0p05__nbmin-0p1__lex-from-prev__ls-0p1	MMM1and2	02	0.01	0.1	0.05	0.950238	0.882266	0.694125	0.852091	0.434975	0.376721	0.662448	0.567701	0.40342							0.697753														
stages_bg_stages_morphtok_mv_BGMTI1_BGMTI2_BGMTI3_BGMTI4_BGMTI5__ps-0p01__bias-0p1__cb-0p1__nbm-lhs-parsed__nbe-0p05__nbmin-0p1__lex-from-prev__ls-0p1	MMM1and2	03	0.01	0.1	0.05	0.950238	0.882266	0.694125	0.852091	0.642336	0.162473	0.66161	0.611449	0.424224							0.657439								0.488933		0.635996		0.505998		0.0
stages_bg_stages_morphtok_mv_BGMTI1_BGMTI2_BGMTI3_BGMTI4_BGMTI5__ps-0p01__bias-0p1__cb-0p1__nbm-lhs-parsed__nbe-0p05__nbmin-0p1__lex-from-prev__ls-0p1	MMM1and2	04	0.01	0.1	0.05	0.950238	0.882266	0.521421	0.852091	0.698505	0.103532	0.249238	0.540894	0.394112							0.654249								0.4593		0.616183		0.502647		0.0
stages_bg_stages_morphtok_mv_BGMTI1_BGMTI2_BGMTI3_BGMTI4_BGMTI5__ps-0p01__bias-0p1__cb-0p1__nbm-lhs-parsed__nbe-0p05__nbmin-0p1__lex-from-prev__ls-0p1	MMM1and2	05	0.01	0.1	0.05	0.644756	0.335351	0.712784	0.11828	0.543856	0.077277	0.353626	0.421038	0.508001	0.358894	0.27508	0.490994	0.30415	0.503339	0.004904	0.588682	0.031645	0.016423	0.038953	0.325425	0.628953	0.020497	0.011518	0.04398		0.654743	0.312604	0.483572	0.151633	0.0
stages_bg_stages_morphtok_mv_BGMTI1_BGMTI2_BGMTI3_BGMTI4_BGMTI5__ps-0p1__bias-0p1__cb-0p1__nbm-lhs-parsed__nbe-0p001__nbmin-0p1__lex-from-prev__ls-0p001	MMM1and2	01	0.1	0.001	0.001	0.950238	0.882266	0.694125	0.852091		0.970292	0.920867									0.744322														
stages_bg_stages_morphtok_mv_BGMTI1_BGMTI2_BGMTI3_BGMTI4_BGMTI5__ps-0p1__bias-0p1__cb-0p1__nbm-lhs-parsed__nbe-0p001__nbmin-0p1__lex-from-prev__ls-0p001	MMM1and2	02	0.1	0.001	0.001			0.694125	0.852091	0.434872	0.377557	0.662171	0.568631	0.427916							0.692641														
stages_bg_stages_morphtok_mv_BGMTI1_BGMTI2_BGMTI3_BGMTI4_BGMTI5__ps-0p1__bias-0p1__cb-0p1__nbm-lhs-parsed__nbe-0p001__nbmin-0p1__lex-from-prev__ls-0p001	MMM1and2	03	0.1	0.001	0.001	0.950238	0.882266	0.694125	0.852091	0.460943	0.17218	0.662778	0.534831	0.430465							0.68105								0.655018		0.758392		0.502418		0.0
stages_bg_stages_morphtok_mv_BGMTI1_BGMTI2_BGMTI3_BGMTI4_BGMTI5__ps-0p1__bias-0p1__cb-0p1__nbm-lhs-parsed__nbe-0p001__nbmin-0p1__lex-from-prev__ls-0p001	MMM1and2	04	0.1	0.001	0.001	0.950238	0.882266	0.457192	0.852091	0.505074	0.097434	0.219027	0.483219	0.432815							0.67758								0.624211		0.767307		0.502187		0.0
stages_bg_stages_morphtok_mv_BGMTI1_BGMTI2_BGMTI3_BGMTI4_BGMTI5__ps-0p1__bias-0p1__cb-0p1__nbm-lhs-parsed__nbe-0p001__nbmin-0p1__lex-from-prev__ls-0p001	MMM1and2	05	0.1	0.001	0.001	0.631847	0.318025	0.68182	0.108826	0.466911	0.063339	0.239988	0.390009	0.485129	0.365445	0.267586	0.512729	0.304338	0.529464	0.005181	0.619289	0.032783	0.017397	0.0396	0.329359	0.62165	0.047977	0.013604	0.163728		0.695898	0.339994	0.488556	0.15936	0.0
stages_bg_stages_morphtok_mv_BGMTI1_BGMTI2_BGMTI3_BGMTI4_BGMTI5__ps-0p1__bias-0p1__cb-0p1__nbm-lhs-parsed__nbe-0p001__nbmin-0p1__lex-from-prev__ls-0p01	MMM1and2	01	0.1	0.01	0.001	0.950238	0.882266	0.694125	0.852091		0.970292	0.920867									0.744322														
stages_bg_stages_morphtok_mv_BGMTI1_BGMTI2_BGMTI3_BGMTI4_BGMTI5__ps-0p1__bias-0p1__cb-0p1__nbm-lhs-parsed__nbe-0p001__nbmin-0p1__lex-from-prev__ls-0p01	MMM1and2	02	0.1	0.01	0.001	0.950238	0.882266	0.694125	0.852091	0.434843	0.377565	0.662194	0.568649	0.427815							0.692487														
stages_bg_stages_morphtok_mv_BGMTI1_BGMTI2_BGMTI3_BGMTI4_BGMTI5__ps-0p1__bias-0p1__cb-0p1__nbm-lhs-parsed__nbe-0p001__nbmin-0p1__lex-from-prev__ls-0p01	MMM1and2	03	0.1	0.01	0.001	0.950238	0.882266	0.694125	0.852091	0.463175	0.171424	0.662716	0.534419	0.428426							0.680653								0.646361		0.758218		0.502537		0.0
stages_bg_stages_morphtok_mv_BGMTI1_BGMTI2_BGMTI3_BGMTI4_BGMTI5__ps-0p1__bias-0p1__cb-0p1__nbm-lhs-parsed__nbe-0p001__nbmin-0p1__lex-from-prev__ls-0p01	MMM1and2	04	0.1	0.01	0.001	0.950238	0.882266	0.470633	0.852091	0.510498	0.098381	0.226706	0.483789	0.430134							0.677015								0.61941		0.765508		0.502248		0.0
stages_bg_stages_morphtok_mv_BGMTI1_BGMTI2_BGMTI3_BGMTI4_BGMTI5__ps-0p1__bias-0p1__cb-0p1__nbm-lhs-parsed__nbe-0p001__nbmin-0p1__lex-from-prev__ls-0p01	MMM1and2	05	0.1	0.01	0.001	0.633154	0.320125	0.677363	0.110222	0.469385	0.064344	0.243379	0.390721	0.482126	0.366887	0.268328	0.514626	0.303734	0.528598	0.005285	0.618012	0.032373	0.017022	0.039588	0.331074	0.620393	0.047997	0.013588	0.162282		0.695893	0.34132	0.489449	0.159994	0.0
stages_bg_stages_morphtok_mv_BGMTI1_BGMTI2_BGMTI3_BGMTI4_BGMTI5__ps-0p1__bias-0p1__cb-0p1__nbm-lhs-parsed__nbe-0p005__nbmin-0p1__lex-from-prev__ls-0p001	MMM1and2	01	0.1	0.001	0.005	0.950238	0.882266	0.694125	0.852091		0.970292	0.920867									0.744322														
stages_bg_stages_morphtok_mv_BGMTI1_BGMTI2_BGMTI3_BGMTI4_BGMTI5__ps-0p1__bias-0p1__cb-0p1__nbm-lhs-parsed__nbe-0p005__nbmin-0p1__lex-from-prev__ls-0p001	MMM1and2	02	0.1	0.001	0.005			0.694125	0.852091	0.434872	0.377568	0.662171	0.568628	0.427916							0.692174														
stages_bg_stages_morphtok_mv_BGMTI1_BGMTI2_BGMTI3_BGMTI4_BGMTI5__ps-0p1__bias-0p1__cb-0p1__nbm-lhs-parsed__nbe-0p005__nbmin-0p1__lex-from-prev__ls-0p001	MMM1and2	03	0.1	0.001	0.005	0.950238	0.882266	0.694125	0.852091	0.460946	0.170869	0.662731	0.534708	0.429457							0.676343								0.651124		0.749653		0.503209		0.0
stages_bg_stages_morphtok_mv_BGMTI1_BGMTI2_BGMTI3_BGMTI4_BGMTI5__ps-0p1__bias-0p1__cb-0p1__nbm-lhs-parsed__nbe-0p005__nbmin-0p1__lex-from-prev__ls-0p001	MMM1and2	04	0.1	0.001	0.005	0.950238	0.882266	0.455982	0.852091	0.507541	0.097155	0.218453	0.483984	0.43153							0.674176								0.620555		0.759675		0.502464		0.0
stages_bg_stages_morphtok_mv_BGMTI1_BGMTI2_BGMTI3_BGMTI4_BGMTI5__ps-0p1__bias-0p1__cb-0p1__nbm-lhs-parsed__nbe-0p005__nbmin-0p1__lex-from-prev__ls-0p001	MMM1and2	05	0.1	0.001	0.005	0.631819	0.318051	0.681861	0.108934	0.46857	0.062781	0.240026	0.390683	0.483787	0.361953	0.267382	0.512183	0.292899	0.506809	0.004828	0.613816	0.033184	0.017409	0.039348	0.325553	0.617898	0.023457	0.008877	0.162469		0.690267	0.33616	0.486792	0.154921	0.0
stages_bg_stages_morphtok_mv_BGMTI1_BGMTI2_BGMTI3_BGMTI4_BGMTI5__ps-0p1__bias-0p1__cb-0p1__nbm-lhs-parsed__nbe-0p005__nbmin-0p1__lex-from-prev__ls-0p01	MMM1and2	01	0.1	0.01	0.005	0.950238	0.882266	0.694125	0.852091		0.970292	0.920867									0.744322														
stages_bg_stages_morphtok_mv_BGMTI1_BGMTI2_BGMTI3_BGMTI4_BGMTI5__ps-0p1__bias-0p1__cb-0p1__nbm-lhs-parsed__nbe-0p005__nbmin-0p1__lex-from-prev__ls-0p01	MMM1and2	02	0.1	0.01	0.005	0.950238	0.882266	0.694125	0.852091	0.434842	0.377576	0.662194	0.568647	0.427813							0.692015														
stages_bg_stages_morphtok_mv_BGMTI1_BGMTI2_BGMTI3_BGMTI4_BGMTI5__ps-0p1__bias-0p1__cb-0p1__nbm-lhs-parsed__nbe-0p005__nbmin-0p1__lex-from-prev__ls-0p01	MMM1and2	03	0.1	0.01	0.005	0.950238	0.882266	0.694125	0.852091	0.463192	0.170142	0.662672	0.5343	0.427425							0.675914								0.64281		0.749556		0.503331		0.0
stages_bg_stages_morphtok_mv_BGMTI1_BGMTI2_BGMTI3_BGMTI4_BGMTI5__ps-0p1__bias-0p1__cb-0p1__nbm-lhs-parsed__nbe-0p005__nbmin-0p1__lex-from-prev__ls-0p01	MMM1and2	04	0.1	0.01	0.005	0.950238	0.882266	0.469113	0.852091	0.512942	0.098086	0.226031	0.484555	0.428947							0.673564								0.616193		0.757921		0.502538		0.0
stages_bg_stages_morphtok_mv_BGMTI1_BGMTI2_BGMTI3_BGMTI4_BGMTI5__ps-0p1__bias-0p1__cb-0p1__nbm-lhs-parsed__nbe-0p005__nbmin-0p1__lex-from-prev__ls-0p01	MMM1and2	05	0.1	0.01	0.005	0.633121	0.320156	0.677352	0.110337	0.471079	0.063837	0.24338	0.391399	0.480742	0.363344	0.268144	0.513995	0.292311	0.506131	0.004932	0.612685	0.032782	0.017039	0.039319	0.327261	0.616687	0.023002	0.00883	0.161148		0.690213	0.337526	0.487689	0.15561	0.0
stages_bg_stages_morphtok_mv_BGMTI1_BGMTI2_BGMTI3_BGMTI4_BGMTI5__ps-0p1__bias-0p1__cb-0p1__nbm-lhs-parsed__nbe-0p01__nbmin-0p1__lex-from-prev__ls-0p001	MMM1and2	01	0.1	0.001	0.01	0.950238	0.882266	0.694125	0.852091		0.970292	0.920867									0.744322														
stages_bg_stages_morphtok_mv_BGMTI1_BGMTI2_BGMTI3_BGMTI4_BGMTI5__ps-0p1__bias-0p1__cb-0p1__nbm-lhs-parsed__nbe-0p01__nbmin-0p1__lex-from-prev__ls-0p001	MMM1and2	02	0.1	0.001	0.01			0.694125	0.852091	0.434858	0.377613	0.662171	0.568622	0.427852							0.689412														
stages_bg_stages_morphtok_mv_BGMTI1_BGMTI2_BGMTI3_BGMTI4_BGMTI5__ps-0p1__bias-0p1__cb-0p1__nbm-lhs-parsed__nbe-0p01__nbmin-0p1__lex-from-prev__ls-0p001	MMM1and2	03	0.1	0.001	0.01	0.950238	0.882266	0.694125	0.852091	0.461087	0.169384	0.662672	0.534509	0.429044							0.670507								0.646666		0.739301		0.504328		0.0
stages_bg_stages_morphtok_mv_BGMTI1_BGMTI2_BGMTI3_BGMTI4_BGMTI5__ps-0p1__bias-0p1__cb-0p1__nbm-lhs-parsed__nbe-0p01__nbmin-0p1__lex-from-prev__ls-0p001	MMM1and2	04	0.1	0.001	0.01	0.950238	0.882266	0.45464	0.852091	0.510301	0.096887	0.217828	0.484814	0.430573							0.669818								0.616632		0.751328		0.502912		0.0
stages_bg_stages_morphtok_mv_BGMTI1_BGMTI2_BGMTI3_BGMTI4_BGMTI5__ps-0p1__bias-0p1__cb-0p1__nbm-lhs-parsed__nbe-0p01__nbmin-0p1__lex-from-prev__ls-0p001	MMM1and2	05	0.1	0.001	0.01	0.631794	0.318109	0.681962	0.109083	0.470059	0.062477	0.240088	0.391339	0.483354	0.358049	0.267216	0.511401	0.280056	0.484724	0.004485	0.608022	0.033502	0.017399	0.039082	0.321571	0.613593	0.011355	0.005608	0.161596		0.684195	0.332355	0.484574	0.150276	0.0
stages_bg_stages_morphtok_mv_BGMTI1_BGMTI2_BGMTI3_BGMTI4_BGMTI5__ps-0p1__bias-0p1__cb-0p1__nbm-lhs-parsed__nbe-0p01__nbmin-0p1__lex-from-prev__ls-0p01	MMM1and2	01	0.1	0.01	0.01	0.950238	0.882266	0.694125	0.852091		0.970292	0.920867									0.744322														
stages_bg_stages_morphtok_mv_BGMTI1_BGMTI2_BGMTI3_BGMTI4_BGMTI5__ps-0p1__bias-0p1__cb-0p1__nbm-lhs-parsed__nbe-0p01__nbmin-0p1__lex-from-prev__ls-0p01	MMM1and2	02	0.1	0.01	0.01	0.950238	0.882266	0.694125	0.852091	0.434828	0.377622	0.662194	0.56864	0.427749							0.689227														
stages_bg_stages_morphtok_mv_BGMTI1_BGMTI2_BGMTI3_BGMTI4_BGMTI5__ps-0p1__bias-0p1__cb-0p1__nbm-lhs-parsed__nbe-0p01__nbmin-0p1__lex-from-prev__ls-0p01	MMM1and2	03	0.1	0.01	0.01	0.950238	0.882266	0.694125	0.852091	0.463341	0.168696	0.66262	0.534109	0.427037							0.670014								0.638777		0.739322		0.504439		0.0
stages_bg_stages_morphtok_mv_BGMTI1_BGMTI2_BGMTI3_BGMTI4_BGMTI5__ps-0p1__bias-0p1__cb-0p1__nbm-lhs-parsed__nbe-0p01__nbmin-0p1__lex-from-prev__ls-0p01	MMM1and2	04	0.1	0.01	0.01	0.950238	0.882266	0.467512	0.852091	0.515676	0.097804	0.225329	0.485376	0.428115							0.669157								0.612782		0.749692		0.502992		0.0
stages_bg_stages_morphtok_mv_BGMTI1_BGMTI2_BGMTI3_BGMTI4_BGMTI5__ps-0p1__bias-0p1__cb-0p1__nbm-lhs-parsed__nbe-0p01__nbmin-0p1__lex-from-prev__ls-0p01	MMM1and2	05	0.1	0.01	0.01	0.633094	0.320216	0.677404	0.110484	0.472533	0.063513	0.243411	0.392045	0.48035	0.359401	0.267963	0.513133	0.279478	0.484358	0.004587	0.607019	0.033097	0.017031	0.039038	0.323299	0.612447	0.011006	0.005553	0.160405		0.684253	0.333765	0.485449	0.15101	0.0
stages_bg_stages_morphtok_mv_BGMTI1_BGMTI2_BGMTI3_BGMTI4_BGMTI5__ps-0p1__bias-0p1__cb-0p1__nbm-lhs-parsed__nbe-0p05__nbmin-0p1__lex-from-prev__ls-0p01	MMM1and2	01	0.1	0.01	0.05	0.950238	0.882266	0.694125	0.852091		0.970292	0.920867									0.744322														
stages_bg_stages_morphtok_mv_BGMTI1_BGMTI2_BGMTI3_BGMTI4_BGMTI5__ps-0p1__bias-0p1__cb-0p1__nbm-lhs-parsed__nbe-0p05__nbmin-0p1__lex-from-prev__ls-0p01	MMM1and2	02	0.1	0.01	0.05	0.950238	0.882266	0.694125	0.852091	0.434754	0.377562	0.662191	0.568505	0.427103							0.677635														
stages_bg_stages_morphtok_mv_BGMTI1_BGMTI2_BGMTI3_BGMTI4_BGMTI5__ps-0p1__bias-0p1__cb-0p1__nbm-lhs-parsed__nbe-0p05__nbmin-0p1__lex-from-prev__ls-0p01	MMM1and2	03	0.1	0.01	0.05	0.950238	0.882266	0.694125	0.852091	0.465206	0.158561	0.66228	0.533186	0.430011							0.642825								0.611853		0.692401		0.513711		0.0
stages_bg_stages_morphtok_mv_BGMTI1_BGMTI2_BGMTI3_BGMTI4_BGMTI5__ps-0p1__bias-0p1__cb-0p1__nbm-lhs-parsed__nbe-0p05__nbmin-0p1__lex-from-prev__ls-0p01	MMM1and2	04	0.1	0.01	0.05	0.950238	0.882266	0.460622	0.852091	0.530804	0.096593	0.22188	0.490214	0.430398							0.648131								0.590128		0.711809		0.507598		0.0
stages_bg_stages_morphtok_mv_BGMTI1_BGMTI2_BGMTI3_BGMTI4_BGMTI5__ps-0p1__bias-0p1__cb-0p1__nbm-lhs-parsed__nbe-0p05__nbmin-0p1__lex-from-prev__ls-0p01	MMM1and2	05	0.1	0.01	0.05	0.632901	0.320825	0.678405	0.111315	0.479808	0.062423	0.24394	0.395644	0.482626	0.335973	0.266961	0.497903	0.207403	0.387439	0.00241	0.578788	0.035609	0.017026	0.037504	0.299056	0.586986	0.002345	0.000128	0.158869		0.658631	0.313439	0.471974	0.129223	0.0
stages_bg_stages_morphtok_mv_BGMTI1_BGMTI2_BGMTI3_BGMTI4_BGMTI5__ps-0p2__bias-0p1__cb-0p1__nbm-lhs-parsed__nbe-0p001__nbmin-0p1__lex-from-prev__ls-0p001	MMM1and2	01	0.2	0.001	0.001	0.950238	0.882266	0.694125	0.852091		0.970292	0.920867									0.744322														
stages_bg_stages_morphtok_mv_BGMTI1_BGMTI2_BGMTI3_BGMTI4_BGMTI5__ps-0p2__bias-0p1__cb-0p1__nbm-lhs-parsed__nbe-0p001__nbmin-0p1__lex-from-prev__ls-0p001	MMM1and2	02	0.2	0.001	0.001			0.694125	0.852091	0.435175	0.378707	0.66216	0.569042	0.443015							0.688309														
stages_bg_stages_morphtok_mv_BGMTI1_BGMTI2_BGMTI3_BGMTI4_BGMTI5__ps-0p2__bias-0p1__cb-0p1__nbm-lhs-parsed__nbe-0p001__nbmin-0p1__lex-from-prev__ls-0p001	MMM1and2	03	0.2	0.001	0.001	0.950238	0.882266	0.694125	0.852091	0.435655	0.2367	0.662169	0.522951	0.436698							0.679853								0.710477		0.809203		0.502162		0.0
stages_bg_stages_morphtok_mv_BGMTI1_BGMTI2_BGMTI3_BGMTI4_BGMTI5__ps-0p2__bias-0p1__cb-0p1__nbm-lhs-parsed__nbe-0p001__nbmin-0p1__lex-from-prev__ls-0p001	MMM1and2	04	0.2	0.001	0.001	0.950238	0.882266	0.482904	0.852091	0.45801	0.152719	0.227523	0.444327	0.430632							0.678308								0.708709		0.807222		0.501916		0.0
stages_bg_stages_morphtok_mv_BGMTI1_BGMTI2_BGMTI3_BGMTI4_BGMTI5__ps-0p2__bias-0p1__cb-0p1__nbm-lhs-parsed__nbe-0p001__nbmin-0p1__lex-from-prev__ls-0p001	MMM1and2	05	0.2	0.001	0.001	0.631801	0.319177	0.663928	0.109324	0.395594	0.057	0.224647	0.37224	0.459946	0.372307	0.259081	0.582053	0.299935	0.53048	0.004313	0.645085	0.03272	0.017098	0.038083	0.340001	0.612778	0.038648	0.010882	0.395118		0.748691	0.418251	0.498436	0.169354	0.0
stages_bg_stages_morphtok_mv_BGMTI1_BGMTI2_BGMTI3_BGMTI4_BGMTI5__ps-0p2__bias-0p1__cb-0p1__nbm-lhs-parsed__nbe-0p001__nbmin-0p1__lex-from-prev__ls-0p01	MMM1and2	01	0.2	0.01	0.001	0.950238	0.882266	0.694125	0.852091		0.970292	0.920867									0.744322														
stages_bg_stages_morphtok_mv_BGMTI1_BGMTI2_BGMTI3_BGMTI4_BGMTI5__ps-0p2__bias-0p1__cb-0p1__nbm-lhs-parsed__nbe-0p001__nbmin-0p1__lex-from-prev__ls-0p01	MMM1and2	02	0.2	0.01	0.001	0.950238	0.882266	0.694125	0.852091	0.435183	0.378726	0.662196	0.569075	0.442812							0.688295														
stages_bg_stages_morphtok_mv_BGMTI1_BGMTI2_BGMTI3_BGMTI4_BGMTI5__ps-0p2__bias-0p1__cb-0p1__nbm-lhs-parsed__nbe-0p001__nbmin-0p1__lex-from-prev__ls-0p01	MMM1and2	03	0.2	0.01	0.001	0.950238	0.882266	0.694125	0.852091	0.436483	0.235432	0.662089	0.522668	0.435255							0.679728								0.701015		0.808744		0.50221		0.0
stages_bg_stages_morphtok_mv_BGMTI1_BGMTI2_BGMTI3_BGMTI4_BGMTI5__ps-0p2__bias-0p1__cb-0p1__nbm-lhs-parsed__nbe-0p001__nbmin-0p1__lex-from-prev__ls-0p01	MMM1and2	04	0.2	0.01	0.001	0.950238	0.882266	0.501414	0.852091	0.46291	0.156274	0.235184	0.446266	0.428576							0.678021								0.700932		0.806556		0.501946		0.0
stages_bg_stages_morphtok_mv_BGMTI1_BGMTI2_BGMTI3_BGMTI4_BGMTI5__ps-0p2__bias-0p1__cb-0p1__nbm-lhs-parsed__nbe-0p001__nbmin-0p1__lex-from-prev__ls-0p01	MMM1and2	05	0.2	0.01	0.001	0.6331	0.321369	0.660337	0.110876	0.399588	0.057838	0.227555	0.373048	0.458257	0.373565	0.259871	0.585035	0.299794	0.529201	0.004369	0.64379	0.032264	0.016705	0.038211	0.342308	0.611384	0.038506	0.010811	0.380142		0.748579	0.421486	0.499118	0.170098	0.0
stages_bg_stages_morphtok_mv_BGMTI1_BGMTI2_BGMTI3_BGMTI4_BGMTI5__ps-0p2__bias-0p1__cb-0p1__nbm-lhs-parsed__nbe-0p001__nbmin-0p1__lex-from-prev__ls-0p1	MMM1and2	01	0.2	0.1	0.001	0.950238	0.882266	0.694125	0.852091		0.970292	0.920867									0.744322														
stages_bg_stages_morphtok_mv_BGMTI1_BGMTI2_BGMTI3_BGMTI4_BGMTI5__ps-0p2__bias-0p1__cb-0p1__nbm-lhs-parsed__nbe-0p001__nbmin-0p1__lex-from-prev__ls-0p1	MMM1and2	02	0.2	0.1	0.001	0.950238	0.882266	0.694125	0.852091	0.435714	0.378764	0.662521	0.569168	0.441789							0.68779														
stages_bg_stages_morphtok_mv_BGMTI1_BGMTI2_BGMTI3_BGMTI4_BGMTI5__ps-0p2__bias-0p1__cb-0p1__nbm-lhs-parsed__nbe-0p001__nbmin-0p1__lex-from-prev__ls-0p1	MMM1and2	03	0.2	0.1	0.001	0.950238	0.882266	0.694125	0.852091	0.436849	0.247454	0.66135	0.521868	0.436855							0.679771								0.679481		0.782565		0.502432		0.0
stages_bg_stages_morphtok_mv_BGMTI1_BGMTI2_BGMTI3_BGMTI4_BGMTI5__ps-0p2__bias-0p1__cb-0p1__nbm-lhs-parsed__nbe-0p001__nbmin-0p1__lex-from-prev__ls-0p1	MMM1and2	04	0.2	0.1	0.001	0.950238	0.882266	0.563853	0.852091	0.470033	0.167982	0.24478	0.457274	0.43066							0.680199								0.69031		0.779498		0.502052		0.0
stages_bg_stages_morphtok_mv_BGMTI1_BGMTI2_BGMTI3_BGMTI4_BGMTI5__ps-0p2__bias-0p1__cb-0p1__nbm-lhs-parsed__nbe-0p001__nbmin-0p1__lex-from-prev__ls-0p1	MMM1and2	05	0.2	0.1	0.001	0.644982	0.340533	0.650161	0.120611	0.394953	0.059804	0.228563	0.37508	0.46219	0.375625	0.257763	0.591638	0.302948	0.526015	0.003908	0.6449	0.030941	0.015817	0.036308	0.346132	0.611122	0.035579	0.010587	0.385671		0.735853	0.426407	0.499726	0.177516	0.0
stages_bg_stages_morphtok_mv_BGMTI1_BGMTI2_BGMTI3_BGMTI4_BGMTI5__ps-0p2__bias-0p1__cb-0p1__nbm-lhs-parsed__nbe-0p005__nbmin-0p1__lex-from-prev__ls-0p1	MMM1and2	01	0.2	0.1	0.005	0.950238	0.882266	0.694125	0.852091		0.970292	0.920867									0.744322														
stages_bg_stages_morphtok_mv_BGMTI1_BGMTI2_BGMTI3_BGMTI4_BGMTI5__ps-0p2__bias-0p1__cb-0p1__nbm-lhs-parsed__nbe-0p005__nbmin-0p1__lex-from-prev__ls-0p1	MMM1and2	02	0.2	0.1	0.005	0.950238	0.882266	0.694125	0.852091	0.435691	0.378828	0.662521	0.569158	0.441703							0.684188														
stages_bg_stages_morphtok_mv_BGMTI1_BGMTI2_BGMTI3_BGMTI4_BGMTI5__ps-0p2__bias-0p1__cb-0p1__nbm-lhs-parsed__nbe-0p005__nbmin-0p1__lex-from-prev__ls-0p1	MMM1and2	03	0.2	0.1	0.005	0.950238	0.882266	0.694125	0.852091	0.435546	0.243878	0.661331	0.520996	0.435295							0.671703								0.66179		0.753205		0.506452		0.0
stages_bg_stages_morphtok_mv_BGMTI1_BGMTI2_BGMTI3_BGMTI4_BGMTI5__ps-0p2__bias-0p1__cb-0p1__nbm-lhs-parsed__nbe-0p005__nbmin-0p1__lex-from-prev__ls-0p1	MMM1and2	04	0.2	0.1	0.005	0.950238	0.882266	0.560925	0.852091	0.470412	0.165543	0.244135	0.457952	0.429009							0.673828								0.674063		0.753075		0.505034		0.0
stages_bg_stages_morphtok_mv_BGMTI1_BGMTI2_BGMTI3_BGMTI4_BGMTI5__ps-0p2__bias-0p1__cb-0p1__nbm-lhs-parsed__nbe-0p005__nbmin-0p1__lex-from-prev__ls-0p1	MMM1and2	05	0.2	0.1	0.005	0.644891	0.340711	0.651219	0.120783	0.397453	0.05853	0.228902	0.376764	0.460726	0.367554	0.257727	0.589355	0.28187	0.488378	0.003387	0.63295	0.031671	0.015941	0.035841	0.34087	0.604984	0.007814	0.002753	0.371017		0.712194	0.415336	0.494959	0.167487	0.0
stages_bg_stages_morphtok_mv_BGMTI1_BGMTI2_BGMTI3_BGMTI4_BGMTI5__ps-0p2__bias-0p1__cb-0p1__nbm-lhs-parsed__nbe-0p01__nbmin-0p1__lex-from-prev__ls-0p001	MMM1and2	01	0.2	0.001	0.01	0.950238	0.882266	0.694125	0.852091		0.970292	0.920867									0.744322														
stages_bg_stages_morphtok_mv_BGMTI1_BGMTI2_BGMTI3_BGMTI4_BGMTI5__ps-0p2__bias-0p1__cb-0p1__nbm-lhs-parsed__nbe-0p01__nbmin-0p1__lex-from-prev__ls-0p001	MMM1and2	02	0.2	0.001	0.01			0.694125	0.852091	0.435132	0.378817	0.66216	0.569026	0.442739							0.680963														
stages_bg_stages_morphtok_mv_BGMTI1_BGMTI2_BGMTI3_BGMTI4_BGMTI5__ps-0p2__bias-0p1__cb-0p1__nbm-lhs-parsed__nbe-0p01__nbmin-0p1__lex-from-prev__ls-0p001	MMM1and2	03	0.2	0.001	0.01	0.950238	0.882266	0.694125	0.852091	0.433816	0.229902	0.661967	0.521443	0.434468							0.663403								0.664159		0.753538		0.513336		0.0
stages_bg_stages_morphtok_mv_BGMTI1_BGMTI2_BGMTI3_BGMTI4_BGMTI5__ps-0p2__bias-0p1__cb-0p1__nbm-lhs-parsed__nbe-0p01__nbmin-0p1__lex-from-prev__ls-0p001	MMM1and2	04	0.2	0.001	0.01	0.950238	0.882266	0.480734	0.852091	0.458237	0.147343	0.225832	0.445728	0.428007							0.664792								0.663257		0.756492		0.511437		0.0
stages_bg_stages_morphtok_mv_BGMTI1_BGMTI2_BGMTI3_BGMTI4_BGMTI5__ps-0p2__bias-0p1__cb-0p1__nbm-lhs-parsed__nbe-0p01__nbmin-0p1__lex-from-prev__ls-0p001	MMM1and2	05	0.2	0.001	0.01	0.631636	0.319669	0.667135	0.109741	0.400953	0.054585	0.226043	0.37609	0.458509	0.356158	0.25898	0.573731	0.257531	0.456707	0.003118	0.620801	0.03428	0.017325	0.037162	0.328828	0.600223	0.003686	0.000337	0.355255		0.706572	0.393677	0.488235	0.150495	0.0
stages_bg_stages_morphtok_mv_BGMTMMM1_BGMTMMM2_BGMTMMM3_BGMTMMM4_BGMTMMM5__ps-0p001__bias-0p1__cb-0p1__nbm-lhs-parsed__nbe-0p001__nbmin-0p1__lex-from-prev__ls-0p001	MMM1and2	01	0.001	0.001	0.001	0.950238	0.882266	0.694125	0.852091	0.454015	0.378582	0.691322	0.604051	0.531592																					
stages_bg_stages_morphtok_mv_BGMTMMM1_BGMTMMM2_BGMTMMM3_BGMTMMM4_BGMTMMM5__ps-0p001__bias-0p1__cb-0p1__nbm-lhs-parsed__nbe-0p001__nbmin-0p1__lex-from-prev__ls-0p001	MMM1and2	02	0.001	0.001	0.001	0.950238	0.882266	0.694125	0.109717	0.312422	0.356807	0.654239	0.645489	0.576513				0.069649	0.601749	0.051428	0.697669			0.005076			0.370504	0.227633							
stages_bg_stages_morphtok_mv_BGMTMMM1_BGMTMMM2_BGMTMMM3_BGMTMMM4_BGMTMMM5__ps-0p001__bias-0p1__cb-0p1__nbm-lhs-parsed__nbe-0p001__nbmin-0p1__lex-from-prev__ls-0p001	MMM1and2	03	0.001	0.001	0.001	0.661761	0.300263	0.744795	0.107188	0.366534	0.311833	0.482912	0.448734	0.690096	0.367102	0.250563	0.719153	0.31066	0.518453	0.001937	0.646551	0.042643	0.021579	0.039902	0.41276	0.599181	0.114797	0.009302							
stages_bg_stages_morphtok_mv_BGMTMMM1_BGMTMMM2_BGMTMMM3_BGMTMMM4_BGMTMMM5__ps-0p001__bias-0p1__cb-0p1__nbm-lhs-parsed__nbe-0p001__nbmin-0p1__lex-from-prev__ls-0p001	MMM1and2	04	0.001	0.001	0.001	0.646012	0.312946	0.733374	0.110563	0.349461	0.045976	0.398201	0.445498	0.762714	0.335376	0.255244	0.442193	0.356443	0.57178	0.004358	0.618568	0.034047	0.012832	0.041197	0.302009	0.621866	0.1132	0.0151			0.789276	0.327866		0.141598	0.0
stages_bg_stages_morphtok_mv_BGMTMMM1_BGMTMMM2_BGMTMMM3_BGMTMMM4_BGMTMMM5__ps-0p001__bias-0p1__cb-0p1__nbm-lhs-parsed__nbe-0p001__nbmin-0p1__lex-from-prev__ls-0p001	MMM1and2	05	0.001	0.001	0.001	0.631844	0.316506	0.722412	0.109683	0.543547	0.07283	0.34365	0.41733	0.530144	0.359652	0.271348	0.483061	0.370682	0.569597	0.006062	0.599589	0.034667	0.018796	0.042459	0.322218	0.631696	0.113415	0.015165	0.03255		0.668603	0.311182	0.489705	0.137401	0.0
stages_bg_stages_morphtok_mv_BGMTMMM1_BGMTMMM2_BGMTMMM3_BGMTMMM4_BGMTMMM5__ps-0p001__bias-0p1__cb-0p1__nbm-lhs-parsed__nbe-0p001__nbmin-0p1__lex-from-prev__ls-0p01	MMM1and2	01	0.001	0.01	0.001	0.950238	0.882266	0.694125	0.852091	0.454015	0.378582	0.691322	0.604051	0.531592																					
stages_bg_stages_morphtok_mv_BGMTMMM1_BGMTMMM2_BGMTMMM3_BGMTMMM4_BGMTMMM5__ps-0p001__bias-0p1__cb-0p1__nbm-lhs-parsed__nbe-0p001__nbmin-0p1__lex-from-prev__ls-0p01	MMM1and2	02	0.001	0.01	0.001	0.950238	0.882266	0.694125	0.130328	0.306132	0.357101	0.653547	0.643008	0.56427				0.082043	0.607366	0.040767	0.700535			0.006641			0.370504	0.136129							
stages_bg_stages_morphtok_mv_BGMTMMM1_BGMTMMM2_BGMTMMM3_BGMTMMM4_BGMTMMM5__ps-0p001__bias-0p1__cb-0p1__nbm-lhs-parsed__nbe-0p001__nbmin-0p1__lex-from-prev__ls-0p01	MMM1and2	03	0.001	0.01	0.001	0.662607	0.301247	0.747169	0.106926	0.366693	0.312727	0.488474	0.449386	0.68845	0.367349	0.250596	0.720416	0.313282	0.517714	0.001994	0.645842	0.042453	0.021398	0.040311	0.414259	0.601418	0.115837	0.010497							
stages_bg_stages_morphtok_mv_BGMTMMM1_BGMTMMM2_BGMTMMM3_BGMTMMM4_BGMTMMM5__ps-0p001__bias-0p1__cb-0p1__nbm-lhs-parsed__nbe-0p001__nbmin-0p1__lex-from-prev__ls-0p01	MMM1and2	04	0.001	0.01	0.001	0.645881	0.312375	0.735263	0.110761	0.348632	0.046258	0.434184	0.447104	0.763497	0.337658	0.25487	0.444651	0.358911	0.573617	0.004033	0.618978	0.03454	0.01331	0.040727	0.301961	0.622208	0.114	0.015137			0.790629	0.328877		0.139099	0.0
stages_bg_stages_morphtok_mv_BGMTMMM1_BGMTMMM2_BGMTMMM3_BGMTMMM4_BGMTMMM5__ps-0p001__bias-0p1__cb-0p1__nbm-lhs-parsed__nbe-0p001__nbmin-0p1__lex-from-prev__ls-0p01	MMM1and2	05	0.001	0.01	0.001	0.632398	0.315025	0.725538	0.11032	0.542218	0.07279	0.364195	0.419198	0.530471	0.35929	0.26967	0.485563	0.375759	0.578168	0.005609	0.599147	0.035433	0.019624	0.041597	0.32204	0.633611	0.114013	0.015165	0.030033		0.670233	0.311091	0.49019	0.135882	0.0
stages_bg_stages_morphtok_mv_BGMTMMM1_BGMTMMM2_BGMTMMM3_BGMTMMM4_BGMTMMM5__ps-0p001__bias-0p1__cb-0p1__nbm-lhs-parsed__nbe-0p005__nbmin-0p1__lex-from-prev__ls-0p001	MMM1and2	01	0.001	0.001	0.005	0.950238	0.882266	0.694125	0.852091	0.454015	0.378582	0.691322	0.604051	0.531592																					
stages_bg_stages_morphtok_mv_BGMTMMM1_BGMTMMM2_BGMTMMM3_BGMTMMM4_BGMTMMM5__ps-0p001__bias-0p1__cb-0p1__nbm-lhs-parsed__nbe-0p005__nbmin-0p1__lex-from-prev__ls-0p001	MMM1and2	02	0.001	0.001	0.005	0.950238	0.882266	0.694125	0.109717	0.312422	0.356807	0.654239	0.645489	0.576513				0.069649	0.601749	0.051428	0.697669			0.005076			0.370504	0.227633							
stages_bg_stages_morphtok_mv_BGMTMMM1_BGMTMMM2_BGMTMMM3_BGMTMMM4_BGMTMMM5__ps-0p001__bias-0p1__cb-0p1__nbm-lhs-parsed__nbe-0p005__nbmin-0p1__lex-from-prev__ls-0p001	MMM1and2	03	0.001	0.001	0.005	0.661761	0.300263	0.744795	0.107188	0.366534	0.311833	0.482912	0.448734	0.690096	0.367102	0.250563	0.719153	0.31066	0.518453	0.001937	0.646551	0.042643	0.021579	0.039902	0.41276	0.599181	0.114797	0.009302							
stages_bg_stages_morphtok_mv_BGMTMMM1_BGMTMMM2_BGMTMMM3_BGMTMMM4_BGMTMMM5__ps-0p001__bias-0p1__cb-0p1__nbm-lhs-parsed__nbe-0p005__nbmin-0p1__lex-from-prev__ls-0p001	MMM1and2	04	0.001	0.001	0.005	0.646012	0.312945	0.733374	0.110563	0.34946	0.045975	0.3982	0.445496	0.762714	0.33524	0.255242	0.442152	0.356441	0.571696	0.004359	0.618507	0.034046	0.01283	0.041197	0.301985	0.621863	0.113199	0.0151			0.789267	0.327798		0.141559	0.0
stages_bg_stages_morphtok_mv_BGMTMMM1_BGMTMMM2_BGMTMMM3_BGMTMMM4_BGMTMMM5__ps-0p001__bias-0p1__cb-0p1__nbm-lhs-parsed__nbe-0p005__nbmin-0p1__lex-from-prev__ls-0p001	MMM1and2	05	0.001	0.001	0.005	0.631842	0.316507	0.722416	0.109682	0.543565	0.072829	0.343657	0.417336	0.530149	0.359371	0.271344	0.483054	0.370681	0.569634	0.006061	0.599529	0.034663	0.018791	0.042458	0.322217	0.631698	0.113415	0.015165	0.03255		0.668615	0.311174	0.489672	0.137398	0.0
stages_bg_stages_morphtok_mv_BGMTMMM1_BGMTMMM2_BGMTMMM3_BGMTMMM4_BGMTMMM5__ps-0p001__bias-0p1__cb-0p1__nbm-lhs-parsed__nbe-0p005__nbmin-0p1__lex-from-prev__ls-0p01	MMM1and2	01	0.001	0.01	0.005	0.950238	0.882266	0.694125	0.852091	0.454015	0.378582	0.691322	0.604051	0.531592																					
stages_bg_stages_morphtok_mv_BGMTMMM1_BGMTMMM2_BGMTMMM3_BGMTMMM4_BGMTMMM5__ps-0p001__bias-0p1__cb-0p1__nbm-lhs-parsed__nbe-0p005__nbmin-0p1__lex-from-prev__ls-0p01	MMM1and2	02	0.001	0.01	0.005	0.950238	0.882266	0.694125	0.130328	0.306132	0.357101	0.653547	0.643008	0.56427				0.082043	0.607366	0.040767	0.700535			0.006641			0.370504	0.136129							
stages_bg_stages_morphtok_mv_BGMTMMM1_BGMTMMM2_BGMTMMM3_BGMTMMM4_BGMTMMM5__ps-0p001__bias-0p1__cb-0p1__nbm-lhs-parsed__nbe-0p005__nbmin-0p1__lex-from-prev__ls-0p01	MMM1and2	03	0.001	0.01	0.005	0.662607	0.301247	0.747169	0.106926	0.366693	0.312727	0.488474	0.449386	0.68845	0.367349	0.250596	0.720416	0.313282	0.517714	0.001994	0.645842	0.042453	0.021398	0.040311	0.414259	0.601418	0.115837	0.010497							
stages_bg_stages_morphtok_mv_BGMTMMM1_BGMTMMM2_BGMTMMM3_BGMTMMM4_BGMTMMM5__ps-0p001__bias-0p1__cb-0p1__nbm-lhs-parsed__nbe-0p005__nbmin-0p1__lex-from-prev__ls-0p01	MMM1and2	04	0.001	0.01	0.005	0.645881	0.312376	0.735263	0.110761	0.348631	0.046257	0.434183	0.447102	0.763497	0.337512	0.254868	0.444614	0.358908	0.573531	0.004034	0.618931	0.034539	0.013309	0.040727	0.301934	0.622206	0.114	0.015137			0.790622	0.328805		0.139061	0.0
stages_bg_stages_morphtok_mv_BGMTMMM1_BGMTMMM2_BGMTMMM3_BGMTMMM4_BGMTMMM5__ps-0p001__bias-0p1__cb-0p1__nbm-lhs-parsed__nbe-0p005__nbmin-0p1__lex-from-prev__ls-0p01	MMM1and2	05	0.001	0.01	0.005	0.632397	0.315026	0.725542	0.11032	0.542236	0.072789	0.364203	0.419204	0.530477	0.359027	0.269666	0.485556	0.375758	0.578204	0.005609	0.599088	0.035429	0.019618	0.041597	0.322038	0.633612	0.114012	0.015165	0.030033		0.670245	0.311082	0.490156	0.135879	0.0
stages_bg_stages_morphtok_mv_BGMTMMM1_BGMTMMM2_BGMTMMM3_BGMTMMM4_BGMTMMM5__ps-0p001__bias-0p1__cb-0p1__nbm-lhs-parsed__nbe-0p05__nbmin-0p1__lex-from-prev__ls-0p001	MMM1and2	01	0.001	0.001	0.05	0.950238	0.882266	0.694125	0.852091	0.454015	0.378582	0.691322	0.604051	0.531592																					
stages_bg_stages_morphtok_mv_BGMTMMM1_BGMTMMM2_BGMTMMM3_BGMTMMM4_BGMTMMM5__ps-0p001__bias-0p1__cb-0p1__nbm-lhs-parsed__nbe-0p05__nbmin-0p1__lex-from-prev__ls-0p001	MMM1and2	02	0.001	0.001	0.05	0.950238	0.882266	0.694125	0.109704	0.312389	0.356831	0.654248	0.645449	0.576581				0.069332	0.601419	0.051601	0.697665			0.00505			0.367792	0.227126							
stages_bg_stages_morphtok_mv_BGMTMMM1_BGMTMMM2_BGMTMMM3_BGMTMMM4_BGMTMMM5__ps-0p001__bias-0p1__cb-0p1__nbm-lhs-parsed__nbe-0p05__nbmin-0p1__lex-from-prev__ls-0p001	MMM1and2	03	0.001	0.001	0.05	0.661759	0.300262	0.744749	0.107171	0.366544	0.311836	0.482043	0.448716	0.690086	0.367114	0.250569	0.719157	0.310628	0.517109	0.001935	0.646403	0.042669	0.021584	0.039907	0.412537	0.599171	0.114624	0.009308							
stages_bg_stages_morphtok_mv_BGMTMMM1_BGMTMMM2_BGMTMMM3_BGMTMMM4_BGMTMMM5__ps-0p001__bias-0p1__cb-0p1__nbm-lhs-parsed__nbe-0p05__nbmin-0p1__lex-from-prev__ls-0p001	MMM1and2	04	0.001	0.001	0.05	0.646016	0.312925	0.733363	0.110558	0.349447	0.045945	0.398113	0.44547	0.762699	0.333688	0.255123	0.441714	0.356308	0.553273	0.004359	0.616186	0.03406	0.012801	0.041199	0.30154	0.62182	0.113029	0.0151			0.789163	0.326859		0.140578	0.0
stages_bg_stages_morphtok_mv_BGMTMMM1_BGMTMMM2_BGMTMMM3_BGMTMMM4_BGMTMMM5__ps-0p001__bias-0p1__cb-0p1__nbm-lhs-parsed__nbe-0p05__nbmin-0p1__lex-from-prev__ls-0p001	MMM1and2	05	0.001	0.001	0.05	0.631826	0.316521	0.722447	0.109675	0.544115	0.072742	0.343684	0.417447	0.529524	0.356794	0.271343	0.483054	0.370748	0.568852	0.006077	0.598899	0.034619	0.018733	0.042451	0.322188	0.631729	0.113247	0.015165	0.032645		0.667452	0.311191	0.489013	0.137265	0.0
stages_bg_stages_morphtok_mv_BGMTMMM1_BGMTMMM2_BGMTMMM3_BGMTMMM4_BGMTMMM5__ps-0p001__bias-0p1__cb-0p1__nbm-lhs-parsed__nbe-0p05__nbmin-0p1__lex-from-prev__ls-0p01	MMM1and2	01	0.001	0.01	0.05	0.950238	0.882266	0.694125	0.852091	0.454015	0.378582	0.691322	0.604051	0.531592																					
stages_bg_stages_morphtok_mv_BGMTMMM1_BGMTMMM2_BGMTMMM3_BGMTMMM4_BGMTMMM5__ps-0p001__bias-0p1__cb-0p1__nbm-lhs-parsed__nbe-0p05__nbmin-0p1__lex-from-prev__ls-0p01	MMM1and2	02	0.001	0.01	0.05	0.950238	0.882266	0.694125	0.130212	0.306104	0.357122	0.653556	0.642971	0.564321				0.081502	0.607147	0.041026	0.700527			0.006609			0.366783	0.135762							
stages_bg_stages_morphtok_mv_BGMTMMM1_BGMTMMM2_BGMTMMM3_BGMTMMM4_BGMTMMM5__ps-0p001__bias-0p1__cb-0p1__nbm-lhs-parsed__nbe-0p05__nbmin-0p1__lex-from-prev__ls-0p01	MMM1and2	03	0.001	0.01	0.05	0.662605	0.301247	0.747126	0.10691	0.366704	0.31273	0.487605	0.449368	0.688439	0.367361	0.250602	0.72042	0.313213	0.51638	0.001992	0.645692	0.042479	0.021402	0.040316	0.414036	0.601408	0.11558	0.010503							
stages_bg_stages_morphtok_mv_BGMTMMM1_BGMTMMM2_BGMTMMM3_BGMTMMM4_BGMTMMM5__ps-0p001__bias-0p1__cb-0p1__nbm-lhs-parsed__nbe-0p05__nbmin-0p1__lex-from-prev__ls-0p01	MMM1and2	04	0.001	0.01	0.05	0.645885	0.312356	0.735252	0.110755	0.348617	0.046228	0.434074	0.447073	0.763488	0.335834	0.25475	0.444162	0.35876	0.554875	0.004033	0.616636	0.034554	0.013278	0.040729	0.301481	0.622164	0.113749	0.015137			0.790517	0.327839		0.138097	0.0
stages_bg_stages_morphtok_mv_BGMTMMM1_BGMTMMM2_BGMTMMM3_BGMTMMM4_BGMTMMM5__ps-0p001__bias-0p1__cb-0p1__nbm-lhs-parsed__nbe-0p05__nbmin-0p1__lex-from-prev__ls-0p01	MMM1and2	05	0.001	0.01	0.05	0.63238	0.315039	0.725568	0.110309	0.542788	0.072703	0.364223	0.419314	0.529832	0.356589	0.269662	0.485559	0.375817	0.577354	0.005625	0.598468	0.035384	0.019561	0.04159	0.322015	0.633641	0.113766	0.015165	0.030124		0.669065	0.311095	0.489493	0.135751	0.0
stages_bg_stages_morphtok_mv_BGMTMMM1_BGMTMMM2_BGMTMMM3_BGMTMMM4_BGMTMMM5__ps-0p05__bias-0p1__cb-0p1__nbm-lhs-parsed__nbe-0p05__nbmin-0p1__lex-from-prev__ls-0p01	MMM1and2	01	0.05	0.01	0.05	0.950238	0.882266	0.694125	0.852091	0.454015	0.378582	0.691322	0.604051	0.531592																					
stages_bg_stages_morphtok_mv_BGMTMMM1_BGMTMMM2_BGMTMMM3_BGMTMMM4_BGMTMMM5__ps-0p05__bias-0p1__cb-0p1__nbm-lhs-parsed__nbe-0p05__nbmin-0p1__lex-from-prev__ls-0p01	MMM1and2	02	0.05	0.01	0.05	0.950238	0.882266	0.694125	0.159846	0.264755	0.365604	0.658221	0.58563	0.491952				0.065586	0.499666	0.040858	0.66069			0.00495			0.033907	0.034751							
stages_bg_stages_morphtok_mv_BGMTMMM1_BGMTMMM2_BGMTMMM3_BGMTMMM4_BGMTMMM5__ps-0p05__bias-0p1__cb-0p1__nbm-lhs-parsed__nbe-0p05__nbmin-0p1__lex-from-prev__ls-0p01	MMM1and2	03	0.05	0.01	0.05	0.662581	0.301389	0.745116	0.104697	0.339246	0.312095	0.434503	0.439859	0.66575	0.356527	0.248847	0.707211	0.084468	0.337575	0.010246	0.629644	0.04421	0.017881	0.03386	0.385785	0.584727	0.033247	0.000226							
stages_bg_stages_morphtok_mv_BGMTMMM1_BGMTMMM2_BGMTMMM3_BGMTMMM4_BGMTMMM5__ps-0p05__bias-0p1__cb-0p1__nbm-lhs-parsed__nbe-0p05__nbmin-0p1__lex-from-prev__ls-0p01	MMM1and2	04	0.05	0.01	0.05	0.645461	0.311485	0.726018	0.111189	0.34381	0.051715	0.314046	0.437379	0.73498	0.313164	0.236955	0.64294	0.090893	0.280919	0.005737	0.600794	0.044669	0.017283	0.038343	0.290135	0.613105	0.033143	0.000736			0.788603	0.524554		0.121364	0.0
stages_bg_stages_morphtok_mv_BGMTMMM1_BGMTMMM2_BGMTMMM3_BGMTMMM4_BGMTMMM5__ps-0p05__bias-0p1__cb-0p1__nbm-lhs-parsed__nbe-0p05__nbmin-0p1__lex-from-prev__ls-0p01	MMM1and2	05	0.05	0.01	0.05	0.632294	0.315343	0.699036	0.112064	0.444982	0.054606	0.25124	0.399673	0.664325	0.289637	0.219569	0.633831	0.09784	0.297675	0.002716	0.590242	0.044451	0.02086	0.040061	0.284771	0.630981	0.033109	0.004596	0.05049		0.756754	0.544483	0.513415	0.117883	0.0
stages_bg_stages_morphtok_mv_BGMTMMM1_BGMTMMM2_BGMTMMM3_BGMTMMM4_BGMTMMM5__ps-0p1__bias-0p1__cb-0p1__nbm-lhs-parsed__nbe-0p001__nbmin-0p1__lex-from-prev__ls-0p01	MMM1and2	01	0.1	0.01	0.001	0.950238	0.882266	0.694125	0.852091	0.454015	0.378582	0.691322	0.604051	0.531592																					
stages_bg_stages_morphtok_mv_BGMTMMM1_BGMTMMM2_BGMTMMM3_BGMTMMM4_BGMTMMM5__ps-0p1__bias-0p1__cb-0p1__nbm-lhs-parsed__nbe-0p001__nbmin-0p1__lex-from-prev__ls-0p01	MMM1and2	02	0.1	0.01	0.001	0.950238	0.882266	0.694125	0.212716	0.268293	0.364632	0.659517	0.57374	0.4935				0.093288	0.543243	0.026934	0.703975			0.00802			0.316106	0.025701							
stages_bg_stages_morphtok_mv_BGMTMMM1_BGMTMMM2_BGMTMMM3_BGMTMMM4_BGMTMMM5__ps-0p1__bias-0p1__cb-0p1__nbm-lhs-parsed__nbe-0p001__nbmin-0p1__lex-from-prev__ls-0p01	MMM1and2	03	0.1	0.01	0.001	0.66281	0.301361	0.747373	0.103964	0.315201	0.313801	0.453729	0.431474	0.645606	0.365513	0.247704	0.71113	0.094328	0.471984	0.019818	0.656683	0.042472	0.014237	0.028792	0.404902	0.59472	0.316287	0.002132							
stages_bg_stages_morphtok_mv_BGMTMMM1_BGMTMMM2_BGMTMMM3_BGMTMMM4_BGMTMMM5__ps-0p1__bias-0p1__cb-0p1__nbm-lhs-parsed__nbe-0p001__nbmin-0p1__lex-from-prev__ls-0p01	MMM1and2	04	0.1	0.01	0.001	0.645247	0.311288	0.730509	0.109303	0.325225	0.065323	0.299166	0.428787	0.711893	0.359578	0.235834	0.696903	0.094775	0.460204	0.017956	0.647785	0.043127	0.013706	0.034631	0.381965	0.611202	0.316322	0.000396			0.824616	0.609442		0.322605	0.0
stages_bg_stages_morphtok_mv_BGMTMMM1_BGMTMMM2_BGMTMMM3_BGMTMMM4_BGMTMMM5__ps-0p1__bias-0p1__cb-0p1__nbm-lhs-parsed__nbe-0p001__nbmin-0p1__lex-from-prev__ls-0p01	MMM1and2	05	0.1	0.01	0.001	0.63284	0.313997	0.694331	0.111048	0.382007	0.054404	0.233385	0.390339	0.689713	0.358584	0.212914	0.687665	0.095244	0.454345	0.016309	0.640136	0.043103	0.016112	0.037604	0.371633	0.622073	0.31637	0.000321	0.041175		0.825476	0.609431	0.564255	0.323441	0.0
stages_bg_stages_morphtok_mv_BGMTMMM1_BGMTMMM2_BGMTMMM3_BGMTMMM4_BGMTMMM5__ps-0p1__bias-0p1__cb-0p1__nbm-lhs-parsed__nbe-0p005__nbmin-0p1__lex-from-prev__ls-0p001	MMM1and2	01	0.1	0.001	0.005	0.950238	0.882266	0.694125	0.852091	0.454015	0.378582	0.691322	0.604051	0.531592																					
stages_bg_stages_morphtok_mv_BGMTMMM1_BGMTMMM2_BGMTMMM3_BGMTMMM4_BGMTMMM5__ps-0p1__bias-0p1__cb-0p1__nbm-lhs-parsed__nbe-0p005__nbmin-0p1__lex-from-prev__ls-0p001	MMM1and2	02	0.1	0.001	0.005	0.950238	0.882266	0.694125	0.185353	0.268993	0.36499	0.663114	0.573924	0.497635				0.075307	0.513283	0.033078	0.689522			0.006309			0.142545	0.045629							
stages_bg_stages_morphtok_mv_BGMTMMM1_BGMTMMM2_BGMTMMM3_BGMTMMM4_BGMTMMM5__ps-0p1__bias-0p1__cb-0p1__nbm-lhs-parsed__nbe-0p005__nbmin-0p1__lex-from-prev__ls-0p001	MMM1and2	03	0.1	0.001	0.005	0.661823	0.300118	0.743202	0.104054	0.315443	0.312794	0.440194	0.431119	0.648198	0.362762	0.247795	0.709244	0.077161	0.42386	0.024538	0.647664	0.042694	0.014588	0.028701	0.399618	0.590163	0.141624	0.007787							
stages_bg_stages_morphtok_mv_BGMTMMM1_BGMTMMM2_BGMTMMM3_BGMTMMM4_BGMTMMM5__ps-0p1__bias-0p1__cb-0p1__nbm-lhs-parsed__nbe-0p005__nbmin-0p1__lex-from-prev__ls-0p001	MMM1and2	04	0.1	0.001	0.005	0.646098	0.311386	0.726484	0.106948	0.325627	0.063877	0.281112	0.427758	0.714356	0.347105	0.234662	0.689887	0.077775	0.400183	0.022123	0.63501	0.043354	0.014191	0.035214	0.366209	0.608126	0.1414	0.003611			0.815202	0.609754		0.27222	0.0
stages_bg_stages_morphtok_mv_BGMTMMM1_BGMTMMM2_BGMTMMM3_BGMTMMM4_BGMTMMM5__ps-0p1__bias-0p1__cb-0p1__nbm-lhs-parsed__nbe-0p005__nbmin-0p1__lex-from-prev__ls-0p001	MMM1and2	05	0.1	0.001	0.005	0.632036	0.315738	0.689144	0.108393	0.384635	0.053731	0.229155	0.390722	0.694013	0.337944	0.211552	0.681579	0.078401	0.394027	0.019869	0.625467	0.043282	0.016416	0.038591	0.356364	0.619428	0.141278	0.000267	0.04544		0.812972	0.611547	0.549407	0.272965	0.0
stages_bg_stages_morphtok_mv_BGMTMMM1_BGMTMMM2_BGMTMMM3_BGMTMMM4_BGMTMMM5__ps-0p1__bias-0p1__cb-0p1__nbm-lhs-parsed__nbe-0p005__nbmin-0p1__lex-from-prev__ls-0p01	MMM1and2	01	0.1	0.01	0.005	0.950238	0.882266	0.694125	0.852091	0.454015	0.378582	0.691322	0.604051	0.531592																					
stages_bg_stages_morphtok_mv_BGMTMMM1_BGMTMMM2_BGMTMMM3_BGMTMMM4_BGMTMMM5__ps-0p1__bias-0p1__cb-0p1__nbm-lhs-parsed__nbe-0p005__nbmin-0p1__lex-from-prev__ls-0p01	MMM1and2	02	0.1	0.01	0.005	0.950238	0.882266	0.694125	0.207842	0.268341	0.36445	0.659485	0.573805	0.493742				0.084322	0.516939	0.03091	0.691014			0.007552			0.144334	0.029962							
stages_bg_stages_morphtok_mv_BGMTMMM1_BGMTMMM2_BGMTMMM3_BGMTMMM4_BGMTMMM5__ps-0p1__bias-0p1__cb-0p1__nbm-lhs-parsed__nbe-0p005__nbmin-0p1__lex-from-prev__ls-0p01	MMM1and2	03	0.1	0.01	0.005	0.662747	0.301358	0.746898	0.103964	0.315316	0.313632	0.44706	0.431374	0.645589	0.362963	0.247566	0.709448	0.085579	0.426668	0.022301	0.64808	0.042483	0.014346	0.02879	0.400306	0.592168	0.143678	0.00317							
stages_bg_stages_morphtok_mv_BGMTMMM1_BGMTMMM2_BGMTMMM3_BGMTMMM4_BGMTMMM5__ps-0p1__bias-0p1__cb-0p1__nbm-lhs-parsed__nbe-0p005__nbmin-0p1__lex-from-prev__ls-0p01	MMM1and2	04	0.1	0.01	0.005	0.645191	0.31129	0.729576	0.109421	0.32503	0.064769	0.296028	0.428647	0.71202	0.347564	0.234629	0.690487	0.086114	0.402916	0.019979	0.635396	0.043067	0.013857	0.034626	0.366856	0.609271	0.143527	0.000883			0.816315	0.607509		0.271122	0.0
stages_bg_stages_morphtok_mv_BGMTMMM1_BGMTMMM2_BGMTMMM3_BGMTMMM4_BGMTMMM5__ps-0p1__bias-0p1__cb-0p1__nbm-lhs-parsed__nbe-0p005__nbmin-0p1__lex-from-prev__ls-0p01	MMM1and2	05	0.1	0.01	0.005	0.632701	0.314177	0.693964	0.111101	0.38386	0.054107	0.232905	0.391179	0.689741	0.338135	0.211199	0.682454	0.086726	0.3967	0.017853	0.625539	0.042998	0.016281	0.037584	0.356915	0.620683	0.143446	9.4e-05	0.044014		0.813834	0.609423	0.554985	0.271864	0.0
stages_bg_stages_morphtok_mv_BGMTMMM1_BGMTMMM2_BGMTMMM3_BGMTMMM4_BGMTMMM5__ps-0p1__bias-0p1__cb-0p1__nbm-lhs-parsed__nbe-0p005__nbmin-0p1__lex-from-prev__ls-0p1	MMM1and2	01	0.1	0.1	0.005	0.950238	0.882266	0.694125	0.852091	0.454015	0.378582	0.691322	0.604051	0.531592																					
stages_bg_stages_morphtok_mv_BGMTMMM1_BGMTMMM2_BGMTMMM3_BGMTMMM4_BGMTMMM5__ps-0p1__bias-0p1__cb-0p1__nbm-lhs-parsed__nbe-0p005__nbmin-0p1__lex-from-prev__ls-0p1	MMM1and2	02	0.1	0.1	0.005	0.950238	0.882266	0.694125	0.384347	0.278755	0.363248	0.663223	0.573224	0.492546				0.083892	0.508238	0.04089	0.689114			0.013781			0.121656	0.005342							
stages_bg_stages_morphtok_mv_BGMTMMM1_BGMTMMM2_BGMTMMM3_BGMTMMM4_BGMTMMM5__ps-0p1__bias-0p1__cb-0p1__nbm-lhs-parsed__nbe-0p005__nbmin-0p1__lex-from-prev__ls-0p1	MMM1and2	03	0.1	0.1	0.005	0.672053	0.313166	0.762209	0.102556	0.314338	0.316008	0.486563	0.435137	0.641841	0.362858	0.244088	0.717285	0.082924	0.420415	0.029138	0.645662	0.042454	0.015403	0.027706	0.41007	0.598537	0.121489	0.000122							
stages_bg_stages_morphtok_mv_BGMTMMM1_BGMTMMM2_BGMTMMM3_BGMTMMM4_BGMTMMM5__ps-0p1__bias-0p1__cb-0p1__nbm-lhs-parsed__nbe-0p005__nbmin-0p1__lex-from-prev__ls-0p1	MMM1and2	04	0.1	0.1	0.005	0.648866	0.311388	0.756059	0.101374	0.321247	0.069506	0.447472	0.441035	0.710146	0.348967	0.231975	0.695997	0.083049	0.397011	0.026355	0.634479	0.043572	0.015647	0.03306	0.376913	0.614398	0.121449	0.000758			0.82599	0.591493		0.276172	0.0
stages_bg_stages_morphtok_mv_BGMTMMM1_BGMTMMM2_BGMTMMM3_BGMTMMM4_BGMTMMM5__ps-0p1__bias-0p1__cb-0p1__nbm-lhs-parsed__nbe-0p005__nbmin-0p1__lex-from-prev__ls-0p1	MMM1and2	05	0.1	0.1	0.005	0.635012	0.313191	0.743217	0.102416	0.373859	0.058227	0.385003	0.406888	0.68619	0.339207	0.209956	0.686868	0.08329	0.391082	0.023709	0.624607	0.043917	0.018526	0.035739	0.366369	0.625696	0.121425	0.002759	0.025229		0.824693	0.594117	0.54689	0.276984	0.0
stages_bg_stages_morphtok_mv_BGMTMMM1_BGMTMMM2_BGMTMMM3_BGMTMMM4_BGMTMMM5__ps-0p1__bias-0p1__cb-0p1__nbm-lhs-parsed__nbe-0p01__nbmin-0p1__lex-from-prev__ls-0p001	MMM1and2	01	0.1	0.001	0.01	0.950238	0.882266	0.694125	0.852091	0.454015	0.378582	0.691322	0.604051	0.531592																					
stages_bg_stages_morphtok_mv_BGMTMMM1_BGMTMMM2_BGMTMMM3_BGMTMMM4_BGMTMMM5__ps-0p1__bias-0p1__cb-0p1__nbm-lhs-parsed__nbe-0p01__nbmin-0p1__lex-from-prev__ls-0p001	MMM1and2	02	0.1	0.001	0.01	0.950238	0.882266	0.694125	0.181254	0.268753	0.364832	0.663045	0.573876	0.498014				0.068901	0.503601	0.036289	0.679842			0.005783			0.079477	0.049868							
stages_bg_stages_morphtok_mv_BGMTMMM1_BGMTMMM2_BGMTMMM3_BGMTMMM4_BGMTMMM5__ps-0p1__bias-0p1__cb-0p1__nbm-lhs-parsed__nbe-0p01__nbmin-0p1__lex-from-prev__ls-0p001	MMM1and2	03	0.1	0.001	0.01	0.66178	0.300111	0.742629	0.104065	0.315609	0.312421	0.432522	0.430871	0.648172	0.360622	0.247749	0.707606	0.071107	0.40094	0.026502	0.640985	0.042842	0.014731	0.028719	0.394579	0.587247	0.078498	0.009378							
stages_bg_stages_morphtok_mv_BGMTMMM1_BGMTMMM2_BGMTMMM3_BGMTMMM4_BGMTMMM5__ps-0p1__bias-0p1__cb-0p1__nbm-lhs-parsed__nbe-0p01__nbmin-0p1__lex-from-prev__ls-0p001	MMM1and2	04	0.1	0.001	0.01	0.646065	0.311433	0.725462	0.107061	0.325614	0.063115	0.278296	0.42756	0.714513	0.338022	0.233839	0.68467	0.071824	0.367379	0.023714	0.625058	0.043445	0.014357	0.035229	0.351295	0.60595	0.07826	0.004742			0.807382	0.601831		0.227631	0.0
stages_bg_stages_morphtok_mv_BGMTMMM1_BGMTMMM2_BGMTMMM3_BGMTMMM4_BGMTMMM5__ps-0p1__bias-0p1__cb-0p1__nbm-lhs-parsed__nbe-0p01__nbmin-0p1__lex-from-prev__ls-0p001	MMM1and2	05	0.1	0.001	0.01	0.631935	0.315973	0.688935	0.10843	0.386889	0.053304	0.22886	0.39161	0.695122	0.323262	0.210166	0.677601	0.072583	0.361797	0.021045	0.614738	0.04333	0.016578	0.038561	0.342074	0.617843	0.078127	0.00059	0.049421		0.801934	0.605322	0.539493	0.228229	0.0
stages_bg_stages_morphtok_mv_BGMTMMM1_BGMTMMM2_BGMTMMM3_BGMTMMM4_BGMTMMM5__ps-0p1__bias-0p1__cb-0p1__nbm-lhs-parsed__nbe-0p01__nbmin-0p1__lex-from-prev__ls-0p01	MMM1and2	01	0.1	0.01	0.01	0.950238	0.882266	0.694125	0.852091	0.454015	0.378582	0.691322	0.604051	0.531592																					
stages_bg_stages_morphtok_mv_BGMTMMM1_BGMTMMM2_BGMTMMM3_BGMTMMM4_BGMTMMM5__ps-0p1__bias-0p1__cb-0p1__nbm-lhs-parsed__nbe-0p01__nbmin-0p1__lex-from-prev__ls-0p01	MMM1and2	02	0.1	0.01	0.01	0.950238	0.882266	0.694125	0.202197	0.268142	0.36432	0.659439	0.573822	0.49402				0.076608	0.505693	0.03467	0.681075			0.007005			0.080383	0.034783							
stages_bg_stages_morphtok_mv_BGMTMMM1_BGMTMMM2_BGMTMMM3_BGMTMMM4_BGMTMMM5__ps-0p1__bias-0p1__cb-0p1__nbm-lhs-parsed__nbe-0p01__nbmin-0p1__lex-from-prev__ls-0p01	MMM1and2	03	0.1	0.01	0.01	0.662699	0.301358	0.746327	0.10396	0.315436	0.313231	0.43932	0.431136	0.645551	0.360969	0.247506	0.707799	0.078166	0.402334	0.024618	0.641363	0.042629	0.014499	0.028802	0.39529	0.589223	0.079643	0.004488							
stages_bg_stages_morphtok_mv_BGMTMMM1_BGMTMMM2_BGMTMMM3_BGMTMMM4_BGMTMMM5__ps-0p1__bias-0p1__cb-0p1__nbm-lhs-parsed__nbe-0p01__nbmin-0p1__lex-from-prev__ls-0p01	MMM1and2	04	0.1	0.01	0.01	0.64518	0.311315	0.728515	0.109516	0.324954	0.06399	0.292529	0.428443	0.712241	0.338609	0.233768	0.685323	0.078797	0.368836	0.021882	0.625462	0.043161	0.014043	0.03463	0.351987	0.607057	0.079471	0.001609			0.808495	0.599701		0.226788	0.0
stages_bg_stages_morphtok_mv_BGMTMMM1_BGMTMMM2_BGMTMMM3_BGMTMMM4_BGMTMMM5__ps-0p1__bias-0p1__cb-0p1__nbm-lhs-parsed__nbe-0p01__nbmin-0p1__lex-from-prev__ls-0p01	MMM1and2	05	0.1	0.01	0.01	0.632592	0.314422	0.693593	0.111125	0.386083	0.053696	0.232412	0.392047	0.690868	0.323586	0.209763	0.678444	0.079542	0.363291	0.019319	0.614845	0.043062	0.016474	0.037573	0.342681	0.619058	0.079374	1e-06	0.048043		0.802766	0.603306	0.544989	0.227384	0.0
stages_bg_stages_morphtok_mv_BGMTMMM1_BGMTMMM2_BGMTMMM3_BGMTMMM4_BGMTMMM5__ps-0p1__bias-0p1__cb-0p1__nbm-lhs-parsed__nbe-0p01__nbmin-0p1__lex-from-prev__ls-0p1	MMM1and2	01	0.1	0.1	0.01	0.950238	0.882266	0.694125	0.852091	0.454015	0.378582	0.691322	0.604051	0.531592																					
stages_bg_stages_morphtok_mv_BGMTMMM1_BGMTMMM2_BGMTMMM3_BGMTMMM4_BGMTMMM5__ps-0p1__bias-0p1__cb-0p1__nbm-lhs-parsed__nbe-0p01__nbmin-0p1__lex-from-prev__ls-0p1	MMM1and2	02	0.1	0.1	0.01	0.950238	0.882266	0.694125	0.375755	0.278263	0.363184	0.663155	0.573155	0.492031				0.074124	0.503305	0.04604	0.678169			0.013235			0.063776	0.008914							
stages_bg_stages_morphtok_mv_BGMTMMM1_BGMTMMM2_BGMTMMM3_BGMTMMM4_BGMTMMM5__ps-0p1__bias-0p1__cb-0p1__nbm-lhs-parsed__nbe-0p01__nbmin-0p1__lex-from-prev__ls-0p1	MMM1and2	03	0.1	0.1	0.01	0.672013	0.313168	0.761669	0.102468	0.314278	0.315723	0.478344	0.434946	0.641649	0.360532	0.243949	0.715278	0.073585	0.40272	0.032821	0.638154	0.042587	0.015483	0.027713	0.404614	0.595642	0.063539	1e-05							
stages_bg_stages_morphtok_mv_BGMTMMM1_BGMTMMM2_BGMTMMM3_BGMTMMM4_BGMTMMM5__ps-0p1__bias-0p1__cb-0p1__nbm-lhs-parsed__nbe-0p01__nbmin-0p1__lex-from-prev__ls-0p1	MMM1and2	04	0.1	0.1	0.01	0.648794	0.311397	0.755252	0.101512	0.320881	0.068784	0.439126	0.440861	0.710009	0.339718	0.23098	0.690439	0.073822	0.369317	0.029633	0.623921	0.043643	0.015723	0.033065	0.361816	0.612233	0.063483	0.000221			0.817999	0.584525		0.232693	0.0
stages_bg_stages_morphtok_mv_BGMTMMM1_BGMTMMM2_BGMTMMM3_BGMTMMM4_BGMTMMM5__ps-0p1__bias-0p1__cb-0p1__nbm-lhs-parsed__nbe-0p01__nbmin-0p1__lex-from-prev__ls-0p1	MMM1and2	05	0.1	0.1	0.01	0.634885	0.313388	0.742183	0.102498	0.375974	0.057848	0.377339	0.407344	0.686433	0.323903	0.20833	0.682475	0.074193	0.363716	0.026531	0.613516	0.043942	0.018553	0.035746	0.351968	0.624104	0.063446	0.001807	0.030014		0.813555	0.588792	0.536508	0.233374	0.0
stages_bg_stages_morphtok_mv_BGMTMMM1_BGMTMMM2_BGMTMMM3_BGMTMMM4_BGMTMMM5__ps-0p1__bias-0p1__cb-0p1__nbm-lhs-parsed__nbe-0p05__nbmin-0p1__lex-from-prev__ls-0p01	MMM1and2	01	0.1	0.01	0.05	0.950238	0.882266	0.694125	0.852091	0.454015	0.378582	0.691322	0.604051	0.531592																					
stages_bg_stages_morphtok_mv_BGMTMMM1_BGMTMMM2_BGMTMMM3_BGMTMMM4_BGMTMMM5__ps-0p1__bias-0p1__cb-0p1__nbm-lhs-parsed__nbe-0p05__nbmin-0p1__lex-from-prev__ls-0p01	MMM1and2	02	0.1	0.01	0.05	0.950238	0.882266	0.694125	0.172266	0.267657	0.363892	0.659056	0.574014	0.497201				0.056865	0.488782	0.045595	0.640019			0.00397			0.014994	0.065929							
stages_bg_stages_morphtok_mv_BGMTMMM1_BGMTMMM2_BGMTMMM3_BGMTMMM4_BGMTMMM5__ps-0p1__bias-0p1__cb-0p1__nbm-lhs-parsed__nbe-0p05__nbmin-0p1__lex-from-prev__ls-0p01	MMM1and2	03	0.1	0.01	0.05	0.662537	0.301402	0.742345	0.103667	0.316362	0.31212	0.394171	0.429234	0.646104	0.347831	0.247655	0.695217	0.060257	0.336132	0.029812	0.61101	0.04455	0.015586	0.029079	0.367604	0.570313	0.014364	0.016099							
stages_bg_stages_morphtok_mv_BGMTMMM1_BGMTMMM2_BGMTMMM3_BGMTMMM4_BGMTMMM5__ps-0p1__bias-0p1__cb-0p1__nbm-lhs-parsed__nbe-0p05__nbmin-0p1__lex-from-prev__ls-0p01	MMM1and2	04	0.1	0.01	0.05	0.645388	0.311556	0.72213	0.109961	0.325624	0.05984	0.274659	0.427081	0.713909	0.302492	0.233118	0.659094	0.061324	0.262247	0.025781	0.582098	0.044637	0.015129	0.034762	0.280653	0.593115	0.014209	0.010025			0.776804	0.517054		0.116278	0.0
stages_bg_stages_morphtok_mv_BGMTMMM1_BGMTMMM2_BGMTMMM3_BGMTMMM4_BGMTMMM5__ps-0p1__bias-0p1__cb-0p1__nbm-lhs-parsed__nbe-0p05__nbmin-0p1__lex-from-prev__ls-0p01	MMM1and2	05	0.1	0.01	0.05	0.632366	0.316494	0.692622	0.111093	0.400798	0.052005	0.230625	0.397911	0.705864	0.272657	0.206694	0.65781	0.062647	0.26134	0.021628	0.572451	0.044216	0.017448	0.03761	0.27615	0.609331	0.014115	0.002894	0.076261		0.758087	0.5316	0.482487	0.115981	0.0
stages_bg_stages_morphtok_mv_BGMTMMM1_BGMTMMM2_BGMTMMM3_BGMTMMM4_BGMTMMM5__ps-0p2__bias-0p1__cb-0p1__nbm-lhs-parsed__nbe-0p001__nbmin-0p1__lex-from-prev__ls-0p1	MMM1and2	01	0.2	0.1	0.001	0.950238	0.882266	0.694125	0.852091	0.454015	0.378582	0.691322	0.604051	0.531592																					
stages_bg_stages_morphtok_mv_BGMTMMM1_BGMTMMM2_BGMTMMM3_BGMTMMM4_BGMTMMM5__ps-0p2__bias-0p1__cb-0p1__nbm-lhs-parsed__nbe-0p001__nbmin-0p1__lex-from-prev__ls-0p1	MMM1and2	02	0.2	0.1	0.001	0.950238	0.882266	0.694125	0.43901	0.297899	0.360466	0.664585	0.566705	0.512493				0.080143	0.508976	0.040142	0.697381			0.017041			0.204407	0.020835							
stages_bg_stages_morphtok_mv_BGMTMMM1_BGMTMMM2_BGMTMMM3_BGMTMMM4_BGMTMMM5__ps-0p2__bias-0p1__cb-0p1__nbm-lhs-parsed__nbe-0p001__nbmin-0p1__lex-from-prev__ls-0p1	MMM1and2	03	0.2	0.1	0.001	0.672526	0.31331	0.763429	0.102037	0.287531	0.316524	0.45856	0.417709	0.611849	0.377014	0.239398	0.710895	0.078833	0.499088	0.034463	0.655615	0.042986	0.015941	0.022519	0.416778	0.593269	0.204223	0.006996							
stages_bg_stages_morphtok_mv_BGMTMMM1_BGMTMMM2_BGMTMMM3_BGMTMMM4_BGMTMMM5__ps-0p2__bias-0p1__cb-0p1__nbm-lhs-parsed__nbe-0p001__nbmin-0p1__lex-from-prev__ls-0p1	MMM1and2	04	0.2	0.1	0.001	0.649339	0.311439	0.766135	0.098018	0.292436	0.104384	0.370985	0.420599	0.670319	0.372156	0.228041	0.706346	0.078613	0.494291	0.033092	0.649823	0.04382	0.016329	0.027801	0.404523	0.601975	0.204168	0.005307			0.81893	0.598965		0.41042	0.0
stages_bg_stages_morphtok_mv_BGMTMMM1_BGMTMMM2_BGMTMMM3_BGMTMMM4_BGMTMMM5__ps-0p2__bias-0p1__cb-0p1__nbm-lhs-parsed__nbe-0p001__nbmin-0p1__lex-from-prev__ls-0p1	MMM1and2	05	0.2	0.1	0.001	0.635298	0.313141	0.747109	0.097724	0.317731	0.065074	0.288446	0.393767	0.671077	0.369455	0.213469	0.703341	0.078371	0.493906	0.031713	0.644838	0.04408	0.018211	0.030861	0.397477	0.608148	0.204108	0.002641	0.04485		0.822102	0.599718	0.558863	0.41142	0.0
stages_bg_stages_morphtok_mv_BGMTMMM1_BGMTMMM2_BGMTMMM3_BGMTMMM4_BGMTMMM5__ps-0p2__bias-0p1__cb-0p1__nbm-lhs-parsed__nbe-0p005__nbmin-0p1__lex-from-prev__ls-0p1	MMM1and2	01	0.2	0.1	0.005	0.950238	0.882266	0.694125	0.852091	0.454015	0.378582	0.691322	0.604051	0.531592																					
stages_bg_stages_morphtok_mv_BGMTMMM1_BGMTMMM2_BGMTMMM3_BGMTMMM4_BGMTMMM5__ps-0p2__bias-0p1__cb-0p1__nbm-lhs-parsed__nbe-0p005__nbmin-0p1__lex-from-prev__ls-0p1	MMM1and2	02	0.2	0.1	0.005	0.950238	0.882266	0.694125	0.418259	0.29723	0.360366	0.664466	0.566715	0.510366				0.065216	0.501008	0.049355	0.676362			0.015717			0.053838	0.041592							
stages_bg_stages_morphtok_mv_BGMTMMM1_BGMTMMM2_BGMTMMM3_BGMTMMM4_BGMTMMM5__ps-0p2__bias-0p1__cb-0p1__nbm-lhs-parsed__nbe-0p005__nbmin-0p1__lex-from-prev__ls-0p1	MMM1and2	03	0.2	0.1	0.005	0.672496	0.313304	0.762379	0.101764	0.287986	0.316143	0.446174	0.417583	0.61147	0.370146	0.239195	0.707984	0.064066	0.471559	0.043078	0.63717	0.043249	0.015928	0.022426	0.407516	0.588855	0.053441	0.020719							
stages_bg_stages_morphtok_mv_BGMTMMM1_BGMTMMM2_BGMTMMM3_BGMTMMM4_BGMTMMM5__ps-0p2__bias-0p1__cb-0p1__nbm-lhs-parsed__nbe-0p005__nbmin-0p1__lex-from-prev__ls-0p1	MMM1and2	04	0.2	0.1	0.005	0.649223	0.311434	0.764352	0.098165	0.292399	0.102728	0.360236	0.420299	0.670336	0.356357	0.225569	0.697236	0.063866	0.454255	0.041521	0.626605	0.044014	0.016277	0.027741	0.383594	0.598306	0.053331	0.018003			0.802178	0.58919		0.282469	0.0
stages_bg_stages_morphtok_mv_BGMTMMM1_BGMTMMM2_BGMTMMM3_BGMTMMM4_BGMTMMM5__ps-0p2__bias-0p1__cb-0p1__nbm-lhs-parsed__nbe-0p005__nbmin-0p1__lex-from-prev__ls-0p1	MMM1and2	05	0.2	0.1	0.005	0.635112	0.313432	0.744899	0.09789	0.320025	0.064339	0.282823	0.394836	0.671611	0.345138	0.207188	0.695295	0.063648	0.452856	0.039882	0.618764	0.044215	0.018077	0.030826	0.376814	0.605166	0.053211	0.012931	0.059369		0.801505	0.591771	0.529499	0.283578	0.0
stages_bg_stages_morphtok_mv_BGMTMMM1_BGMTMMM2_BGMTMMM3_BGMTMMM4_BGMTMMM5__ps-0p2__bias-0p1__cb-0p1__nbm-lhs-parsed__nbe-0p01__nbmin-0p1__lex-from-prev__ls-0p1	MMM1and2	01	0.2	0.1	0.01	0.950238	0.882266	0.694125	0.852091	0.454015	0.378582	0.691322	0.604051	0.531592																					
stages_bg_stages_morphtok_mv_BGMTMMM1_BGMTMMM2_BGMTMMM3_BGMTMMM4_BGMTMMM5__ps-0p2__bias-0p1__cb-0p1__nbm-lhs-parsed__nbe-0p01__nbmin-0p1__lex-from-prev__ls-0p1	MMM1and2	02	0.2	0.1	0.01	0.950238	0.882266	0.694125	0.399087	0.296343	0.360387	0.664336	0.566798	0.508815				0.057177	0.496218	0.054581	0.660849			0.014312			0.023565	0.066088							
stages_bg_stages_morphtok_mv_BGMTMMM1_BGMTMMM2_BGMTMMM3_BGMTMMM4_BGMTMMM5__ps-0p2__bias-0p1__cb-0p1__nbm-lhs-parsed__nbe-0p01__nbmin-0p1__lex-from-prev__ls-0p1	MMM1and2	03	0.2	0.1	0.01	0.672439	0.313301	0.761142	0.10155	0.288838	0.315745	0.432684	0.417261	0.611053	0.363801	0.239109	0.704359	0.056284	0.449003	0.04803	0.623895	0.043605	0.01592	0.022338	0.398093	0.583924	0.023153	0.041565							
stages_bg_stages_morphtok_mv_BGMTMMM1_BGMTMMM2_BGMTMMM3_BGMTMMM4_BGMTMMM5__ps-0p2__bias-0p1__cb-0p1__nbm-lhs-parsed__nbe-0p01__nbmin-0p1__lex-from-prev__ls-0p1	MMM1and2	04	0.2	0.1	0.01	0.649081	0.311446	0.762364	0.098449	0.293153	0.100936	0.349124	0.419779	0.670237	0.342715	0.224171	0.689639	0.056129	0.420415	0.046389	0.609534	0.044278	0.016217	0.027692	0.363571	0.594222	0.023038	0.038499			0.789822	0.570262		0.206291	0.0
stages_bg_stages_morphtok_mv_BGMTMMM1_BGMTMMM2_BGMTMMM3_BGMTMMM4_BGMTMMM5__ps-0p2__bias-0p1__cb-0p1__nbm-lhs-parsed__nbe-0p01__nbmin-0p1__lex-from-prev__ls-0p1	MMM1and2	05	0.2	0.1	0.01	0.634901	0.313852	0.742633	0.098205	0.323434	0.063621	0.277454	0.395878	0.673582	0.325139	0.202601	0.689204	0.05596	0.418269	0.044585	0.600521	0.044402	0.017925	0.030811	0.357259	0.601834	0.022908	0.032399	0.075716		0.785937	0.574735	0.500549	0.207262	0.0
stages_bg_stages_morphtok_mv_BGMTMMM1_BGMTMMM2_BGMTMMM3_BGMTMMM4_BGMTMMM5__ps-0p2__bias-0p1__cb-0p1__nbm-lhs-parsed__nbe-0p05__nbmin-0p1__lex-from-prev__ls-0p01	MMM1and2	01	0.2	0.01	0.05	0.950238	0.882266	0.694125	0.852091	0.454015	0.378582	0.691322	0.604051	0.531592																					
stages_bg_stages_morphtok_mv_BGMTMMM1_BGMTMMM2_BGMTMMM3_BGMTMMM4_BGMTMMM5__ps-0p2__bias-0p1__cb-0p1__nbm-lhs-parsed__nbe-0p05__nbmin-0p1__lex-from-prev__ls-0p01	MMM1and2	02	0.2	0.01	0.05	0.950238	0.882266	0.694125	0.176893	0.281856	0.36113	0.659809	0.568355	0.510284				0.051993	0.483557	0.048116	0.606768			0.003041			0.00617	0.173649							
stages_bg_stages_morphtok_mv_BGMTMMM1_BGMTMMM2_BGMTMMM3_BGMTMMM4_BGMTMMM5__ps-0p2__bias-0p1__cb-0p1__nbm-lhs-parsed__nbe-0p05__nbmin-0p1__lex-from-prev__ls-0p01	MMM1and2	03	0.2	0.01	0.05	0.662652	0.301378	0.736341	0.104691	0.296836	0.311814	0.339216	0.409257	0.612287	0.337131	0.244852	0.674448	0.052413	0.363806	0.041175	0.575721	0.046778	0.015221	0.022928	0.345878	0.547424	0.005591	0.15952							
stages_bg_stages_morphtok_mv_BGMTMMM1_BGMTMMM2_BGMTMMM3_BGMTMMM4_BGMTMMM5__ps-0p2__bias-0p1__cb-0p1__nbm-lhs-parsed__nbe-0p05__nbmin-0p1__lex-from-prev__ls-0p01	MMM1and2	04	0.2	0.01	0.05	0.646079	0.311755	0.728317	0.10874	0.305589	0.084003	0.249022	0.407045	0.671141	0.290096	0.228663	0.647259	0.052459	0.288605	0.03931	0.54591	0.046457	0.014954	0.0286	0.264136	0.564459	0.005445	0.157636			0.739423	0.463247		0.104768	0.0
stages_bg_stages_morphtok_mv_BGMTMMM1_BGMTMMM2_BGMTMMM3_BGMTMMM4_BGMTMMM5__ps-0p2__bias-0p1__cb-0p1__nbm-lhs-parsed__nbe-0p05__nbmin-0p1__lex-from-prev__ls-0p01	MMM1and2	05	0.2	0.01	0.05	0.63329	0.319453	0.707966	0.109614	0.35524	0.05643	0.221133	0.397193	0.694381	0.25576	0.197131	0.654424	0.052605	0.285271	0.036896	0.53646	0.045753	0.016169	0.03222	0.2615	0.578573	0.005293	0.153788	0.142268		0.720428	0.476376	0.397806	0.105128	0.0
stages_bg_stages_morphtok_mv_BGMTMMM1_BGMTMMM2_BGMTMMM3_BGMTMMM4_BGMTMMM5__ps-0p2__bias-0p1__cb-0p1__nbm-lhs-parsed__nbe-0p05__nbmin-0p1__lex-from-prev__ls-0p1	MMM1and2	01	0.2	0.1	0.05	0.950238	0.882266	0.694125	0.852091	0.454015	0.378582	0.691322	0.604051	0.531592																					
stages_bg_stages_morphtok_mv_BGMTMMM1_BGMTMMM2_BGMTMMM3_BGMTMMM4_BGMTMMM5__ps-0p2__bias-0p1__cb-0p1__nbm-lhs-parsed__nbe-0p05__nbmin-0p1__lex-from-prev__ls-0p1	MMM1and2	02	0.2	0.1	0.05	0.950238	0.882266	0.694125	0.31957	0.293496	0.360279	0.663657	0.567694	0.506339				0.052087	0.484874	0.053591	0.598364			0.007738			0.004807	0.169705							
stages_bg_stages_morphtok_mv_BGMTMMM1_BGMTMMM2_BGMTMMM3_BGMTMMM4_BGMTMMM5__ps-0p2__bias-0p1__cb-0p1__nbm-lhs-parsed__nbe-0p05__nbmin-0p1__lex-from-prev__ls-0p1	MMM1and2	03	0.2	0.1	0.05	0.672028	0.3133	0.753287	0.1011	0.295186	0.314106	0.367951	0.413695	0.608795	0.336025	0.240543	0.680975	0.052126	0.364448	0.045908	0.567541	0.04652	0.016126	0.022201	0.352925	0.554015	0.004413	0.155319							
stages_bg_stages_morphtok_mv_BGMTMMM1_BGMTMMM2_BGMTMMM3_BGMTMMM4_BGMTMMM5__ps-0p2__bias-0p1__cb-0p1__nbm-lhs-parsed__nbe-0p05__nbmin-0p1__lex-from-prev__ls-0p1	MMM1and2	04	0.2	0.1	0.05	0.648759	0.311556	0.751048	0.101152	0.299954	0.090547	0.302666	0.416238	0.668868	0.289816	0.225412	0.653294	0.052155	0.289205	0.044052	0.539554	0.046506	0.016224	0.027633	0.271822	0.569996	0.004314	0.153619			0.744039	0.450111		0.108055	0.0
stages_bg_stages_morphtok_mv_BGMTMMM1_BGMTMMM2_BGMTMMM3_BGMTMMM4_BGMTMMM5__ps-0p2__bias-0p1__cb-0p1__nbm-lhs-parsed__nbe-0p05__nbmin-0p1__lex-from-prev__ls-0p1	MMM1and2	05	0.2	0.1	0.05	0.634598	0.317473	0.73252	0.101144	0.344787	0.060766	0.258076	0.403267	0.690672	0.255093	0.194899	0.660429	0.052266	0.285882	0.041461	0.531429	0.046072	0.017621	0.030986	0.268979	0.583371	0.004204	0.149699	0.14163		0.725345	0.463699	0.383808	0.108511	0.0
