grammar,base,stage,s_p,s_l,eta,f1,JSD,mll,dir,file
,BGMTG,5,0.001,0.0,0.001,0.629984,0.244164,-7.640261,stages_bg_stages_morphtok_min5_BGMTG1_BGMTG2_BGMTG3_BGMTG4_BGMTG5__ps-0p001__bias-0p1__cb-0p1__nbm-lhs-parsed__nbe-0p001__nbmin-0p1__lex-from-prev__ls-0p0,stages_bg_stages_morphtok_min5_BGMTG1_BGMTG2_BGMTG3_BGMTG4_BGMTG5__ps-0p001__bias-0p1__cb-0p1__nbm-lhs-parsed__nbe-0p001__nbmin-0p1__lex-from-prev__ls-0p0__05_BGMTG5
,BGMTG,5,0.001,0.001,0.001,0.626852,0.244044,-7.634173,stages_bg_stages_morphtok_min5_BGMTG1_BGMTG2_BGMTG3_BGMTG4_BGMTG5__ps-0p001__bias-0p1__cb-0p1__nbm-lhs-parsed__nbe-0p001__nbmin-0p1__lex-from-prev__ls-0p001,stages_bg_stages_morphtok_min5_BGMTG1_BGMTG2_BGMTG3_BGMTG4_BGMTG5__ps-0p001__bias-0p1__cb-0p1__nbm-lhs-parsed__nbe-0p001__nbmin-0p1__lex-from-prev__ls-0p001__05_BGMTG5
,BGMTG,5,0.001,0.01,0.001,0.631966,0.243914,-7.634439,stages_bg_stages_morphtok_min5_BGMTG1_BGMTG2_BGMTG3_BGMTG4_BGMTG5__ps-0p001__bias-0p1__cb-0p1__nbm-lhs-parsed__nbe-0p001__nbmin-0p1__lex-from-prev__ls-0p01,stages_bg_stages_morphtok_min5_BGMTG1_BGMTG2_BGMTG3_BGMTG4_BGMTG5__ps-0p001__bias-0p1__cb-0p1__nbm-lhs-parsed__nbe-0p001__nbmin-0p1__lex-from-prev__ls-0p01__05_BGMTG5
,BGMTG,5,0.001,0.1,0.001,0.630037,0.250245,-7.625751,stages_bg_stages_morphtok_min5_BGMTG1_BGMTG2_BGMTG3_BGMTG4_BGMTG5__ps-0p001__bias-0p1__cb-0p1__nbm-lhs-parsed__nbe-0p001__nbmin-0p1__lex-from-prev__ls-0p1,stages_bg_stages_morphtok_min5_BGMTG1_BGMTG2_BGMTG3_BGMTG4_BGMTG5__ps-0p001__bias-0p1__cb-0p1__nbm-lhs-parsed__nbe-0p001__nbmin-0p1__lex-from-prev__ls-0p1__05_BGMTG5
,BGMTG,5,0.001,0.0,0.005,0.629984,0.244209,-7.640257,stages_bg_stages_morphtok_min5_BGMTG1_BGMTG2_BGMTG3_BGMTG4_BGMTG5__ps-0p001__bias-0p1__cb-0p1__nbm-lhs-parsed__nbe-0p005__nbmin-0p1__lex-from-prev__ls-0p0,stages_bg_stages_morphtok_min5_BGMTG1_BGMTG2_BGMTG3_BGMTG4_BGMTG5__ps-0p001__bias-0p1__cb-0p1__nbm-lhs-parsed__nbe-0p005__nbmin-0p1__lex-from-prev__ls-0p0__05_BGMTG5
,BGMTG,5,0.001,0.001,0.005,0.627075,0.244089,-7.634168,stages_bg_stages_morphtok_min5_BGMTG1_BGMTG2_BGMTG3_BGMTG4_BGMTG5__ps-0p001__bias-0p1__cb-0p1__nbm-lhs-parsed__nbe-0p005__nbmin-0p1__lex-from-prev__ls-0p001,stages_bg_stages_morphtok_min5_BGMTG1_BGMTG2_BGMTG3_BGMTG4_BGMTG5__ps-0p001__bias-0p1__cb-0p1__nbm-lhs-parsed__nbe-0p005__nbmin-0p1__lex-from-prev__ls-0p001__05_BGMTG5
,BGMTG,5,0.001,0.01,0.005,0.632189,0.243952,-7.634432,stages_bg_stages_morphtok_min5_BGMTG1_BGMTG2_BGMTG3_BGMTG4_BGMTG5__ps-0p001__bias-0p1__cb-0p1__nbm-lhs-parsed__nbe-0p005__nbmin-0p1__lex-from-prev__ls-0p01,stages_bg_stages_morphtok_min5_BGMTG1_BGMTG2_BGMTG3_BGMTG4_BGMTG5__ps-0p001__bias-0p1__cb-0p1__nbm-lhs-parsed__nbe-0p005__nbmin-0p1__lex-from-prev__ls-0p01__05_BGMTG5
,BGMTG,5,0.001,0.1,0.005,0.630259,0.250269,-7.625751,stages_bg_stages_morphtok_min5_BGMTG1_BGMTG2_BGMTG3_BGMTG4_BGMTG5__ps-0p001__bias-0p1__cb-0p1__nbm-lhs-parsed__nbe-0p005__nbmin-0p1__lex-from-prev__ls-0p1,stages_bg_stages_morphtok_min5_BGMTG1_BGMTG2_BGMTG3_BGMTG4_BGMTG5__ps-0p001__bias-0p1__cb-0p1__nbm-lhs-parsed__nbe-0p005__nbmin-0p1__lex-from-prev__ls-0p1__05_BGMTG5
,BGMTG,5,0.001,0.0,0.01,0.629984,0.244262,-7.640247,stages_bg_stages_morphtok_min5_BGMTG1_BGMTG2_BGMTG3_BGMTG4_BGMTG5__ps-0p001__bias-0p1__cb-0p1__nbm-lhs-parsed__nbe-0p01__nbmin-0p1__lex-from-prev__ls-0p0,stages_bg_stages_morphtok_min5_BGMTG1_BGMTG2_BGMTG3_BGMTG4_BGMTG5__ps-0p001__bias-0p1__cb-0p1__nbm-lhs-parsed__nbe-0p01__nbmin-0p1__lex-from-prev__ls-0p0__05_BGMTG5
,BGMTG,5,0.001,0.001,0.01,0.627075,0.244139,-7.634148,stages_bg_stages_morphtok_min5_BGMTG1_BGMTG2_BGMTG3_BGMTG4_BGMTG5__ps-0p001__bias-0p1__cb-0p1__nbm-lhs-parsed__nbe-0p01__nbmin-0p1__lex-from-prev__ls-0p001,stages_bg_stages_morphtok_min5_BGMTG1_BGMTG2_BGMTG3_BGMTG4_BGMTG5__ps-0p001__bias-0p1__cb-0p1__nbm-lhs-parsed__nbe-0p01__nbmin-0p1__lex-from-prev__ls-0p001__05_BGMTG5
,BGMTG,5,0.001,0.01,0.01,0.632189,0.243991,-7.634266,stages_bg_stages_morphtok_min5_BGMTG1_BGMTG2_BGMTG3_BGMTG4_BGMTG5__ps-0p001__bias-0p1__cb-0p1__nbm-lhs-parsed__nbe-0p01__nbmin-0p1__lex-from-prev__ls-0p01,stages_bg_stages_morphtok_min5_BGMTG1_BGMTG2_BGMTG3_BGMTG4_BGMTG5__ps-0p001__bias-0p1__cb-0p1__nbm-lhs-parsed__nbe-0p01__nbmin-0p1__lex-from-prev__ls-0p01__05_BGMTG5
,BGMTG,5,0.001,0.1,0.01,0.629593,0.250295,-7.625734,stages_bg_stages_morphtok_min5_BGMTG1_BGMTG2_BGMTG3_BGMTG4_BGMTG5__ps-0p001__bias-0p1__cb-0p1__nbm-lhs-parsed__nbe-0p01__nbmin-0p1__lex-from-prev__ls-0p1,stages_bg_stages_morphtok_min5_BGMTG1_BGMTG2_BGMTG3_BGMTG4_BGMTG5__ps-0p001__bias-0p1__cb-0p1__nbm-lhs-parsed__nbe-0p01__nbmin-0p1__lex-from-prev__ls-0p1__05_BGMTG5
,BGMTG,5,0.001,0.0,0.05,0.628648,0.244425,-7.639901,stages_bg_stages_morphtok_min5_BGMTG1_BGMTG2_BGMTG3_BGMTG4_BGMTG5__ps-0p001__bias-0p1__cb-0p1__nbm-lhs-parsed__nbe-0p05__nbmin-0p1__lex-from-prev__ls-0p0,stages_bg_stages_morphtok_min5_BGMTG1_BGMTG2_BGMTG3_BGMTG4_BGMTG5__ps-0p001__bias-0p1__cb-0p1__nbm-lhs-parsed__nbe-0p05__nbmin-0p1__lex-from-prev__ls-0p0__05_BGMTG5
,BGMTG,5,0.001,0.001,0.05,0.626323,0.244295,-7.633937,stages_bg_stages_morphtok_min5_BGMTG1_BGMTG2_BGMTG3_BGMTG4_BGMTG5__ps-0p001__bias-0p1__cb-0p1__nbm-lhs-parsed__nbe-0p05__nbmin-0p1__lex-from-prev__ls-0p001,stages_bg_stages_morphtok_min5_BGMTG1_BGMTG2_BGMTG3_BGMTG4_BGMTG5__ps-0p001__bias-0p1__cb-0p1__nbm-lhs-parsed__nbe-0p05__nbmin-0p1__lex-from-prev__ls-0p001__05_BGMTG5
,BGMTG,5,0.001,0.01,0.05,0.630922,0.244131,-7.634055,stages_bg_stages_morphtok_min5_BGMTG1_BGMTG2_BGMTG3_BGMTG4_BGMTG5__ps-0p001__bias-0p1__cb-0p1__nbm-lhs-parsed__nbe-0p05__nbmin-0p1__lex-from-prev__ls-0p01,stages_bg_stages_morphtok_min5_BGMTG1_BGMTG2_BGMTG3_BGMTG4_BGMTG5__ps-0p001__bias-0p1__cb-0p1__nbm-lhs-parsed__nbe-0p05__nbmin-0p1__lex-from-prev__ls-0p01__05_BGMTG5
,BGMTG,5,0.001,0.1,0.05,0.629885,0.250269,-7.625460,stages_bg_stages_morphtok_min5_BGMTG1_BGMTG2_BGMTG3_BGMTG4_BGMTG5__ps-0p001__bias-0p1__cb-0p1__nbm-lhs-parsed__nbe-0p05__nbmin-0p1__lex-from-prev__ls-0p1,stages_bg_stages_morphtok_min5_BGMTG1_BGMTG2_BGMTG3_BGMTG4_BGMTG5__ps-0p001__bias-0p1__cb-0p1__nbm-lhs-parsed__nbe-0p05__nbmin-0p1__lex-from-prev__ls-0p1__05_BGMTG5
,BGMTG,5,0.005,0.0,0.001,0.633356,0.243161,-7.635998,stages_bg_stages_morphtok_min5_BGMTG1_BGMTG2_BGMTG3_BGMTG4_BGMTG5__ps-0p005__bias-0p1__cb-0p1__nbm-lhs-parsed__nbe-0p001__nbmin-0p1__lex-from-prev__ls-0p0,stages_bg_stages_morphtok_min5_BGMTG1_BGMTG2_BGMTG3_BGMTG4_BGMTG5__ps-0p005__bias-0p1__cb-0p1__nbm-lhs-parsed__nbe-0p001__nbmin-0p1__lex-from-prev__ls-0p0__05_BGMTG5
,BGMTG,5,0.005,0.001,0.001,0.631263,0.243150,-7.630063,stages_bg_stages_morphtok_min5_BGMTG1_BGMTG2_BGMTG3_BGMTG4_BGMTG5__ps-0p005__bias-0p1__cb-0p1__nbm-lhs-parsed__nbe-0p001__nbmin-0p1__lex-from-prev__ls-0p001,stages_bg_stages_morphtok_min5_BGMTG1_BGMTG2_BGMTG3_BGMTG4_BGMTG5__ps-0p005__bias-0p1__cb-0p1__nbm-lhs-parsed__nbe-0p001__nbmin-0p1__lex-from-prev__ls-0p001__05_BGMTG5
,BGMTG,5,0.005,0.01,0.001,0.633415,0.243469,-7.630658,stages_bg_stages_morphtok_min5_BGMTG1_BGMTG2_BGMTG3_BGMTG4_BGMTG5__ps-0p005__bias-0p1__cb-0p1__nbm-lhs-parsed__nbe-0p001__nbmin-0p1__lex-from-prev__ls-0p01,stages_bg_stages_morphtok_min5_BGMTG1_BGMTG2_BGMTG3_BGMTG4_BGMTG5__ps-0p005__bias-0p1__cb-0p1__nbm-lhs-parsed__nbe-0p001__nbmin-0p1__lex-from-prev__ls-0p01__05_BGMTG5
,BGMTG,5,0.005,0.1,0.001,0.634660,0.249287,-7.621673,stages_bg_stages_morphtok_min5_BGMTG1_BGMTG2_BGMTG3_BGMTG4_BGMTG5__ps-0p005__bias-0p1__cb-0p1__nbm-lhs-parsed__nbe-0p001__nbmin-0p1__lex-from-prev__ls-0p1,stages_bg_stages_morphtok_min5_BGMTG1_BGMTG2_BGMTG3_BGMTG4_BGMTG5__ps-0p005__bias-0p1__cb-0p1__nbm-lhs-parsed__nbe-0p001__nbmin-0p1__lex-from-prev__ls-0p1__05_BGMTG5
,BGMTG,5,0.005,0.0,0.005,0.633356,0.243309,-7.635966,stages_bg_stages_morphtok_min5_BGMTG1_BGMTG2_BGMTG3_BGMTG4_BGMTG5__ps-0p005__bias-0p1__cb-0p1__nbm-lhs-parsed__nbe-0p005__nbmin-0p1__lex-from-prev__ls-0p0,stages_bg_stages_morphtok_min5_BGMTG1_BGMTG2_BGMTG3_BGMTG4_BGMTG5__ps-0p005__bias-0p1__cb-0p1__nbm-lhs-parsed__nbe-0p005__nbmin-0p1__lex-from-prev__ls-0p0__05_BGMTG5
,BGMTG,5,0.005,0.001,0.005,0.631193,0.243281,-7.629986,stages_bg_stages_morphtok_min5_BGMTG1_BGMTG2_BGMTG3_BGMTG4_BGMTG5__ps-0p005__bias-0p1__cb-0p1__nbm-lhs-parsed__nbe-0p005__nbmin-0p1__lex-from-prev__ls-0p001,stages_bg_stages_morphtok_min5_BGMTG1_BGMTG2_BGMTG3_BGMTG4_BGMTG5__ps-0p005__bias-0p1__cb-0p1__nbm-lhs-parsed__nbe-0p005__nbmin-0p1__lex-from-prev__ls-0p001__05_BGMTG5
,BGMTG,5,0.005,0.01,0.005,0.633637,0.243582,-7.630425,stages_bg_stages_morphtok_min5_BGMTG1_BGMTG2_BGMTG3_BGMTG4_BGMTG5__ps-0p005__bias-0p1__cb-0p1__nbm-lhs-parsed__nbe-0p005__nbmin-0p1__lex-from-prev__ls-0p01,stages_bg_stages_morphtok_min5_BGMTG1_BGMTG2_BGMTG3_BGMTG4_BGMTG5__ps-0p005__bias-0p1__cb-0p1__nbm-lhs-parsed__nbe-0p005__nbmin-0p1__lex-from-prev__ls-0p01__05_BGMTG5
,BGMTG,5,0.005,0.1,0.005,0.635910,0.249323,-7.621618,stages_bg_stages_morphtok_min5_BGMTG1_BGMTG2_BGMTG3_BGMTG4_BGMTG5__ps-0p005__bias-0p1__cb-0p1__nbm-lhs-parsed__nbe-0p005__nbmin-0p1__lex-from-prev__ls-0p1,stages_bg_stages_morphtok_min5_BGMTG1_BGMTG2_BGMTG3_BGMTG4_BGMTG5__ps-0p005__bias-0p1__cb-0p1__nbm-lhs-parsed__nbe-0p005__nbmin-0p1__lex-from-prev__ls-0p1__05_BGMTG5
,BGMTG,5,0.005,0.0,0.01,0.632386,0.243364,-7.635680,stages_bg_stages_morphtok_min5_BGMTG1_BGMTG2_BGMTG3_BGMTG4_BGMTG5__ps-0p005__bias-0p1__cb-0p1__nbm-lhs-parsed__nbe-0p01__nbmin-0p1__lex-from-prev__ls-0p0,stages_bg_stages_morphtok_min5_BGMTG1_BGMTG2_BGMTG3_BGMTG4_BGMTG5__ps-0p005__bias-0p1__cb-0p1__nbm-lhs-parsed__nbe-0p01__nbmin-0p1__lex-from-prev__ls-0p0__05_BGMTG5
,BGMTG,5,0.005,0.001,0.01,0.630222,0.243334,-7.629755,stages_bg_stages_morphtok_min5_BGMTG1_BGMTG2_BGMTG3_BGMTG4_BGMTG5__ps-0p005__bias-0p1__cb-0p1__nbm-lhs-parsed__nbe-0p01__nbmin-0p1__lex-from-prev__ls-0p001,stages_bg_stages_morphtok_min5_BGMTG1_BGMTG2_BGMTG3_BGMTG4_BGMTG5__ps-0p005__bias-0p1__cb-0p1__nbm-lhs-parsed__nbe-0p01__nbmin-0p1__lex-from-prev__ls-0p001__05_BGMTG5
,BGMTG,5,0.005,0.01,0.01,0.633626,0.243627,-7.630207,stages_bg_stages_morphtok_min5_BGMTG1_BGMTG2_BGMTG3_BGMTG4_BGMTG5__ps-0p005__bias-0p1__cb-0p1__nbm-lhs-parsed__nbe-0p01__nbmin-0p1__lex-from-prev__ls-0p01,stages_bg_stages_morphtok_min5_BGMTG1_BGMTG2_BGMTG3_BGMTG4_BGMTG5__ps-0p005__bias-0p1__cb-0p1__nbm-lhs-parsed__nbe-0p01__nbmin-0p1__lex-from-prev__ls-0p01__05_BGMTG5
,BGMTG,5,0.005,0.1,0.01,0.635245,0.249289,-7.621467,stages_bg_stages_morphtok_min5_BGMTG1_BGMTG2_BGMTG3_BGMTG4_BGMTG5__ps-0p005__bias-0p1__cb-0p1__nbm-lhs-parsed__nbe-0p01__nbmin-0p1__lex-from-prev__ls-0p1,stages_bg_stages_morphtok_min5_BGMTG1_BGMTG2_BGMTG3_BGMTG4_BGMTG5__ps-0p005__bias-0p1__cb-0p1__nbm-lhs-parsed__nbe-0p01__nbmin-0p1__lex-from-prev__ls-0p1__05_BGMTG5
,BGMTG,5,0.005,0.0,0.05,0.631333,0.243277,-7.634897,stages_bg_stages_morphtok_min5_BGMTG1_BGMTG2_BGMTG3_BGMTG4_BGMTG5__ps-0p005__bias-0p1__cb-0p1__nbm-lhs-parsed__nbe-0p05__nbmin-0p1__lex-from-prev__ls-0p0,stages_bg_stages_morphtok_min5_BGMTG1_BGMTG2_BGMTG3_BGMTG4_BGMTG5__ps-0p005__bias-0p1__cb-0p1__nbm-lhs-parsed__nbe-0p05__nbmin-0p1__lex-from-prev__ls-0p0__05_BGMTG5
,BGMTG,5,0.005,0.001,0.05,0.630737,0.243235,-7.628937,stages_bg_stages_morphtok_min5_BGMTG1_BGMTG2_BGMTG3_BGMTG4_BGMTG5__ps-0p005__bias-0p1__cb-0p1__nbm-lhs-parsed__nbe-0p05__nbmin-0p1__lex-from-prev__ls-0p001,stages_bg_stages_morphtok_min5_BGMTG1_BGMTG2_BGMTG3_BGMTG4_BGMTG5__ps-0p005__bias-0p1__cb-0p1__nbm-lhs-parsed__nbe-0p05__nbmin-0p1__lex-from-prev__ls-0p001__05_BGMTG5
,BGMTG,5,0.005,0.01,0.05,0.632433,0.243471,-7.629375,stages_bg_stages_morphtok_min5_BGMTG1_BGMTG2_BGMTG3_BGMTG4_BGMTG5__ps-0p005__bias-0p1__cb-0p1__nbm-lhs-parsed__nbe-0p05__nbmin-0p1__lex-from-prev__ls-0p01,stages_bg_stages_morphtok_min5_BGMTG1_BGMTG2_BGMTG3_BGMTG4_BGMTG5__ps-0p005__bias-0p1__cb-0p1__nbm-lhs-parsed__nbe-0p05__nbmin-0p1__lex-from-prev__ls-0p01__05_BGMTG5
,BGMTG,5,0.005,0.1,0.05,0.634227,0.248561,-7.620384,stages_bg_stages_morphtok_min5_BGMTG1_BGMTG2_BGMTG3_BGMTG4_BGMTG5__ps-0p005__bias-0p1__cb-0p1__nbm-lhs-parsed__nbe-0p05__nbmin-0p1__lex-from-prev__ls-0p1,stages_bg_stages_morphtok_min5_BGMTG1_BGMTG2_BGMTG3_BGMTG4_BGMTG5__ps-0p005__bias-0p1__cb-0p1__nbm-lhs-parsed__nbe-0p05__nbmin-0p1__lex-from-prev__ls-0p1__05_BGMTG5
,BGMTG,5,0.01,0.0,0.001,0.634886,0.243470,-7.632490,stages_bg_stages_morphtok_min5_BGMTG1_BGMTG2_BGMTG3_BGMTG4_BGMTG5__ps-0p01__bias-0p1__cb-0p1__nbm-lhs-parsed__nbe-0p001__nbmin-0p1__lex-from-prev__ls-0p0,stages_bg_stages_morphtok_min5_BGMTG1_BGMTG2_BGMTG3_BGMTG4_BGMTG5__ps-0p01__bias-0p1__cb-0p1__nbm-lhs-parsed__nbe-0p001__nbmin-0p1__lex-from-prev__ls-0p0__05_BGMTG5
,BGMTG,5,0.01,0.001,0.001,0.633979,0.243526,-7.626856,stages_bg_stages_morphtok_min5_BGMTG1_BGMTG2_BGMTG3_BGMTG4_BGMTG5__ps-0p01__bias-0p1__cb-0p1__nbm-lhs-parsed__nbe-0p001__nbmin-0p1__lex-from-prev__ls-0p001,stages_bg_stages_morphtok_min5_BGMTG1_BGMTG2_BGMTG3_BGMTG4_BGMTG5__ps-0p01__bias-0p1__cb-0p1__nbm-lhs-parsed__nbe-0p001__nbmin-0p1__lex-from-prev__ls-0p001__05_BGMTG5
,BGMTG,5,0.01,0.01,0.001,0.636414,0.243796,-7.627023,stages_bg_stages_morphtok_min5_BGMTG1_BGMTG2_BGMTG3_BGMTG4_BGMTG5__ps-0p01__bias-0p1__cb-0p1__nbm-lhs-parsed__nbe-0p001__nbmin-0p1__lex-from-prev__ls-0p01,stages_bg_stages_morphtok_min5_BGMTG1_BGMTG2_BGMTG3_BGMTG4_BGMTG5__ps-0p01__bias-0p1__cb-0p1__nbm-lhs-parsed__nbe-0p001__nbmin-0p1__lex-from-prev__ls-0p01__05_BGMTG5
,BGMTG,5,0.01,0.1,0.001,0.633363,0.249003,-7.617664,stages_bg_stages_morphtok_min5_BGMTG1_BGMTG2_BGMTG3_BGMTG4_BGMTG5__ps-0p01__bias-0p1__cb-0p1__nbm-lhs-parsed__nbe-0p001__nbmin-0p1__lex-from-prev__ls-0p1,stages_bg_stages_morphtok_min5_BGMTG1_BGMTG2_BGMTG3_BGMTG4_BGMTG5__ps-0p01__bias-0p1__cb-0p1__nbm-lhs-parsed__nbe-0p001__nbmin-0p1__lex-from-prev__ls-0p1__05_BGMTG5
,BGMTG,5,0.01,0.0,0.005,0.634664,0.243609,-7.632376,stages_bg_stages_morphtok_min5_BGMTG1_BGMTG2_BGMTG3_BGMTG4_BGMTG5__ps-0p01__bias-0p1__cb-0p1__nbm-lhs-parsed__nbe-0p005__nbmin-0p1__lex-from-prev__ls-0p0,stages_bg_stages_morphtok_min5_BGMTG1_BGMTG2_BGMTG3_BGMTG4_BGMTG5__ps-0p01__bias-0p1__cb-0p1__nbm-lhs-parsed__nbe-0p005__nbmin-0p1__lex-from-prev__ls-0p0__05_BGMTG5
,BGMTG,5,0.01,0.001,0.005,0.634573,0.243644,-7.626555,stages_bg_stages_morphtok_min5_BGMTG1_BGMTG2_BGMTG3_BGMTG4_BGMTG5__ps-0p01__bias-0p1__cb-0p1__nbm-lhs-parsed__nbe-0p005__nbmin-0p1__lex-from-prev__ls-0p001,stages_bg_stages_morphtok_min5_BGMTG1_BGMTG2_BGMTG3_BGMTG4_BGMTG5__ps-0p01__bias-0p1__cb-0p1__nbm-lhs-parsed__nbe-0p005__nbmin-0p1__lex-from-prev__ls-0p001__05_BGMTG5
,BGMTG,5,0.01,0.01,0.005,0.636927,0.243893,-7.626557,stages_bg_stages_morphtok_min5_BGMTG1_BGMTG2_BGMTG3_BGMTG4_BGMTG5__ps-0p01__bias-0p1__cb-0p1__nbm-lhs-parsed__nbe-0p005__nbmin-0p1__lex-from-prev__ls-0p01,stages_bg_stages_morphtok_min5_BGMTG1_BGMTG2_BGMTG3_BGMTG4_BGMTG5__ps-0p01__bias-0p1__cb-0p1__nbm-lhs-parsed__nbe-0p005__nbmin-0p1__lex-from-prev__ls-0p01__05_BGMTG5
,BGMTG,5,0.01,0.1,0.005,0.633946,0.248964,-7.617406,stages_bg_stages_morphtok_min5_BGMTG1_BGMTG2_BGMTG3_BGMTG4_BGMTG5__ps-0p01__bias-0p1__cb-0p1__nbm-lhs-parsed__nbe-0p005__nbmin-0p1__lex-from-prev__ls-0p1,stages_bg_stages_morphtok_min5_BGMTG1_BGMTG2_BGMTG3_BGMTG4_BGMTG5__ps-0p01__bias-0p1__cb-0p1__nbm-lhs-parsed__nbe-0p005__nbmin-0p1__lex-from-prev__ls-0p1__05_BGMTG5
,BGMTG,5,0.01,0.0,0.01,0.635237,0.243618,-7.632077,stages_bg_stages_morphtok_min5_BGMTG1_BGMTG2_BGMTG3_BGMTG4_BGMTG5__ps-0p01__bias-0p1__cb-0p1__nbm-lhs-parsed__nbe-0p01__nbmin-0p1__lex-from-prev__ls-0p0,stages_bg_stages_morphtok_min5_BGMTG1_BGMTG2_BGMTG3_BGMTG4_BGMTG5__ps-0p01__bias-0p1__cb-0p1__nbm-lhs-parsed__nbe-0p01__nbmin-0p1__lex-from-prev__ls-0p0__05_BGMTG5
,BGMTG,5,0.01,0.001,0.01,0.634130,0.243644,-7.626241,stages_bg_stages_morphtok_min5_BGMTG1_BGMTG2_BGMTG3_BGMTG4_BGMTG5__ps-0p01__bias-0p1__cb-0p1__nbm-lhs-parsed__nbe-0p01__nbmin-0p1__lex-from-prev__ls-0p001,stages_bg_stages_morphtok_min5_BGMTG1_BGMTG2_BGMTG3_BGMTG4_BGMTG5__ps-0p01__bias-0p1__cb-0p1__nbm-lhs-parsed__nbe-0p01__nbmin-0p1__lex-from-prev__ls-0p001__05_BGMTG5
,BGMTG,5,0.01,0.01,0.01,0.636635,0.243903,-7.626198,stages_bg_stages_morphtok_min5_BGMTG1_BGMTG2_BGMTG3_BGMTG4_BGMTG5__ps-0p01__bias-0p1__cb-0p1__nbm-lhs-parsed__nbe-0p01__nbmin-0p1__lex-from-prev__ls-0p01,stages_bg_stages_morphtok_min5_BGMTG1_BGMTG2_BGMTG3_BGMTG4_BGMTG5__ps-0p01__bias-0p1__cb-0p1__nbm-lhs-parsed__nbe-0p01__nbmin-0p1__lex-from-prev__ls-0p01__05_BGMTG5
,BGMTG,5,0.01,0.1,0.01,0.634400,0.248775,-7.616965,stages_bg_stages_morphtok_min5_BGMTG1_BGMTG2_BGMTG3_BGMTG4_BGMTG5__ps-0p01__bias-0p1__cb-0p1__nbm-lhs-parsed__nbe-0p01__nbmin-0p1__lex-from-prev__ls-0p1,stages_bg_stages_morphtok_min5_BGMTG1_BGMTG2_BGMTG3_BGMTG4_BGMTG5__ps-0p01__bias-0p1__cb-0p1__nbm-lhs-parsed__nbe-0p01__nbmin-0p1__lex-from-prev__ls-0p1__05_BGMTG5
,BGMTG,5,0.01,0.0,0.05,0.635015,0.243265,-7.630728,stages_bg_stages_morphtok_min5_BGMTG1_BGMTG2_BGMTG3_BGMTG4_BGMTG5__ps-0p01__bias-0p1__cb-0p1__nbm-lhs-parsed__nbe-0p05__nbmin-0p1__lex-from-prev__ls-0p0,stages_bg_stages_morphtok_min5_BGMTG1_BGMTG2_BGMTG3_BGMTG4_BGMTG5__ps-0p01__bias-0p1__cb-0p1__nbm-lhs-parsed__nbe-0p05__nbmin-0p1__lex-from-prev__ls-0p0__05_BGMTG5
,BGMTG,5,0.01,0.001,0.05,0.634643,0.243289,-7.624603,stages_bg_stages_morphtok_min5_BGMTG1_BGMTG2_BGMTG3_BGMTG4_BGMTG5__ps-0p01__bias-0p1__cb-0p1__nbm-lhs-parsed__nbe-0p05__nbmin-0p1__lex-from-prev__ls-0p001,stages_bg_stages_morphtok_min5_BGMTG1_BGMTG2_BGMTG3_BGMTG4_BGMTG5__ps-0p01__bias-0p1__cb-0p1__nbm-lhs-parsed__nbe-0p05__nbmin-0p1__lex-from-prev__ls-0p001__05_BGMTG5
,BGMTG,5,0.01,0.01,0.05,0.635448,0.243435,-7.624695,stages_bg_stages_morphtok_min5_BGMTG1_BGMTG2_BGMTG3_BGMTG4_BGMTG5__ps-0p01__bias-0p1__cb-0p1__nbm-lhs-parsed__nbe-0p05__nbmin-0p1__lex-from-prev__ls-0p01,stages_bg_stages_morphtok_min5_BGMTG1_BGMTG2_BGMTG3_BGMTG4_BGMTG5__ps-0p01__bias-0p1__cb-0p1__nbm-lhs-parsed__nbe-0p05__nbmin-0p1__lex-from-prev__ls-0p01__05_BGMTG5
,BGMTG,5,0.01,0.1,0.05,0.634562,0.247528,-7.615203,stages_bg_stages_morphtok_min5_BGMTG1_BGMTG2_BGMTG3_BGMTG4_BGMTG5__ps-0p01__bias-0p1__cb-0p1__nbm-lhs-parsed__nbe-0p05__nbmin-0p1__lex-from-prev__ls-0p1,stages_bg_stages_morphtok_min5_BGMTG1_BGMTG2_BGMTG3_BGMTG4_BGMTG5__ps-0p01__bias-0p1__cb-0p1__nbm-lhs-parsed__nbe-0p05__nbmin-0p1__lex-from-prev__ls-0p1__05_BGMTG5
,BGMTG,5,0.05,0.0,0.001,0.635851,0.248230,-7.627970,stages_bg_stages_morphtok_min5_BGMTG1_BGMTG2_BGMTG3_BGMTG4_BGMTG5__ps-0p05__bias-0p1__cb-0p1__nbm-lhs-parsed__nbe-0p001__nbmin-0p1__lex-from-prev__ls-0p0,stages_bg_stages_morphtok_min5_BGMTG1_BGMTG2_BGMTG3_BGMTG4_BGMTG5__ps-0p05__bias-0p1__cb-0p1__nbm-lhs-parsed__nbe-0p001__nbmin-0p1__lex-from-prev__ls-0p0__05_BGMTG5
,BGMTG,5,0.05,0.001,0.001,0.636675,0.248296,-7.622171,stages_bg_stages_morphtok_min5_BGMTG1_BGMTG2_BGMTG3_BGMTG4_BGMTG5__ps-0p05__bias-0p1__cb-0p1__nbm-lhs-parsed__nbe-0p001__nbmin-0p1__lex-from-prev__ls-0p001,stages_bg_stages_morphtok_min5_BGMTG1_BGMTG2_BGMTG3_BGMTG4_BGMTG5__ps-0p05__bias-0p1__cb-0p1__nbm-lhs-parsed__nbe-0p001__nbmin-0p1__lex-from-prev__ls-0p001__05_BGMTG5
,BGMTG,5,0.05,0.01,0.001,0.636595,0.248239,-7.622121,stages_bg_stages_morphtok_min5_BGMTG1_BGMTG2_BGMTG3_BGMTG4_BGMTG5__ps-0p05__bias-0p1__cb-0p1__nbm-lhs-parsed__nbe-0p001__nbmin-0p1__lex-from-prev__ls-0p01,stages_bg_stages_morphtok_min5_BGMTG1_BGMTG2_BGMTG3_BGMTG4_BGMTG5__ps-0p05__bias-0p1__cb-0p1__nbm-lhs-parsed__nbe-0p001__nbmin-0p1__lex-from-prev__ls-0p01__05_BGMTG5
,BGMTG,5,0.05,0.1,0.001,0.642101,0.250733,-7.608928,stages_bg_stages_morphtok_min5_BGMTG1_BGMTG2_BGMTG3_BGMTG4_BGMTG5__ps-0p05__bias-0p1__cb-0p1__nbm-lhs-parsed__nbe-0p001__nbmin-0p1__lex-from-prev__ls-0p1,stages_bg_stages_morphtok_min5_BGMTG1_BGMTG2_BGMTG3_BGMTG4_BGMTG5__ps-0p05__bias-0p1__cb-0p1__nbm-lhs-parsed__nbe-0p001__nbmin-0p1__lex-from-prev__ls-0p1__05_BGMTG5
,BGMTG,5,0.05,0.0,0.005,0.634896,0.248099,-7.626987,stages_bg_stages_morphtok_min5_BGMTG1_BGMTG2_BGMTG3_BGMTG4_BGMTG5__ps-0p05__bias-0p1__cb-0p1__nbm-lhs-parsed__nbe-0p005__nbmin-0p1__lex-from-prev__ls-0p0,stages_bg_stages_morphtok_min5_BGMTG1_BGMTG2_BGMTG3_BGMTG4_BGMTG5__ps-0p05__bias-0p1__cb-0p1__nbm-lhs-parsed__nbe-0p005__nbmin-0p1__lex-from-prev__ls-0p0__05_BGMTG5
,BGMTG,5,0.05,0.001,0.005,0.635559,0.248138,-7.621245,stages_bg_stages_morphtok_min5_BGMTG1_BGMTG2_BGMTG3_BGMTG4_BGMTG5__ps-0p05__bias-0p1__cb-0p1__nbm-lhs-parsed__nbe-0p005__nbmin-0p1__lex-from-prev__ls-0p001,stages_bg_stages_morphtok_min5_BGMTG1_BGMTG2_BGMTG3_BGMTG4_BGMTG5__ps-0p05__bias-0p1__cb-0p1__nbm-lhs-parsed__nbe-0p005__nbmin-0p1__lex-from-prev__ls-0p001__05_BGMTG5
,BGMTG,5,0.05,0.01,0.005,0.634152,0.248041,-7.621369,stages_bg_stages_morphtok_min5_BGMTG1_BGMTG2_BGMTG3_BGMTG4_BGMTG5__ps-0p05__bias-0p1__cb-0p1__nbm-lhs-parsed__nbe-0p005__nbmin-0p1__lex-from-prev__ls-0p01,stages_bg_stages_morphtok_min5_BGMTG1_BGMTG2_BGMTG3_BGMTG4_BGMTG5__ps-0p05__bias-0p1__cb-0p1__nbm-lhs-parsed__nbe-0p005__nbmin-0p1__lex-from-prev__ls-0p01__05_BGMTG5
,BGMTG,5,0.05,0.1,0.005,0.640592,0.249915,-7.608272,stages_bg_stages_morphtok_min5_BGMTG1_BGMTG2_BGMTG3_BGMTG4_BGMTG5__ps-0p05__bias-0p1__cb-0p1__nbm-lhs-parsed__nbe-0p005__nbmin-0p1__lex-from-prev__ls-0p1,stages_bg_stages_morphtok_min5_BGMTG1_BGMTG2_BGMTG3_BGMTG4_BGMTG5__ps-0p05__bias-0p1__cb-0p1__nbm-lhs-parsed__nbe-0p005__nbmin-0p1__lex-from-prev__ls-0p1__05_BGMTG5
,BGMTG,5,0.05,0.0,0.01,0.635398,0.247760,-7.625445,stages_bg_stages_morphtok_min5_BGMTG1_BGMTG2_BGMTG3_BGMTG4_BGMTG5__ps-0p05__bias-0p1__cb-0p1__nbm-lhs-parsed__nbe-0p01__nbmin-0p1__lex-from-prev__ls-0p0,stages_bg_stages_morphtok_min5_BGMTG1_BGMTG2_BGMTG3_BGMTG4_BGMTG5__ps-0p05__bias-0p1__cb-0p1__nbm-lhs-parsed__nbe-0p01__nbmin-0p1__lex-from-prev__ls-0p0__05_BGMTG5
,BGMTG,5,0.05,0.001,0.01,0.634956,0.247797,-7.619547,stages_bg_stages_morphtok_min5_BGMTG1_BGMTG2_BGMTG3_BGMTG4_BGMTG5__ps-0p05__bias-0p1__cb-0p1__nbm-lhs-parsed__nbe-0p01__nbmin-0p1__lex-from-prev__ls-0p001,stages_bg_stages_morphtok_min5_BGMTG1_BGMTG2_BGMTG3_BGMTG4_BGMTG5__ps-0p05__bias-0p1__cb-0p1__nbm-lhs-parsed__nbe-0p01__nbmin-0p1__lex-from-prev__ls-0p001__05_BGMTG5
,BGMTG,5,0.05,0.01,0.01,0.634583,0.247648,-7.619897,stages_bg_stages_morphtok_min5_BGMTG1_BGMTG2_BGMTG3_BGMTG4_BGMTG5__ps-0p05__bias-0p1__cb-0p1__nbm-lhs-parsed__nbe-0p01__nbmin-0p1__lex-from-prev__ls-0p01,stages_bg_stages_morphtok_min5_BGMTG1_BGMTG2_BGMTG3_BGMTG4_BGMTG5__ps-0p05__bias-0p1__cb-0p1__nbm-lhs-parsed__nbe-0p01__nbmin-0p1__lex-from-prev__ls-0p01__05_BGMTG5
,BGMTG,5,0.05,0.1,0.01,0.638956,0.249100,-7.607126,stages_bg_stages_morphtok_min5_BGMTG1_BGMTG2_BGMTG3_BGMTG4_BGMTG5__ps-0p05__bias-0p1__cb-0p1__nbm-lhs-parsed__nbe-0p01__nbmin-0p1__lex-from-prev__ls-0p1,stages_bg_stages_morphtok_min5_BGMTG1_BGMTG2_BGMTG3_BGMTG4_BGMTG5__ps-0p05__bias-0p1__cb-0p1__nbm-lhs-parsed__nbe-0p01__nbmin-0p1__lex-from-prev__ls-0p1__05_BGMTG5
,BGMTG,5,0.05,0.0,0.05,0.636354,0.246303,-7.619142,stages_bg_stages_morphtok_min5_BGMTG1_BGMTG2_BGMTG3_BGMTG4_BGMTG5__ps-0p05__bias-0p1__cb-0p1__nbm-lhs-parsed__nbe-0p05__nbmin-0p1__lex-from-prev__ls-0p0,stages_bg_stages_morphtok_min5_BGMTG1_BGMTG2_BGMTG3_BGMTG4_BGMTG5__ps-0p05__bias-0p1__cb-0p1__nbm-lhs-parsed__nbe-0p05__nbmin-0p1__lex-from-prev__ls-0p0__05_BGMTG5
,BGMTG,5,0.05,0.001,0.05,0.636796,0.246231,-7.613070,stages_bg_stages_morphtok_min5_BGMTG1_BGMTG2_BGMTG3_BGMTG4_BGMTG5__ps-0p05__bias-0p1__cb-0p1__nbm-lhs-parsed__nbe-0p05__nbmin-0p1__lex-from-prev__ls-0p001,stages_bg_stages_morphtok_min5_BGMTG1_BGMTG2_BGMTG3_BGMTG4_BGMTG5__ps-0p05__bias-0p1__cb-0p1__nbm-lhs-parsed__nbe-0p05__nbmin-0p1__lex-from-prev__ls-0p001__05_BGMTG5
,BGMTG,5,0.05,0.01,0.05,0.637460,0.245846,-7.612970,stages_bg_stages_morphtok_min5_BGMTG1_BGMTG2_BGMTG3_BGMTG4_BGMTG5__ps-0p05__bias-0p1__cb-0p1__nbm-lhs-parsed__nbe-0p05__nbmin-0p1__lex-from-prev__ls-0p01,stages_bg_stages_morphtok_min5_BGMTG1_BGMTG2_BGMTG3_BGMTG4_BGMTG5__ps-0p05__bias-0p1__cb-0p1__nbm-lhs-parsed__nbe-0p05__nbmin-0p1__lex-from-prev__ls-0p01__05_BGMTG5
,BGMTG,5,0.05,0.1,0.05,0.641564,0.245965,-7.604413,stages_bg_stages_morphtok_min5_BGMTG1_BGMTG2_BGMTG3_BGMTG4_BGMTG5__ps-0p05__bias-0p1__cb-0p1__nbm-lhs-parsed__nbe-0p05__nbmin-0p1__lex-from-prev__ls-0p1,stages_bg_stages_morphtok_min5_BGMTG1_BGMTG2_BGMTG3_BGMTG4_BGMTG5__ps-0p05__bias-0p1__cb-0p1__nbm-lhs-parsed__nbe-0p05__nbmin-0p1__lex-from-prev__ls-0p1__05_BGMTG5
,BGMTG,5,0.1,0.0,0.001,0.629954,0.252049,-7.630042,stages_bg_stages_morphtok_min5_BGMTG1_BGMTG2_BGMTG3_BGMTG4_BGMTG5__ps-0p1__bias-0p1__cb-0p1__nbm-lhs-parsed__nbe-0p001__nbmin-0p1__lex-from-prev__ls-0p0,stages_bg_stages_morphtok_min5_BGMTG1_BGMTG2_BGMTG3_BGMTG4_BGMTG5__ps-0p1__bias-0p1__cb-0p1__nbm-lhs-parsed__nbe-0p001__nbmin-0p1__lex-from-prev__ls-0p0__05_BGMTG5
,BGMTG,5,0.1,0.001,0.001,0.629288,0.252194,-7.623891,stages_bg_stages_morphtok_min5_BGMTG1_BGMTG2_BGMTG3_BGMTG4_BGMTG5__ps-0p1__bias-0p1__cb-0p1__nbm-lhs-parsed__nbe-0p001__nbmin-0p1__lex-from-prev__ls-0p001,stages_bg_stages_morphtok_min5_BGMTG1_BGMTG2_BGMTG3_BGMTG4_BGMTG5__ps-0p1__bias-0p1__cb-0p1__nbm-lhs-parsed__nbe-0p001__nbmin-0p1__lex-from-prev__ls-0p001__05_BGMTG5
,BGMTG,5,0.1,0.01,0.001,0.635729,0.252085,-7.624169,stages_bg_stages_morphtok_min5_BGMTG1_BGMTG2_BGMTG3_BGMTG4_BGMTG5__ps-0p1__bias-0p1__cb-0p1__nbm-lhs-parsed__nbe-0p001__nbmin-0p1__lex-from-prev__ls-0p01,stages_bg_stages_morphtok_min5_BGMTG1_BGMTG2_BGMTG3_BGMTG4_BGMTG5__ps-0p1__bias-0p1__cb-0p1__nbm-lhs-parsed__nbe-0p001__nbmin-0p1__lex-from-prev__ls-0p01__05_BGMTG5
,BGMTG,5,0.1,0.1,0.001,0.637209,0.253746,-7.610235,stages_bg_stages_morphtok_min5_BGMTG1_BGMTG2_BGMTG3_BGMTG4_BGMTG5__ps-0p1__bias-0p1__cb-0p1__nbm-lhs-parsed__nbe-0p001__nbmin-0p1__lex-from-prev__ls-0p1,stages_bg_stages_morphtok_min5_BGMTG1_BGMTG2_BGMTG3_BGMTG4_BGMTG5__ps-0p1__bias-0p1__cb-0p1__nbm-lhs-parsed__nbe-0p001__nbmin-0p1__lex-from-prev__ls-0p1__05_BGMTG5
,BGMTG,5,0.1,0.0,0.005,0.631264,0.251482,-7.627362,stages_bg_stages_morphtok_min5_BGMTG1_BGMTG2_BGMTG3_BGMTG4_BGMTG5__ps-0p1__bias-0p1__cb-0p1__nbm-lhs-parsed__nbe-0p005__nbmin-0p1__lex-from-prev__ls-0p0,stages_bg_stages_morphtok_min5_BGMTG1_BGMTG2_BGMTG3_BGMTG4_BGMTG5__ps-0p1__bias-0p1__cb-0p1__nbm-lhs-parsed__nbe-0p005__nbmin-0p1__lex-from-prev__ls-0p0__05_BGMTG5
,BGMTG,5,0.1,0.001,0.005,0.629079,0.251589,-7.621038,stages_bg_stages_morphtok_min5_BGMTG1_BGMTG2_BGMTG3_BGMTG4_BGMTG5__ps-0p1__bias-0p1__cb-0p1__nbm-lhs-parsed__nbe-0p005__nbmin-0p1__lex-from-prev__ls-0p001,stages_bg_stages_morphtok_min5_BGMTG1_BGMTG2_BGMTG3_BGMTG4_BGMTG5__ps-0p1__bias-0p1__cb-0p1__nbm-lhs-parsed__nbe-0p005__nbmin-0p1__lex-from-prev__ls-0p001__05_BGMTG5
,BGMTG,5,0.1,0.01,0.005,0.634157,0.251394,-7.621696,stages_bg_stages_morphtok_min5_BGMTG1_BGMTG2_BGMTG3_BGMTG4_BGMTG5__ps-0p1__bias-0p1__cb-0p1__nbm-lhs-parsed__nbe-0p005__nbmin-0p1__lex-from-prev__ls-0p01,stages_bg_stages_morphtok_min5_BGMTG1_BGMTG2_BGMTG3_BGMTG4_BGMTG5__ps-0p1__bias-0p1__cb-0p1__nbm-lhs-parsed__nbe-0p005__nbmin-0p1__lex-from-prev__ls-0p01__05_BGMTG5
,BGMTG,5,0.1,0.1,0.005,0.635678,0.252238,-7.608529,stages_bg_stages_morphtok_min5_BGMTG1_BGMTG2_BGMTG3_BGMTG4_BGMTG5__ps-0p1__bias-0p1__cb-0p1__nbm-lhs-parsed__nbe-0p005__nbmin-0p1__lex-from-prev__ls-0p1,stages_bg_stages_morphtok_min5_BGMTG1_BGMTG2_BGMTG3_BGMTG4_BGMTG5__ps-0p1__bias-0p1__cb-0p1__nbm-lhs-parsed__nbe-0p005__nbmin-0p1__lex-from-prev__ls-0p1__05_BGMTG5
,BGMTG,5,0.1,0.0,0.01,0.631579,0.250631,-7.624558,stages_bg_stages_morphtok_min5_BGMTG1_BGMTG2_BGMTG3_BGMTG4_BGMTG5__ps-0p1__bias-0p1__cb-0p1__nbm-lhs-parsed__nbe-0p01__nbmin-0p1__lex-from-prev__ls-0p0,stages_bg_stages_morphtok_min5_BGMTG1_BGMTG2_BGMTG3_BGMTG4_BGMTG5__ps-0p1__bias-0p1__cb-0p1__nbm-lhs-parsed__nbe-0p01__nbmin-0p1__lex-from-prev__ls-0p0__05_BGMTG5
,BGMTG,5,0.1,0.001,0.01,0.629617,0.250737,-7.617513,stages_bg_stages_morphtok_min5_BGMTG1_BGMTG2_BGMTG3_BGMTG4_BGMTG5__ps-0p1__bias-0p1__cb-0p1__nbm-lhs-parsed__nbe-0p01__nbmin-0p1__lex-from-prev__ls-0p001,stages_bg_stages_morphtok_min5_BGMTG1_BGMTG2_BGMTG3_BGMTG4_BGMTG5__ps-0p1__bias-0p1__cb-0p1__nbm-lhs-parsed__nbe-0p01__nbmin-0p1__lex-from-prev__ls-0p001__05_BGMTG5
,BGMTG,5,0.1,0.01,0.01,0.634390,0.250442,-7.618351,stages_bg_stages_morphtok_min5_BGMTG1_BGMTG2_BGMTG3_BGMTG4_BGMTG5__ps-0p1__bias-0p1__cb-0p1__nbm-lhs-parsed__nbe-0p01__nbmin-0p1__lex-from-prev__ls-0p01,stages_bg_stages_morphtok_min5_BGMTG1_BGMTG2_BGMTG3_BGMTG4_BGMTG5__ps-0p1__bias-0p1__cb-0p1__nbm-lhs-parsed__nbe-0p01__nbmin-0p1__lex-from-prev__ls-0p01__05_BGMTG5
,BGMTG,5,0.1,0.1,0.01,0.634628,0.250729,-7.607516,stages_bg_stages_morphtok_min5_BGMTG1_BGMTG2_BGMTG3_BGMTG4_BGMTG5__ps-0p1__bias-0p1__cb-0p1__nbm-lhs-parsed__nbe-0p01__nbmin-0p1__lex-from-prev__ls-0p1,stages_bg_stages_morphtok_min5_BGMTG1_BGMTG2_BGMTG3_BGMTG4_BGMTG5__ps-0p1__bias-0p1__cb-0p1__nbm-lhs-parsed__nbe-0p01__nbmin-0p1__lex-from-prev__ls-0p1__05_BGMTG5
,BGMTG,5,0.1,0.0,0.05,0.627891,0.245626,-7.614691,stages_bg_stages_morphtok_min5_BGMTG1_BGMTG2_BGMTG3_BGMTG4_BGMTG5__ps-0p1__bias-0p1__cb-0p1__nbm-lhs-parsed__nbe-0p05__nbmin-0p1__lex-from-prev__ls-0p0,stages_bg_stages_morphtok_min5_BGMTG1_BGMTG2_BGMTG3_BGMTG4_BGMTG5__ps-0p1__bias-0p1__cb-0p1__nbm-lhs-parsed__nbe-0p05__nbmin-0p1__lex-from-prev__ls-0p0__05_BGMTG5
,BGMTG,5,0.1,0.001,0.05,0.622599,0.245516,-7.607614,stages_bg_stages_morphtok_min5_BGMTG1_BGMTG2_BGMTG3_BGMTG4_BGMTG5__ps-0p1__bias-0p1__cb-0p1__nbm-lhs-parsed__nbe-0p05__nbmin-0p1__lex-from-prev__ls-0p001,stages_bg_stages_morphtok_min5_BGMTG1_BGMTG2_BGMTG3_BGMTG4_BGMTG5__ps-0p1__bias-0p1__cb-0p1__nbm-lhs-parsed__nbe-0p05__nbmin-0p1__lex-from-prev__ls-0p001__05_BGMTG5
,BGMTG,5,0.1,0.01,0.05,0.631240,0.244955,-7.608113,stages_bg_stages_morphtok_min5_BGMTG1_BGMTG2_BGMTG3_BGMTG4_BGMTG5__ps-0p1__bias-0p1__cb-0p1__nbm-lhs-parsed__nbe-0p05__nbmin-0p1__lex-from-prev__ls-0p01,stages_bg_stages_morphtok_min5_BGMTG1_BGMTG2_BGMTG3_BGMTG4_BGMTG5__ps-0p1__bias-0p1__cb-0p1__nbm-lhs-parsed__nbe-0p05__nbmin-0p1__lex-from-prev__ls-0p01__05_BGMTG5
,BGMTG,5,0.1,0.1,0.05,0.635920,0.243856,-7.603653,stages_bg_stages_morphtok_min5_BGMTG1_BGMTG2_BGMTG3_BGMTG4_BGMTG5__ps-0p1__bias-0p1__cb-0p1__nbm-lhs-parsed__nbe-0p05__nbmin-0p1__lex-from-prev__ls-0p1,stages_bg_stages_morphtok_min5_BGMTG1_BGMTG2_BGMTG3_BGMTG4_BGMTG5__ps-0p1__bias-0p1__cb-0p1__nbm-lhs-parsed__nbe-0p05__nbmin-0p1__lex-from-prev__ls-0p1__05_BGMTG5
,BGMTG,5,0.2,0.0,0.001,0.619980,0.260314,-7.639410,stages_bg_stages_morphtok_min5_BGMTG1_BGMTG2_BGMTG3_BGMTG4_BGMTG5__ps-0p2__bias-0p1__cb-0p1__nbm-lhs-parsed__nbe-0p001__nbmin-0p1__lex-from-prev__ls-0p0,stages_bg_stages_morphtok_min5_BGMTG1_BGMTG2_BGMTG3_BGMTG4_BGMTG5__ps-0p2__bias-0p1__cb-0p1__nbm-lhs-parsed__nbe-0p001__nbmin-0p1__lex-from-prev__ls-0p0__05_BGMTG5
,BGMTG,5,0.2,0.001,0.001,0.617226,0.260377,-7.633738,stages_bg_stages_morphtok_min5_BGMTG1_BGMTG2_BGMTG3_BGMTG4_BGMTG5__ps-0p2__bias-0p1__cb-0p1__nbm-lhs-parsed__nbe-0p001__nbmin-0p1__lex-from-prev__ls-0p001,stages_bg_stages_morphtok_min5_BGMTG1_BGMTG2_BGMTG3_BGMTG4_BGMTG5__ps-0p2__bias-0p1__cb-0p1__nbm-lhs-parsed__nbe-0p001__nbmin-0p1__lex-from-prev__ls-0p001__05_BGMTG5
,BGMTG,5,0.2,0.01,0.001,0.620836,0.259896,-7.633270,stages_bg_stages_morphtok_min5_BGMTG1_BGMTG2_BGMTG3_BGMTG4_BGMTG5__ps-0p2__bias-0p1__cb-0p1__nbm-lhs-parsed__nbe-0p001__nbmin-0p1__lex-from-prev__ls-0p01,stages_bg_stages_morphtok_min5_BGMTG1_BGMTG2_BGMTG3_BGMTG4_BGMTG5__ps-0p2__bias-0p1__cb-0p1__nbm-lhs-parsed__nbe-0p001__nbmin-0p1__lex-from-prev__ls-0p01__05_BGMTG5
,BGMTG,5,0.2,0.1,0.001,0.619314,0.260897,-7.621775,stages_bg_stages_morphtok_min5_BGMTG1_BGMTG2_BGMTG3_BGMTG4_BGMTG5__ps-0p2__bias-0p1__cb-0p1__nbm-lhs-parsed__nbe-0p001__nbmin-0p1__lex-from-prev__ls-0p1,stages_bg_stages_morphtok_min5_BGMTG1_BGMTG2_BGMTG3_BGMTG4_BGMTG5__ps-0p2__bias-0p1__cb-0p1__nbm-lhs-parsed__nbe-0p001__nbmin-0p1__lex-from-prev__ls-0p1__05_BGMTG5
,BGMTG,5,0.2,0.0,0.005,0.620150,0.257690,-7.632045,stages_bg_stages_morphtok_min5_BGMTG1_BGMTG2_BGMTG3_BGMTG4_BGMTG5__ps-0p2__bias-0p1__cb-0p1__nbm-lhs-parsed__nbe-0p005__nbmin-0p1__lex-from-prev__ls-0p0,stages_bg_stages_morphtok_min5_BGMTG1_BGMTG2_BGMTG3_BGMTG4_BGMTG5__ps-0p2__bias-0p1__cb-0p1__nbm-lhs-parsed__nbe-0p005__nbmin-0p1__lex-from-prev__ls-0p0__05_BGMTG5
,BGMTG,5,0.2,0.001,0.005,0.616917,0.257768,-7.626346,stages_bg_stages_morphtok_min5_BGMTG1_BGMTG2_BGMTG3_BGMTG4_BGMTG5__ps-0p2__bias-0p1__cb-0p1__nbm-lhs-parsed__nbe-0p005__nbmin-0p1__lex-from-prev__ls-0p001,stages_bg_stages_morphtok_min5_BGMTG1_BGMTG2_BGMTG3_BGMTG4_BGMTG5__ps-0p2__bias-0p1__cb-0p1__nbm-lhs-parsed__nbe-0p005__nbmin-0p1__lex-from-prev__ls-0p001__05_BGMTG5
,BGMTG,5,0.2,0.01,0.005,0.616988,0.257243,-7.626337,stages_bg_stages_morphtok_min5_BGMTG1_BGMTG2_BGMTG3_BGMTG4_BGMTG5__ps-0p2__bias-0p1__cb-0p1__nbm-lhs-parsed__nbe-0p005__nbmin-0p1__lex-from-prev__ls-0p01,stages_bg_stages_morphtok_min5_BGMTG1_BGMTG2_BGMTG3_BGMTG4_BGMTG5__ps-0p2__bias-0p1__cb-0p1__nbm-lhs-parsed__nbe-0p005__nbmin-0p1__lex-from-prev__ls-0p01__05_BGMTG5
,BGMTG,5,0.2,0.1,0.005,0.616816,0.257261,-7.618892,stages_bg_stages_morphtok_min5_BGMTG1_BGMTG2_BGMTG3_BGMTG4_BGMTG5__ps-0p2__bias-0p1__cb-0p1__nbm-lhs-parsed__nbe-0p005__nbmin-0p1__lex-from-prev__ls-0p1,stages_bg_stages_morphtok_min5_BGMTG1_BGMTG2_BGMTG3_BGMTG4_BGMTG5__ps-0p2__bias-0p1__cb-0p1__nbm-lhs-parsed__nbe-0p005__nbmin-0p1__lex-from-prev__ls-0p1__05_BGMTG5
,BGMTG,5,0.2,0.0,0.01,0.613761,0.254700,-7.627546,stages_bg_stages_morphtok_min5_BGMTG1_BGMTG2_BGMTG3_BGMTG4_BGMTG5__ps-0p2__bias-0p1__cb-0p1__nbm-lhs-parsed__nbe-0p01__nbmin-0p1__lex-from-prev__ls-0p0,stages_bg_stages_morphtok_min5_BGMTG1_BGMTG2_BGMTG3_BGMTG4_BGMTG5__ps-0p2__bias-0p1__cb-0p1__nbm-lhs-parsed__nbe-0p01__nbmin-0p1__lex-from-prev__ls-0p0__05_BGMTG5
,BGMTG,5,0.2,0.001,0.01,0.613294,0.254799,-7.621123,stages_bg_stages_morphtok_min5_BGMTG1_BGMTG2_BGMTG3_BGMTG4_BGMTG5__ps-0p2__bias-0p1__cb-0p1__nbm-lhs-parsed__nbe-0p01__nbmin-0p1__lex-from-prev__ls-0p001,stages_bg_stages_morphtok_min5_BGMTG1_BGMTG2_BGMTG3_BGMTG4_BGMTG5__ps-0p2__bias-0p1__cb-0p1__nbm-lhs-parsed__nbe-0p01__nbmin-0p1__lex-from-prev__ls-0p001__05_BGMTG5
,BGMTG,5,0.2,0.01,0.01,0.618732,0.254206,-7.621383,stages_bg_stages_morphtok_min5_BGMTG1_BGMTG2_BGMTG3_BGMTG4_BGMTG5__ps-0p2__bias-0p1__cb-0p1__nbm-lhs-parsed__nbe-0p01__nbmin-0p1__lex-from-prev__ls-0p01,stages_bg_stages_morphtok_min5_BGMTG1_BGMTG2_BGMTG3_BGMTG4_BGMTG5__ps-0p2__bias-0p1__cb-0p1__nbm-lhs-parsed__nbe-0p01__nbmin-0p1__lex-from-prev__ls-0p01__05_BGMTG5
,BGMTG,5,0.2,0.1,0.01,0.616938,0.253574,-7.616916,stages_bg_stages_morphtok_min5_BGMTG1_BGMTG2_BGMTG3_BGMTG4_BGMTG5__ps-0p2__bias-0p1__cb-0p1__nbm-lhs-parsed__nbe-0p01__nbmin-0p1__lex-from-prev__ls-0p1,stages_bg_stages_morphtok_min5_BGMTG1_BGMTG2_BGMTG3_BGMTG4_BGMTG5__ps-0p2__bias-0p1__cb-0p1__nbm-lhs-parsed__nbe-0p01__nbmin-0p1__lex-from-prev__ls-0p1__05_BGMTG5
,BGMTG,5,0.2,0.0,0.05,0.610434,0.242486,-7.620329,stages_bg_stages_morphtok_min5_BGMTG1_BGMTG2_BGMTG3_BGMTG4_BGMTG5__ps-0p2__bias-0p1__cb-0p1__nbm-lhs-parsed__nbe-0p05__nbmin-0p1__lex-from-prev__ls-0p0,stages_bg_stages_morphtok_min5_BGMTG1_BGMTG2_BGMTG3_BGMTG4_BGMTG5__ps-0p2__bias-0p1__cb-0p1__nbm-lhs-parsed__nbe-0p05__nbmin-0p1__lex-from-prev__ls-0p0__05_BGMTG5
,BGMTG,5,0.2,0.001,0.05,0.611512,0.242328,-7.613554,stages_bg_stages_morphtok_min5_BGMTG1_BGMTG2_BGMTG3_BGMTG4_BGMTG5__ps-0p2__bias-0p1__cb-0p1__nbm-lhs-parsed__nbe-0p05__nbmin-0p1__lex-from-prev__ls-0p001,stages_bg_stages_morphtok_min5_BGMTG1_BGMTG2_BGMTG3_BGMTG4_BGMTG5__ps-0p2__bias-0p1__cb-0p1__nbm-lhs-parsed__nbe-0p05__nbmin-0p1__lex-from-prev__ls-0p001__05_BGMTG5
,BGMTG,5,0.2,0.01,0.05,0.611587,0.241568,-7.614743,stages_bg_stages_morphtok_min5_BGMTG1_BGMTG2_BGMTG3_BGMTG4_BGMTG5__ps-0p2__bias-0p1__cb-0p1__nbm-lhs-parsed__nbe-0p05__nbmin-0p1__lex-from-prev__ls-0p01,stages_bg_stages_morphtok_min5_BGMTG1_BGMTG2_BGMTG3_BGMTG4_BGMTG5__ps-0p2__bias-0p1__cb-0p1__nbm-lhs-parsed__nbe-0p05__nbmin-0p1__lex-from-prev__ls-0p01__05_BGMTG5
,BGMTG,5,0.2,0.1,0.05,0.625899,0.240667,-7.615188,stages_bg_stages_morphtok_min5_BGMTG1_BGMTG2_BGMTG3_BGMTG4_BGMTG5__ps-0p2__bias-0p1__cb-0p1__nbm-lhs-parsed__nbe-0p05__nbmin-0p1__lex-from-prev__ls-0p1,stages_bg_stages_morphtok_min5_BGMTG1_BGMTG2_BGMTG3_BGMTG4_BGMTG5__ps-0p2__bias-0p1__cb-0p1__nbm-lhs-parsed__nbe-0p05__nbmin-0p1__lex-from-prev__ls-0p1__05_BGMTG5
,BGMTI,5,0.001,0.0,0.001,0.629749,0.257512,-7.640116,stages_bg_stages_morphtok_min5_BGMTI1_BGMTI2_BGMTI3_BGMTI4_BGMTI5__ps-0p001__bias-0p1__cb-0p1__nbm-lhs-parsed__nbe-0p001__nbmin-0p1__lex-from-prev__ls-0p0,stages_bg_stages_morphtok_min5_BGMTI1_BGMTI2_BGMTI3_BGMTI4_BGMTI5__ps-0p001__bias-0p1__cb-0p1__nbm-lhs-parsed__nbe-0p001__nbmin-0p1__lex-from-prev__ls-0p0__05_BGMTI5
,BGMTI,5,0.001,0.001,0.001,0.630183,0.257368,-7.639232,stages_bg_stages_morphtok_min5_BGMTI1_BGMTI2_BGMTI3_BGMTI4_BGMTI5__ps-0p001__bias-0p1__cb-0p1__nbm-lhs-parsed__nbe-0p001__nbmin-0p1__lex-from-prev__ls-0p001,stages_bg_stages_morphtok_min5_BGMTI1_BGMTI2_BGMTI3_BGMTI4_BGMTI5__ps-0p001__bias-0p1__cb-0p1__nbm-lhs-parsed__nbe-0p001__nbmin-0p1__lex-from-prev__ls-0p001__05_BGMTI5
,BGMTI,5,0.001,0.01,0.001,0.626979,0.256407,-7.634852,stages_bg_stages_morphtok_min5_BGMTI1_BGMTI2_BGMTI3_BGMTI4_BGMTI5__ps-0p001__bias-0p1__cb-0p1__nbm-lhs-parsed__nbe-0p001__nbmin-0p1__lex-from-prev__ls-0p01,stages_bg_stages_morphtok_min5_BGMTI1_BGMTI2_BGMTI3_BGMTI4_BGMTI5__ps-0p001__bias-0p1__cb-0p1__nbm-lhs-parsed__nbe-0p001__nbmin-0p1__lex-from-prev__ls-0p01__05_BGMTI5
,BGMTI,5,0.001,0.1,0.001,0.632469,0.255688,-7.674004,stages_bg_stages_morphtok_min5_BGMTI1_BGMTI2_BGMTI3_BGMTI4_BGMTI5__ps-0p001__bias-0p1__cb-0p1__nbm-lhs-parsed__nbe-0p001__nbmin-0p1__lex-from-prev__ls-0p1,stages_bg_stages_morphtok_min5_BGMTI1_BGMTI2_BGMTI3_BGMTI4_BGMTI5__ps-0p001__bias-0p1__cb-0p1__nbm-lhs-parsed__nbe-0p001__nbmin-0p1__lex-from-prev__ls-0p1__05_BGMTI5
,BGMTI,5,0.001,0.0,0.005,0.629526,0.257509,-7.640117,stages_bg_stages_morphtok_min5_BGMTI1_BGMTI2_BGMTI3_BGMTI4_BGMTI5__ps-0p001__bias-0p1__cb-0p1__nbm-lhs-parsed__nbe-0p005__nbmin-0p1__lex-from-prev__ls-0p0,stages_bg_stages_morphtok_min5_BGMTI1_BGMTI2_BGMTI3_BGMTI4_BGMTI5__ps-0p001__bias-0p1__cb-0p1__nbm-lhs-parsed__nbe-0p005__nbmin-0p1__lex-from-prev__ls-0p0__05_BGMTI5
,BGMTI,5,0.001,0.001,0.005,0.630406,0.257365,-7.639232,stages_bg_stages_morphtok_min5_BGMTI1_BGMTI2_BGMTI3_BGMTI4_BGMTI5__ps-0p001__bias-0p1__cb-0p1__nbm-lhs-parsed__nbe-0p005__nbmin-0p1__lex-from-prev__ls-0p001,stages_bg_stages_morphtok_min5_BGMTI1_BGMTI2_BGMTI3_BGMTI4_BGMTI5__ps-0p001__bias-0p1__cb-0p1__nbm-lhs-parsed__nbe-0p005__nbmin-0p1__lex-from-prev__ls-0p001__05_BGMTI5
,BGMTI,5,0.001,0.01,0.005,0.626756,0.256404,-7.634852,stages_bg_stages_morphtok_min5_BGMTI1_BGMTI2_BGMTI3_BGMTI4_BGMTI5__ps-0p001__bias-0p1__cb-0p1__nbm-lhs-parsed__nbe-0p005__nbmin-0p1__lex-from-prev__ls-0p01,stages_bg_stages_morphtok_min5_BGMTI1_BGMTI2_BGMTI3_BGMTI4_BGMTI5__ps-0p001__bias-0p1__cb-0p1__nbm-lhs-parsed__nbe-0p005__nbmin-0p1__lex-from-prev__ls-0p01__05_BGMTI5
,BGMTI,5,0.001,0.1,0.005,0.633359,0.255686,-7.674004,stages_bg_stages_morphtok_min5_BGMTI1_BGMTI2_BGMTI3_BGMTI4_BGMTI5__ps-0p001__bias-0p1__cb-0p1__nbm-lhs-parsed__nbe-0p005__nbmin-0p1__lex-from-prev__ls-0p1,stages_bg_stages_morphtok_min5_BGMTI1_BGMTI2_BGMTI3_BGMTI4_BGMTI5__ps-0p001__bias-0p1__cb-0p1__nbm-lhs-parsed__nbe-0p005__nbmin-0p1__lex-from-prev__ls-0p1__05_BGMTI5
,BGMTI,5,0.001,0.0,0.01,0.629749,0.257282,-7.640117,stages_bg_stages_morphtok_min5_BGMTI1_BGMTI2_BGMTI3_BGMTI4_BGMTI5__ps-0p001__bias-0p1__cb-0p1__nbm-lhs-parsed__nbe-0p01__nbmin-0p1__lex-from-prev__ls-0p0,stages_bg_stages_morphtok_min5_BGMTI1_BGMTI2_BGMTI3_BGMTI4_BGMTI5__ps-0p001__bias-0p1__cb-0p1__nbm-lhs-parsed__nbe-0p01__nbmin-0p1__lex-from-prev__ls-0p0__05_BGMTI5
,BGMTI,5,0.001,0.001,0.01,0.630406,0.257137,-7.639233,stages_bg_stages_morphtok_min5_BGMTI1_BGMTI2_BGMTI3_BGMTI4_BGMTI5__ps-0p001__bias-0p1__cb-0p1__nbm-lhs-parsed__nbe-0p01__nbmin-0p1__lex-from-prev__ls-0p001,stages_bg_stages_morphtok_min5_BGMTI1_BGMTI2_BGMTI3_BGMTI4_BGMTI5__ps-0p001__bias-0p1__cb-0p1__nbm-lhs-parsed__nbe-0p01__nbmin-0p1__lex-from-prev__ls-0p001__05_BGMTI5
,BGMTI,5,0.001,0.01,0.01,0.626756,0.256182,-7.634852,stages_bg_stages_morphtok_min5_BGMTI1_BGMTI2_BGMTI3_BGMTI4_BGMTI5__ps-0p001__bias-0p1__cb-0p1__nbm-lhs-parsed__nbe-0p01__nbmin-0p1__lex-from-prev__ls-0p01,stages_bg_stages_morphtok_min5_BGMTI1_BGMTI2_BGMTI3_BGMTI4_BGMTI5__ps-0p001__bias-0p1__cb-0p1__nbm-lhs-parsed__nbe-0p01__nbmin-0p1__lex-from-prev__ls-0p01__05_BGMTI5
,BGMTI,5,0.001,0.1,0.01,0.633359,0.255536,-7.674005,stages_bg_stages_morphtok_min5_BGMTI1_BGMTI2_BGMTI3_BGMTI4_BGMTI5__ps-0p001__bias-0p1__cb-0p1__nbm-lhs-parsed__nbe-0p01__nbmin-0p1__lex-from-prev__ls-0p1,stages_bg_stages_morphtok_min5_BGMTI1_BGMTI2_BGMTI3_BGMTI4_BGMTI5__ps-0p001__bias-0p1__cb-0p1__nbm-lhs-parsed__nbe-0p01__nbmin-0p1__lex-from-prev__ls-0p1__05_BGMTI5
,BGMTI,5,0.001,0.0,0.05,0.629749,0.254419,-7.640122,stages_bg_stages_morphtok_min5_BGMTI1_BGMTI2_BGMTI3_BGMTI4_BGMTI5__ps-0p001__bias-0p1__cb-0p1__nbm-lhs-parsed__nbe-0p05__nbmin-0p1__lex-from-prev__ls-0p0,stages_bg_stages_morphtok_min5_BGMTI1_BGMTI2_BGMTI3_BGMTI4_BGMTI5__ps-0p001__bias-0p1__cb-0p1__nbm-lhs-parsed__nbe-0p05__nbmin-0p1__lex-from-prev__ls-0p0__05_BGMTI5
,BGMTI,5,0.001,0.001,0.05,0.630183,0.254256,-7.639238,stages_bg_stages_morphtok_min5_BGMTI1_BGMTI2_BGMTI3_BGMTI4_BGMTI5__ps-0p001__bias-0p1__cb-0p1__nbm-lhs-parsed__nbe-0p05__nbmin-0p1__lex-from-prev__ls-0p001,stages_bg_stages_morphtok_min5_BGMTI1_BGMTI2_BGMTI3_BGMTI4_BGMTI5__ps-0p001__bias-0p1__cb-0p1__nbm-lhs-parsed__nbe-0p05__nbmin-0p1__lex-from-prev__ls-0p001__05_BGMTI5
,BGMTI,5,0.001,0.01,0.05,0.626756,0.253352,-7.634856,stages_bg_stages_morphtok_min5_BGMTI1_BGMTI2_BGMTI3_BGMTI4_BGMTI5__ps-0p001__bias-0p1__cb-0p1__nbm-lhs-parsed__nbe-0p05__nbmin-0p1__lex-from-prev__ls-0p01,stages_bg_stages_morphtok_min5_BGMTI1_BGMTI2_BGMTI3_BGMTI4_BGMTI5__ps-0p001__bias-0p1__cb-0p1__nbm-lhs-parsed__nbe-0p05__nbmin-0p1__lex-from-prev__ls-0p01__05_BGMTI5
,BGMTI,5,0.001,0.1,0.05,0.632692,0.253323,-7.674007,stages_bg_stages_morphtok_min5_BGMTI1_BGMTI2_BGMTI3_BGMTI4_BGMTI5__ps-0p001__bias-0p1__cb-0p1__nbm-lhs-parsed__nbe-0p05__nbmin-0p1__lex-from-prev__ls-0p1,stages_bg_stages_morphtok_min5_BGMTI1_BGMTI2_BGMTI3_BGMTI4_BGMTI5__ps-0p001__bias-0p1__cb-0p1__nbm-lhs-parsed__nbe-0p05__nbmin-0p1__lex-from-prev__ls-0p1__05_BGMTI5
,BGMTI,5,0.005,0.0,0.001,0.629176,0.255058,-7.637252,stages_bg_stages_morphtok_min5_BGMTI1_BGMTI2_BGMTI3_BGMTI4_BGMTI5__ps-0p005__bias-0p1__cb-0p1__nbm-lhs-parsed__nbe-0p001__nbmin-0p1__lex-from-prev__ls-0p0,stages_bg_stages_morphtok_min5_BGMTI1_BGMTI2_BGMTI3_BGMTI4_BGMTI5__ps-0p005__bias-0p1__cb-0p1__nbm-lhs-parsed__nbe-0p001__nbmin-0p1__lex-from-prev__ls-0p0__05_BGMTI5
,BGMTI,5,0.005,0.001,0.001,0.629361,0.254914,-7.636289,stages_bg_stages_morphtok_min5_BGMTI1_BGMTI2_BGMTI3_BGMTI4_BGMTI5__ps-0p005__bias-0p1__cb-0p1__nbm-lhs-parsed__nbe-0p001__nbmin-0p1__lex-from-prev__ls-0p001,stages_bg_stages_morphtok_min5_BGMTI1_BGMTI2_BGMTI3_BGMTI4_BGMTI5__ps-0p005__bias-0p1__cb-0p1__nbm-lhs-parsed__nbe-0p001__nbmin-0p1__lex-from-prev__ls-0p001__05_BGMTI5
,BGMTI,5,0.005,0.01,0.001,0.625878,0.253943,-7.631765,stages_bg_stages_morphtok_min5_BGMTI1_BGMTI2_BGMTI3_BGMTI4_BGMTI5__ps-0p005__bias-0p1__cb-0p1__nbm-lhs-parsed__nbe-0p001__nbmin-0p1__lex-from-prev__ls-0p01,stages_bg_stages_morphtok_min5_BGMTI1_BGMTI2_BGMTI3_BGMTI4_BGMTI5__ps-0p005__bias-0p1__cb-0p1__nbm-lhs-parsed__nbe-0p001__nbmin-0p1__lex-from-prev__ls-0p01__05_BGMTI5
,BGMTI,5,0.005,0.1,0.001,0.637485,0.252218,-7.672843,stages_bg_stages_morphtok_min5_BGMTI1_BGMTI2_BGMTI3_BGMTI4_BGMTI5__ps-0p005__bias-0p1__cb-0p1__nbm-lhs-parsed__nbe-0p001__nbmin-0p1__lex-from-prev__ls-0p1,stages_bg_stages_morphtok_min5_BGMTI1_BGMTI2_BGMTI3_BGMTI4_BGMTI5__ps-0p005__bias-0p1__cb-0p1__nbm-lhs-parsed__nbe-0p001__nbmin-0p1__lex-from-prev__ls-0p1__05_BGMTI5
,BGMTI,5,0.005,0.0,0.005,0.629399,0.254104,-7.637256,stages_bg_stages_morphtok_min5_BGMTI1_BGMTI2_BGMTI3_BGMTI4_BGMTI5__ps-0p005__bias-0p1__cb-0p1__nbm-lhs-parsed__nbe-0p005__nbmin-0p1__lex-from-prev__ls-0p0,stages_bg_stages_morphtok_min5_BGMTI1_BGMTI2_BGMTI3_BGMTI4_BGMTI5__ps-0p005__bias-0p1__cb-0p1__nbm-lhs-parsed__nbe-0p005__nbmin-0p1__lex-from-prev__ls-0p0__05_BGMTI5
,BGMTI,5,0.005,0.001,0.005,0.629361,0.253949,-7.636293,stages_bg_stages_morphtok_min5_BGMTI1_BGMTI2_BGMTI3_BGMTI4_BGMTI5__ps-0p005__bias-0p1__cb-0p1__nbm-lhs-parsed__nbe-0p005__nbmin-0p1__lex-from-prev__ls-0p001,stages_bg_stages_morphtok_min5_BGMTI1_BGMTI2_BGMTI3_BGMTI4_BGMTI5__ps-0p005__bias-0p1__cb-0p1__nbm-lhs-parsed__nbe-0p005__nbmin-0p1__lex-from-prev__ls-0p001__05_BGMTI5
,BGMTI,5,0.005,0.01,0.005,0.626101,0.253005,-7.631768,stages_bg_stages_morphtok_min5_BGMTI1_BGMTI2_BGMTI3_BGMTI4_BGMTI5__ps-0p005__bias-0p1__cb-0p1__nbm-lhs-parsed__nbe-0p005__nbmin-0p1__lex-from-prev__ls-0p01,stages_bg_stages_morphtok_min5_BGMTI1_BGMTI2_BGMTI3_BGMTI4_BGMTI5__ps-0p005__bias-0p1__cb-0p1__nbm-lhs-parsed__nbe-0p005__nbmin-0p1__lex-from-prev__ls-0p01__05_BGMTI5
,BGMTI,5,0.005,0.1,0.005,0.637929,0.251648,-7.672847,stages_bg_stages_morphtok_min5_BGMTI1_BGMTI2_BGMTI3_BGMTI4_BGMTI5__ps-0p005__bias-0p1__cb-0p1__nbm-lhs-parsed__nbe-0p005__nbmin-0p1__lex-from-prev__ls-0p1,stages_bg_stages_morphtok_min5_BGMTI1_BGMTI2_BGMTI3_BGMTI4_BGMTI5__ps-0p005__bias-0p1__cb-0p1__nbm-lhs-parsed__nbe-0p005__nbmin-0p1__lex-from-prev__ls-0p1__05_BGMTI5
,BGMTI,5,0.005,0.0,0.01,0.629176,0.253010,-7.637262,stages_bg_stages_morphtok_min5_BGMTI1_BGMTI2_BGMTI3_BGMTI4_BGMTI5__ps-0p005__bias-0p1__cb-0p1__nbm-lhs-parsed__nbe-0p01__nbmin-0p1__lex-from-prev__ls-0p0,stages_bg_stages_morphtok_min5_BGMTI1_BGMTI2_BGMTI3_BGMTI4_BGMTI5__ps-0p005__bias-0p1__cb-0p1__nbm-lhs-parsed__nbe-0p01__nbmin-0p1__lex-from-prev__ls-0p0__05_BGMTI5
,BGMTI,5,0.005,0.001,0.01,0.629138,0.252846,-7.636299,stages_bg_stages_morphtok_min5_BGMTI1_BGMTI2_BGMTI3_BGMTI4_BGMTI5__ps-0p005__bias-0p1__cb-0p1__nbm-lhs-parsed__nbe-0p01__nbmin-0p1__lex-from-prev__ls-0p001,stages_bg_stages_morphtok_min5_BGMTI1_BGMTI2_BGMTI3_BGMTI4_BGMTI5__ps-0p005__bias-0p1__cb-0p1__nbm-lhs-parsed__nbe-0p01__nbmin-0p1__lex-from-prev__ls-0p001__05_BGMTI5
,BGMTI,5,0.005,0.01,0.01,0.626184,0.251924,-7.631773,stages_bg_stages_morphtok_min5_BGMTI1_BGMTI2_BGMTI3_BGMTI4_BGMTI5__ps-0p005__bias-0p1__cb-0p1__nbm-lhs-parsed__nbe-0p01__nbmin-0p1__lex-from-prev__ls-0p01,stages_bg_stages_morphtok_min5_BGMTI1_BGMTI2_BGMTI3_BGMTI4_BGMTI5__ps-0p005__bias-0p1__cb-0p1__nbm-lhs-parsed__nbe-0p01__nbmin-0p1__lex-from-prev__ls-0p01__05_BGMTI5
,BGMTI,5,0.005,0.1,0.01,0.636596,0.250901,-7.672850,stages_bg_stages_morphtok_min5_BGMTI1_BGMTI2_BGMTI3_BGMTI4_BGMTI5__ps-0p005__bias-0p1__cb-0p1__nbm-lhs-parsed__nbe-0p01__nbmin-0p1__lex-from-prev__ls-0p1,stages_bg_stages_morphtok_min5_BGMTI1_BGMTI2_BGMTI3_BGMTI4_BGMTI5__ps-0p005__bias-0p1__cb-0p1__nbm-lhs-parsed__nbe-0p01__nbmin-0p1__lex-from-prev__ls-0p1__05_BGMTI5
,BGMTI,5,0.005,0.0,0.05,0.628801,0.249277,-7.637139,stages_bg_stages_morphtok_min5_BGMTI1_BGMTI2_BGMTI3_BGMTI4_BGMTI5__ps-0p005__bias-0p1__cb-0p1__nbm-lhs-parsed__nbe-0p05__nbmin-0p1__lex-from-prev__ls-0p0,stages_bg_stages_morphtok_min5_BGMTI1_BGMTI2_BGMTI3_BGMTI4_BGMTI5__ps-0p005__bias-0p1__cb-0p1__nbm-lhs-parsed__nbe-0p05__nbmin-0p1__lex-from-prev__ls-0p0__05_BGMTI5
,BGMTI,5,0.005,0.001,0.05,0.629584,0.249112,-7.636179,stages_bg_stages_morphtok_min5_BGMTI1_BGMTI2_BGMTI3_BGMTI4_BGMTI5__ps-0p005__bias-0p1__cb-0p1__nbm-lhs-parsed__nbe-0p05__nbmin-0p1__lex-from-prev__ls-0p001,stages_bg_stages_morphtok_min5_BGMTI1_BGMTI2_BGMTI3_BGMTI4_BGMTI5__ps-0p005__bias-0p1__cb-0p1__nbm-lhs-parsed__nbe-0p05__nbmin-0p1__lex-from-prev__ls-0p001__05_BGMTI5
,BGMTI,5,0.005,0.01,0.05,0.625808,0.248196,-7.631631,stages_bg_stages_morphtok_min5_BGMTI1_BGMTI2_BGMTI3_BGMTI4_BGMTI5__ps-0p005__bias-0p1__cb-0p1__nbm-lhs-parsed__nbe-0p05__nbmin-0p1__lex-from-prev__ls-0p01,stages_bg_stages_morphtok_min5_BGMTI1_BGMTI2_BGMTI3_BGMTI4_BGMTI5__ps-0p005__bias-0p1__cb-0p1__nbm-lhs-parsed__nbe-0p05__nbmin-0p1__lex-from-prev__ls-0p01__05_BGMTI5
,BGMTI,5,0.005,0.1,0.05,0.637040,0.247577,-7.672649,stages_bg_stages_morphtok_min5_BGMTI1_BGMTI2_BGMTI3_BGMTI4_BGMTI5__ps-0p005__bias-0p1__cb-0p1__nbm-lhs-parsed__nbe-0p05__nbmin-0p1__lex-from-prev__ls-0p1,stages_bg_stages_morphtok_min5_BGMTI1_BGMTI2_BGMTI3_BGMTI4_BGMTI5__ps-0p005__bias-0p1__cb-0p1__nbm-lhs-parsed__nbe-0p05__nbmin-0p1__lex-from-prev__ls-0p1__05_BGMTI5
,BGMTI,5,0.01,0.0,0.001,0.623745,0.254732,-7.633404,stages_bg_stages_morphtok_min5_BGMTI1_BGMTI2_BGMTI3_BGMTI4_BGMTI5__ps-0p01__bias-0p1__cb-0p1__nbm-lhs-parsed__nbe-0p001__nbmin-0p1__lex-from-prev__ls-0p0,stages_bg_stages_morphtok_min5_BGMTI1_BGMTI2_BGMTI3_BGMTI4_BGMTI5__ps-0p01__bias-0p1__cb-0p1__nbm-lhs-parsed__nbe-0p001__nbmin-0p1__lex-from-prev__ls-0p0__05_BGMTI5
,BGMTI,5,0.01,0.001,0.001,0.624205,0.254547,-7.632498,stages_bg_stages_morphtok_min5_BGMTI1_BGMTI2_BGMTI3_BGMTI4_BGMTI5__ps-0p01__bias-0p1__cb-0p1__nbm-lhs-parsed__nbe-0p001__nbmin-0p1__lex-from-prev__ls-0p001,stages_bg_stages_morphtok_min5_BGMTI1_BGMTI2_BGMTI3_BGMTI4_BGMTI5__ps-0p01__bias-0p1__cb-0p1__nbm-lhs-parsed__nbe-0p001__nbmin-0p1__lex-from-prev__ls-0p001__05_BGMTI5
,BGMTI,5,0.01,0.01,0.001,0.621751,0.253417,-7.628132,stages_bg_stages_morphtok_min5_BGMTI1_BGMTI2_BGMTI3_BGMTI4_BGMTI5__ps-0p01__bias-0p1__cb-0p1__nbm-lhs-parsed__nbe-0p001__nbmin-0p1__lex-from-prev__ls-0p01,stages_bg_stages_morphtok_min5_BGMTI1_BGMTI2_BGMTI3_BGMTI4_BGMTI5__ps-0p01__bias-0p1__cb-0p1__nbm-lhs-parsed__nbe-0p001__nbmin-0p1__lex-from-prev__ls-0p01__05_BGMTI5
,BGMTI,5,0.01,0.1,0.001,0.638605,0.250056,-7.671467,stages_bg_stages_morphtok_min5_BGMTI1_BGMTI2_BGMTI3_BGMTI4_BGMTI5__ps-0p01__bias-0p1__cb-0p1__nbm-lhs-parsed__nbe-0p001__nbmin-0p1__lex-from-prev__ls-0p1,stages_bg_stages_morphtok_min5_BGMTI1_BGMTI2_BGMTI3_BGMTI4_BGMTI5__ps-0p01__bias-0p1__cb-0p1__nbm-lhs-parsed__nbe-0p001__nbmin-0p1__lex-from-prev__ls-0p1__05_BGMTI5
,BGMTI,5,0.01,0.0,0.005,0.623522,0.253078,-7.633417,stages_bg_stages_morphtok_min5_BGMTI1_BGMTI2_BGMTI3_BGMTI4_BGMTI5__ps-0p01__bias-0p1__cb-0p1__nbm-lhs-parsed__nbe-0p005__nbmin-0p1__lex-from-prev__ls-0p0,stages_bg_stages_morphtok_min5_BGMTI1_BGMTI2_BGMTI3_BGMTI4_BGMTI5__ps-0p01__bias-0p1__cb-0p1__nbm-lhs-parsed__nbe-0p005__nbmin-0p1__lex-from-prev__ls-0p0__05_BGMTI5
,BGMTI,5,0.01,0.001,0.005,0.624428,0.252874,-7.632512,stages_bg_stages_morphtok_min5_BGMTI1_BGMTI2_BGMTI3_BGMTI4_BGMTI5__ps-0p01__bias-0p1__cb-0p1__nbm-lhs-parsed__nbe-0p005__nbmin-0p1__lex-from-prev__ls-0p001,stages_bg_stages_morphtok_min5_BGMTI1_BGMTI2_BGMTI3_BGMTI4_BGMTI5__ps-0p01__bias-0p1__cb-0p1__nbm-lhs-parsed__nbe-0p005__nbmin-0p1__lex-from-prev__ls-0p001__05_BGMTI5
,BGMTI,5,0.01,0.01,0.005,0.621751,0.251785,-7.628144,stages_bg_stages_morphtok_min5_BGMTI1_BGMTI2_BGMTI3_BGMTI4_BGMTI5__ps-0p01__bias-0p1__cb-0p1__nbm-lhs-parsed__nbe-0p005__nbmin-0p1__lex-from-prev__ls-0p01,stages_bg_stages_morphtok_min5_BGMTI1_BGMTI2_BGMTI3_BGMTI4_BGMTI5__ps-0p01__bias-0p1__cb-0p1__nbm-lhs-parsed__nbe-0p005__nbmin-0p1__lex-from-prev__ls-0p01__05_BGMTI5
,BGMTI,5,0.01,0.1,0.005,0.638605,0.249026,-7.671477,stages_bg_stages_morphtok_min5_BGMTI1_BGMTI2_BGMTI3_BGMTI4_BGMTI5__ps-0p01__bias-0p1__cb-0p1__nbm-lhs-parsed__nbe-0p005__nbmin-0p1__lex-from-prev__ls-0p1,stages_bg_stages_morphtok_min5_BGMTI1_BGMTI2_BGMTI3_BGMTI4_BGMTI5__ps-0p01__bias-0p1__cb-0p1__nbm-lhs-parsed__nbe-0p005__nbmin-0p1__lex-from-prev__ls-0p1__05_BGMTI5
,BGMTI,5,0.01,0.0,0.01,0.623591,0.251751,-7.633383,stages_bg_stages_morphtok_min5_BGMTI1_BGMTI2_BGMTI3_BGMTI4_BGMTI5__ps-0p01__bias-0p1__cb-0p1__nbm-lhs-parsed__nbe-0p01__nbmin-0p1__lex-from-prev__ls-0p0,stages_bg_stages_morphtok_min5_BGMTI1_BGMTI2_BGMTI3_BGMTI4_BGMTI5__ps-0p01__bias-0p1__cb-0p1__nbm-lhs-parsed__nbe-0p01__nbmin-0p1__lex-from-prev__ls-0p0__05_BGMTI5
,BGMTI,5,0.01,0.001,0.01,0.624205,0.251539,-7.632479,stages_bg_stages_morphtok_min5_BGMTI1_BGMTI2_BGMTI3_BGMTI4_BGMTI5__ps-0p01__bias-0p1__cb-0p1__nbm-lhs-parsed__nbe-0p01__nbmin-0p1__lex-from-prev__ls-0p001,stages_bg_stages_morphtok_min5_BGMTI1_BGMTI2_BGMTI3_BGMTI4_BGMTI5__ps-0p01__bias-0p1__cb-0p1__nbm-lhs-parsed__nbe-0p01__nbmin-0p1__lex-from-prev__ls-0p001__05_BGMTI5
,BGMTI,5,0.01,0.01,0.01,0.621974,0.250465,-7.628109,stages_bg_stages_morphtok_min5_BGMTI1_BGMTI2_BGMTI3_BGMTI4_BGMTI5__ps-0p01__bias-0p1__cb-0p1__nbm-lhs-parsed__nbe-0p01__nbmin-0p1__lex-from-prev__ls-0p01,stages_bg_stages_morphtok_min5_BGMTI1_BGMTI2_BGMTI3_BGMTI4_BGMTI5__ps-0p01__bias-0p1__cb-0p1__nbm-lhs-parsed__nbe-0p01__nbmin-0p1__lex-from-prev__ls-0p01__05_BGMTI5
,BGMTI,5,0.01,0.1,0.01,0.638978,0.248030,-7.671429,stages_bg_stages_morphtok_min5_BGMTI1_BGMTI2_BGMTI3_BGMTI4_BGMTI5__ps-0p01__bias-0p1__cb-0p1__nbm-lhs-parsed__nbe-0p01__nbmin-0p1__lex-from-prev__ls-0p1,stages_bg_stages_morphtok_min5_BGMTI1_BGMTI2_BGMTI3_BGMTI4_BGMTI5__ps-0p01__bias-0p1__cb-0p1__nbm-lhs-parsed__nbe-0p01__nbmin-0p1__lex-from-prev__ls-0p1__05_BGMTI5
,BGMTI,5,0.01,0.0,0.05,0.623507,0.248318,-7.633027,stages_bg_stages_morphtok_min5_BGMTI1_BGMTI2_BGMTI3_BGMTI4_BGMTI5__ps-0p01__bias-0p1__cb-0p1__nbm-lhs-parsed__nbe-0p05__nbmin-0p1__lex-from-prev__ls-0p0,stages_bg_stages_morphtok_min5_BGMTI1_BGMTI2_BGMTI3_BGMTI4_BGMTI5__ps-0p01__bias-0p1__cb-0p1__nbm-lhs-parsed__nbe-0p05__nbmin-0p1__lex-from-prev__ls-0p0__05_BGMTI5
,BGMTI,5,0.01,0.001,0.05,0.624121,0.248111,-7.632136,stages_bg_stages_morphtok_min5_BGMTI1_BGMTI2_BGMTI3_BGMTI4_BGMTI5__ps-0p01__bias-0p1__cb-0p1__nbm-lhs-parsed__nbe-0p05__nbmin-0p1__lex-from-prev__ls-0p001,stages_bg_stages_morphtok_min5_BGMTI1_BGMTI2_BGMTI3_BGMTI4_BGMTI5__ps-0p01__bias-0p1__cb-0p1__nbm-lhs-parsed__nbe-0p05__nbmin-0p1__lex-from-prev__ls-0p001__05_BGMTI5
,BGMTI,5,0.01,0.01,0.05,0.622644,0.246999,-7.627737,stages_bg_stages_morphtok_min5_BGMTI1_BGMTI2_BGMTI3_BGMTI4_BGMTI5__ps-0p01__bias-0p1__cb-0p1__nbm-lhs-parsed__nbe-0p05__nbmin-0p1__lex-from-prev__ls-0p01,stages_bg_stages_morphtok_min5_BGMTI1_BGMTI2_BGMTI3_BGMTI4_BGMTI5__ps-0p01__bias-0p1__cb-0p1__nbm-lhs-parsed__nbe-0p05__nbmin-0p1__lex-from-prev__ls-0p01__05_BGMTI5
,BGMTI,5,0.01,0.1,0.05,0.638676,0.244436,-7.670999,stages_bg_stages_morphtok_min5_BGMTI1_BGMTI2_BGMTI3_BGMTI4_BGMTI5__ps-0p01__bias-0p1__cb-0p1__nbm-lhs-parsed__nbe-0p05__nbmin-0p1__lex-from-prev__ls-0p1,stages_bg_stages_morphtok_min5_BGMTI1_BGMTI2_BGMTI3_BGMTI4_BGMTI5__ps-0p01__bias-0p1__cb-0p1__nbm-lhs-parsed__nbe-0p05__nbmin-0p1__lex-from-prev__ls-0p1__05_BGMTI5
,BGMTI,5,0.05,0.0,0.001,0.623995,0.262606,-7.626009,stages_bg_stages_morphtok_min5_BGMTI1_BGMTI2_BGMTI3_BGMTI4_BGMTI5__ps-0p05__bias-0p1__cb-0p1__nbm-lhs-parsed__nbe-0p001__nbmin-0p1__lex-from-prev__ls-0p0,stages_bg_stages_morphtok_min5_BGMTI1_BGMTI2_BGMTI3_BGMTI4_BGMTI5__ps-0p05__bias-0p1__cb-0p1__nbm-lhs-parsed__nbe-0p001__nbmin-0p1__lex-from-prev__ls-0p0__05_BGMTI5
,BGMTI,5,0.05,0.001,0.001,0.623380,0.262136,-7.628420,stages_bg_stages_morphtok_min5_BGMTI1_BGMTI2_BGMTI3_BGMTI4_BGMTI5__ps-0p05__bias-0p1__cb-0p1__nbm-lhs-parsed__nbe-0p001__nbmin-0p1__lex-from-prev__ls-0p001,stages_bg_stages_morphtok_min5_BGMTI1_BGMTI2_BGMTI3_BGMTI4_BGMTI5__ps-0p05__bias-0p1__cb-0p1__nbm-lhs-parsed__nbe-0p001__nbmin-0p1__lex-from-prev__ls-0p001__05_BGMTI5
,BGMTI,5,0.05,0.01,0.001,0.634239,0.262295,-7.664175,stages_bg_stages_morphtok_min5_BGMTI1_BGMTI2_BGMTI3_BGMTI4_BGMTI5__ps-0p05__bias-0p1__cb-0p1__nbm-lhs-parsed__nbe-0p001__nbmin-0p1__lex-from-prev__ls-0p01,stages_bg_stages_morphtok_min5_BGMTI1_BGMTI2_BGMTI3_BGMTI4_BGMTI5__ps-0p05__bias-0p1__cb-0p1__nbm-lhs-parsed__nbe-0p001__nbmin-0p1__lex-from-prev__ls-0p01__05_BGMTI5
,BGMTI,5,0.05,0.1,0.001,0.634397,0.248763,-7.657375,stages_bg_stages_morphtok_min5_BGMTI1_BGMTI2_BGMTI3_BGMTI4_BGMTI5__ps-0p05__bias-0p1__cb-0p1__nbm-lhs-parsed__nbe-0p001__nbmin-0p1__lex-from-prev__ls-0p1,stages_bg_stages_morphtok_min5_BGMTI1_BGMTI2_BGMTI3_BGMTI4_BGMTI5__ps-0p05__bias-0p1__cb-0p1__nbm-lhs-parsed__nbe-0p001__nbmin-0p1__lex-from-prev__ls-0p1__05_BGMTI5
,BGMTI,5,0.05,0.0,0.005,0.623324,0.260004,-7.625451,stages_bg_stages_morphtok_min5_BGMTI1_BGMTI2_BGMTI3_BGMTI4_BGMTI5__ps-0p05__bias-0p1__cb-0p1__nbm-lhs-parsed__nbe-0p005__nbmin-0p1__lex-from-prev__ls-0p0,stages_bg_stages_morphtok_min5_BGMTI1_BGMTI2_BGMTI3_BGMTI4_BGMTI5__ps-0p05__bias-0p1__cb-0p1__nbm-lhs-parsed__nbe-0p005__nbmin-0p1__lex-from-prev__ls-0p0__05_BGMTI5
,BGMTI,5,0.05,0.001,0.005,0.623086,0.259526,-7.627486,stages_bg_stages_morphtok_min5_BGMTI1_BGMTI2_BGMTI3_BGMTI4_BGMTI5__ps-0p05__bias-0p1__cb-0p1__nbm-lhs-parsed__nbe-0p005__nbmin-0p1__lex-from-prev__ls-0p001,stages_bg_stages_morphtok_min5_BGMTI1_BGMTI2_BGMTI3_BGMTI4_BGMTI5__ps-0p05__bias-0p1__cb-0p1__nbm-lhs-parsed__nbe-0p005__nbmin-0p1__lex-from-prev__ls-0p001__05_BGMTI5
,BGMTI,5,0.05,0.01,0.005,0.633434,0.259664,-7.663478,stages_bg_stages_morphtok_min5_BGMTI1_BGMTI2_BGMTI3_BGMTI4_BGMTI5__ps-0p05__bias-0p1__cb-0p1__nbm-lhs-parsed__nbe-0p005__nbmin-0p1__lex-from-prev__ls-0p01,stages_bg_stages_morphtok_min5_BGMTI1_BGMTI2_BGMTI3_BGMTI4_BGMTI5__ps-0p05__bias-0p1__cb-0p1__nbm-lhs-parsed__nbe-0p005__nbmin-0p1__lex-from-prev__ls-0p01__05_BGMTI5
,BGMTI,5,0.05,0.1,0.005,0.634092,0.246529,-7.657332,stages_bg_stages_morphtok_min5_BGMTI1_BGMTI2_BGMTI3_BGMTI4_BGMTI5__ps-0p05__bias-0p1__cb-0p1__nbm-lhs-parsed__nbe-0p005__nbmin-0p1__lex-from-prev__ls-0p1,stages_bg_stages_morphtok_min5_BGMTI1_BGMTI2_BGMTI3_BGMTI4_BGMTI5__ps-0p05__bias-0p1__cb-0p1__nbm-lhs-parsed__nbe-0p005__nbmin-0p1__lex-from-prev__ls-0p1__05_BGMTI5
,BGMTI,5,0.05,0.0,0.01,0.622138,0.258699,-7.624869,stages_bg_stages_morphtok_min5_BGMTI1_BGMTI2_BGMTI3_BGMTI4_BGMTI5__ps-0p05__bias-0p1__cb-0p1__nbm-lhs-parsed__nbe-0p01__nbmin-0p1__lex-from-prev__ls-0p0,stages_bg_stages_morphtok_min5_BGMTI1_BGMTI2_BGMTI3_BGMTI4_BGMTI5__ps-0p05__bias-0p1__cb-0p1__nbm-lhs-parsed__nbe-0p01__nbmin-0p1__lex-from-prev__ls-0p0__05_BGMTI5
,BGMTI,5,0.05,0.001,0.01,0.623461,0.258234,-7.626626,stages_bg_stages_morphtok_min5_BGMTI1_BGMTI2_BGMTI3_BGMTI4_BGMTI5__ps-0p05__bias-0p1__cb-0p1__nbm-lhs-parsed__nbe-0p01__nbmin-0p1__lex-from-prev__ls-0p001,stages_bg_stages_morphtok_min5_BGMTI1_BGMTI2_BGMTI3_BGMTI4_BGMTI5__ps-0p05__bias-0p1__cb-0p1__nbm-lhs-parsed__nbe-0p01__nbmin-0p1__lex-from-prev__ls-0p001__05_BGMTI5
,BGMTI,5,0.05,0.01,0.01,0.632846,0.258318,-7.662851,stages_bg_stages_morphtok_min5_BGMTI1_BGMTI2_BGMTI3_BGMTI4_BGMTI5__ps-0p05__bias-0p1__cb-0p1__nbm-lhs-parsed__nbe-0p01__nbmin-0p1__lex-from-prev__ls-0p01,stages_bg_stages_morphtok_min5_BGMTI1_BGMTI2_BGMTI3_BGMTI4_BGMTI5__ps-0p05__bias-0p1__cb-0p1__nbm-lhs-parsed__nbe-0p01__nbmin-0p1__lex-from-prev__ls-0p01__05_BGMTI5
,BGMTI,5,0.05,0.1,0.01,0.634984,0.245072,-7.656975,stages_bg_stages_morphtok_min5_BGMTI1_BGMTI2_BGMTI3_BGMTI4_BGMTI5__ps-0p05__bias-0p1__cb-0p1__nbm-lhs-parsed__nbe-0p01__nbmin-0p1__lex-from-prev__ls-0p1,stages_bg_stages_morphtok_min5_BGMTI1_BGMTI2_BGMTI3_BGMTI4_BGMTI5__ps-0p05__bias-0p1__cb-0p1__nbm-lhs-parsed__nbe-0p01__nbmin-0p1__lex-from-prev__ls-0p1__05_BGMTI5
,BGMTI,5,0.05,0.0,0.05,0.619794,0.254056,-7.622047,stages_bg_stages_morphtok_min5_BGMTI1_BGMTI2_BGMTI3_BGMTI4_BGMTI5__ps-0p05__bias-0p1__cb-0p1__nbm-lhs-parsed__nbe-0p05__nbmin-0p1__lex-from-prev__ls-0p0,stages_bg_stages_morphtok_min5_BGMTI1_BGMTI2_BGMTI3_BGMTI4_BGMTI5__ps-0p05__bias-0p1__cb-0p1__nbm-lhs-parsed__nbe-0p05__nbmin-0p1__lex-from-prev__ls-0p0__05_BGMTI5
,BGMTI,5,0.05,0.001,0.05,0.621616,0.253565,-7.622652,stages_bg_stages_morphtok_min5_BGMTI1_BGMTI2_BGMTI3_BGMTI4_BGMTI5__ps-0p05__bias-0p1__cb-0p1__nbm-lhs-parsed__nbe-0p05__nbmin-0p1__lex-from-prev__ls-0p001,stages_bg_stages_morphtok_min5_BGMTI1_BGMTI2_BGMTI3_BGMTI4_BGMTI5__ps-0p05__bias-0p1__cb-0p1__nbm-lhs-parsed__nbe-0p05__nbmin-0p1__lex-from-prev__ls-0p001__05_BGMTI5
,BGMTI,5,0.05,0.01,0.05,0.634114,0.253443,-7.659612,stages_bg_stages_morphtok_min5_BGMTI1_BGMTI2_BGMTI3_BGMTI4_BGMTI5__ps-0p05__bias-0p1__cb-0p1__nbm-lhs-parsed__nbe-0p05__nbmin-0p1__lex-from-prev__ls-0p01,stages_bg_stages_morphtok_min5_BGMTI1_BGMTI2_BGMTI3_BGMTI4_BGMTI5__ps-0p05__bias-0p1__cb-0p1__nbm-lhs-parsed__nbe-0p05__nbmin-0p1__lex-from-prev__ls-0p01__05_BGMTI5
,BGMTI,5,0.05,0.1,0.05,0.636283,0.240383,-7.654579,stages_bg_stages_morphtok_min5_BGMTI1_BGMTI2_BGMTI3_BGMTI4_BGMTI5__ps-0p05__bias-0p1__cb-0p1__nbm-lhs-parsed__nbe-0p05__nbmin-0p1__lex-from-prev__ls-0p1,stages_bg_stages_morphtok_min5_BGMTI1_BGMTI2_BGMTI3_BGMTI4_BGMTI5__ps-0p05__bias-0p1__cb-0p1__nbm-lhs-parsed__nbe-0p05__nbmin-0p1__lex-from-prev__ls-0p1__05_BGMTI5
,BGMTI,5,0.1,0.0,0.001,0.624131,0.263373,-7.664230,stages_bg_stages_morphtok_min5_BGMTI1_BGMTI2_BGMTI3_BGMTI4_BGMTI5__ps-0p1__bias-0p1__cb-0p1__nbm-lhs-parsed__nbe-0p001__nbmin-0p1__lex-from-prev__ls-0p0,stages_bg_stages_morphtok_min5_BGMTI1_BGMTI2_BGMTI3_BGMTI4_BGMTI5__ps-0p1__bias-0p1__cb-0p1__nbm-lhs-parsed__nbe-0p001__nbmin-0p1__lex-from-prev__ls-0p0__05_BGMTI5
,BGMTI,5,0.1,0.001,0.001,0.624032,0.263431,-7.666741,stages_bg_stages_morphtok_min5_BGMTI1_BGMTI2_BGMTI3_BGMTI4_BGMTI5__ps-0p1__bias-0p1__cb-0p1__nbm-lhs-parsed__nbe-0p001__nbmin-0p1__lex-from-prev__ls-0p001,stages_bg_stages_morphtok_min5_BGMTI1_BGMTI2_BGMTI3_BGMTI4_BGMTI5__ps-0p1__bias-0p1__cb-0p1__nbm-lhs-parsed__nbe-0p001__nbmin-0p1__lex-from-prev__ls-0p001__05_BGMTI5
,BGMTI,5,0.1,0.01,0.001,0.621564,0.263536,-7.667910,stages_bg_stages_morphtok_min5_BGMTI1_BGMTI2_BGMTI3_BGMTI4_BGMTI5__ps-0p1__bias-0p1__cb-0p1__nbm-lhs-parsed__nbe-0p001__nbmin-0p1__lex-from-prev__ls-0p01,stages_bg_stages_morphtok_min5_BGMTI1_BGMTI2_BGMTI3_BGMTI4_BGMTI5__ps-0p1__bias-0p1__cb-0p1__nbm-lhs-parsed__nbe-0p001__nbmin-0p1__lex-from-prev__ls-0p01__05_BGMTI5
,BGMTI,5,0.1,0.1,0.001,0.622980,0.253814,-7.652816,stages_bg_stages_morphtok_min5_BGMTI1_BGMTI2_BGMTI3_BGMTI4_BGMTI5__ps-0p1__bias-0p1__cb-0p1__nbm-lhs-parsed__nbe-0p001__nbmin-0p1__lex-from-prev__ls-0p1,stages_bg_stages_morphtok_min5_BGMTI1_BGMTI2_BGMTI3_BGMTI4_BGMTI5__ps-0p1__bias-0p1__cb-0p1__nbm-lhs-parsed__nbe-0p001__nbmin-0p1__lex-from-prev__ls-0p1__05_BGMTI5
,BGMTI,5,0.1,0.0,0.005,0.623514,0.260454,-7.661986,stages_bg_stages_morphtok_min5_BGMTI1_BGMTI2_BGMTI3_BGMTI4_BGMTI5__ps-0p1__bias-0p1__cb-0p1__nbm-lhs-parsed__nbe-0p005__nbmin-0p1__lex-from-prev__ls-0p0,stages_bg_stages_morphtok_min5_BGMTI1_BGMTI2_BGMTI3_BGMTI4_BGMTI5__ps-0p1__bias-0p1__cb-0p1__nbm-lhs-parsed__nbe-0p005__nbmin-0p1__lex-from-prev__ls-0p0__05_BGMTI5
,BGMTI,5,0.1,0.001,0.005,0.624846,0.260543,-7.665180,stages_bg_stages_morphtok_min5_BGMTI1_BGMTI2_BGMTI3_BGMTI4_BGMTI5__ps-0p1__bias-0p1__cb-0p1__nbm-lhs-parsed__nbe-0p005__nbmin-0p1__lex-from-prev__ls-0p001,stages_bg_stages_morphtok_min5_BGMTI1_BGMTI2_BGMTI3_BGMTI4_BGMTI5__ps-0p1__bias-0p1__cb-0p1__nbm-lhs-parsed__nbe-0p005__nbmin-0p1__lex-from-prev__ls-0p001__05_BGMTI5
,BGMTI,5,0.1,0.01,0.005,0.621115,0.260651,-7.667247,stages_bg_stages_morphtok_min5_BGMTI1_BGMTI2_BGMTI3_BGMTI4_BGMTI5__ps-0p1__bias-0p1__cb-0p1__nbm-lhs-parsed__nbe-0p005__nbmin-0p1__lex-from-prev__ls-0p01,stages_bg_stages_morphtok_min5_BGMTI1_BGMTI2_BGMTI3_BGMTI4_BGMTI5__ps-0p1__bias-0p1__cb-0p1__nbm-lhs-parsed__nbe-0p005__nbmin-0p1__lex-from-prev__ls-0p01__05_BGMTI5
,BGMTI,5,0.1,0.1,0.005,0.623654,0.250791,-7.652401,stages_bg_stages_morphtok_min5_BGMTI1_BGMTI2_BGMTI3_BGMTI4_BGMTI5__ps-0p1__bias-0p1__cb-0p1__nbm-lhs-parsed__nbe-0p005__nbmin-0p1__lex-from-prev__ls-0p1,stages_bg_stages_morphtok_min5_BGMTI1_BGMTI2_BGMTI3_BGMTI4_BGMTI5__ps-0p1__bias-0p1__cb-0p1__nbm-lhs-parsed__nbe-0p005__nbmin-0p1__lex-from-prev__ls-0p1__05_BGMTI5
,BGMTI,5,0.1,0.0,0.01,0.622462,0.258827,-7.660656,stages_bg_stages_morphtok_min5_BGMTI1_BGMTI2_BGMTI3_BGMTI4_BGMTI5__ps-0p1__bias-0p1__cb-0p1__nbm-lhs-parsed__nbe-0p01__nbmin-0p1__lex-from-prev__ls-0p0,stages_bg_stages_morphtok_min5_BGMTI1_BGMTI2_BGMTI3_BGMTI4_BGMTI5__ps-0p1__bias-0p1__cb-0p1__nbm-lhs-parsed__nbe-0p01__nbmin-0p1__lex-from-prev__ls-0p0__05_BGMTI5
,BGMTI,5,0.1,0.001,0.01,0.623639,0.258913,-7.663900,stages_bg_stages_morphtok_min5_BGMTI1_BGMTI2_BGMTI3_BGMTI4_BGMTI5__ps-0p1__bias-0p1__cb-0p1__nbm-lhs-parsed__nbe-0p01__nbmin-0p1__lex-from-prev__ls-0p001,stages_bg_stages_morphtok_min5_BGMTI1_BGMTI2_BGMTI3_BGMTI4_BGMTI5__ps-0p1__bias-0p1__cb-0p1__nbm-lhs-parsed__nbe-0p01__nbmin-0p1__lex-from-prev__ls-0p001__05_BGMTI5
,BGMTI,5,0.1,0.01,0.01,0.621943,0.258994,-7.666796,stages_bg_stages_morphtok_min5_BGMTI1_BGMTI2_BGMTI3_BGMTI4_BGMTI5__ps-0p1__bias-0p1__cb-0p1__nbm-lhs-parsed__nbe-0p01__nbmin-0p1__lex-from-prev__ls-0p01,stages_bg_stages_morphtok_min5_BGMTI1_BGMTI2_BGMTI3_BGMTI4_BGMTI5__ps-0p1__bias-0p1__cb-0p1__nbm-lhs-parsed__nbe-0p01__nbmin-0p1__lex-from-prev__ls-0p01__05_BGMTI5
,BGMTI,5,0.1,0.1,0.01,0.620108,0.248879,-7.651509,stages_bg_stages_morphtok_min5_BGMTI1_BGMTI2_BGMTI3_BGMTI4_BGMTI5__ps-0p1__bias-0p1__cb-0p1__nbm-lhs-parsed__nbe-0p01__nbmin-0p1__lex-from-prev__ls-0p1,stages_bg_stages_morphtok_min5_BGMTI1_BGMTI2_BGMTI3_BGMTI4_BGMTI5__ps-0p1__bias-0p1__cb-0p1__nbm-lhs-parsed__nbe-0p01__nbmin-0p1__lex-from-prev__ls-0p1__05_BGMTI5
,BGMTI,5,0.1,0.0,0.05,0.623473,0.251457,-7.654666,stages_bg_stages_morphtok_min5_BGMTI1_BGMTI2_BGMTI3_BGMTI4_BGMTI5__ps-0p1__bias-0p1__cb-0p1__nbm-lhs-parsed__nbe-0p05__nbmin-0p1__lex-from-prev__ls-0p0,stages_bg_stages_morphtok_min5_BGMTI1_BGMTI2_BGMTI3_BGMTI4_BGMTI5__ps-0p1__bias-0p1__cb-0p1__nbm-lhs-parsed__nbe-0p05__nbmin-0p1__lex-from-prev__ls-0p0__05_BGMTI5
,BGMTI,5,0.1,0.001,0.05,0.624425,0.251433,-7.657857,stages_bg_stages_morphtok_min5_BGMTI1_BGMTI2_BGMTI3_BGMTI4_BGMTI5__ps-0p1__bias-0p1__cb-0p1__nbm-lhs-parsed__nbe-0p05__nbmin-0p1__lex-from-prev__ls-0p001,stages_bg_stages_morphtok_min5_BGMTI1_BGMTI2_BGMTI3_BGMTI4_BGMTI5__ps-0p1__bias-0p1__cb-0p1__nbm-lhs-parsed__nbe-0p05__nbmin-0p1__lex-from-prev__ls-0p001__05_BGMTI5
,BGMTI,5,0.1,0.01,0.05,0.625588,0.251326,-7.662883,stages_bg_stages_morphtok_min5_BGMTI1_BGMTI2_BGMTI3_BGMTI4_BGMTI5__ps-0p1__bias-0p1__cb-0p1__nbm-lhs-parsed__nbe-0p05__nbmin-0p1__lex-from-prev__ls-0p01,stages_bg_stages_morphtok_min5_BGMTI1_BGMTI2_BGMTI3_BGMTI4_BGMTI5__ps-0p1__bias-0p1__cb-0p1__nbm-lhs-parsed__nbe-0p05__nbmin-0p1__lex-from-prev__ls-0p01__05_BGMTI5
,BGMTI,5,0.1,0.1,0.05,0.620697,0.241562,-7.645533,stages_bg_stages_morphtok_min5_BGMTI1_BGMTI2_BGMTI3_BGMTI4_BGMTI5__ps-0p1__bias-0p1__cb-0p1__nbm-lhs-parsed__nbe-0p05__nbmin-0p1__lex-from-prev__ls-0p1,stages_bg_stages_morphtok_min5_BGMTI1_BGMTI2_BGMTI3_BGMTI4_BGMTI5__ps-0p1__bias-0p1__cb-0p1__nbm-lhs-parsed__nbe-0p05__nbmin-0p1__lex-from-prev__ls-0p1__05_BGMTI5
,BGMTI,5,0.2,0.0,0.001,0.614589,0.269200,-7.665633,stages_bg_stages_morphtok_min5_BGMTI1_BGMTI2_BGMTI3_BGMTI4_BGMTI5__ps-0p2__bias-0p1__cb-0p1__nbm-lhs-parsed__nbe-0p001__nbmin-0p1__lex-from-prev__ls-0p0,stages_bg_stages_morphtok_min5_BGMTI1_BGMTI2_BGMTI3_BGMTI4_BGMTI5__ps-0p2__bias-0p1__cb-0p1__nbm-lhs-parsed__nbe-0p001__nbmin-0p1__lex-from-prev__ls-0p0__05_BGMTI5
,BGMTI,5,0.2,0.001,0.001,0.612667,0.269244,-7.664936,stages_bg_stages_morphtok_min5_BGMTI1_BGMTI2_BGMTI3_BGMTI4_BGMTI5__ps-0p2__bias-0p1__cb-0p1__nbm-lhs-parsed__nbe-0p001__nbmin-0p1__lex-from-prev__ls-0p001,stages_bg_stages_morphtok_min5_BGMTI1_BGMTI2_BGMTI3_BGMTI4_BGMTI5__ps-0p2__bias-0p1__cb-0p1__nbm-lhs-parsed__nbe-0p001__nbmin-0p1__lex-from-prev__ls-0p001__05_BGMTI5
,BGMTI,5,0.2,0.01,0.001,0.614000,0.269576,-7.657883,stages_bg_stages_morphtok_min5_BGMTI1_BGMTI2_BGMTI3_BGMTI4_BGMTI5__ps-0p2__bias-0p1__cb-0p1__nbm-lhs-parsed__nbe-0p001__nbmin-0p1__lex-from-prev__ls-0p01,stages_bg_stages_morphtok_min5_BGMTI1_BGMTI2_BGMTI3_BGMTI4_BGMTI5__ps-0p2__bias-0p1__cb-0p1__nbm-lhs-parsed__nbe-0p001__nbmin-0p1__lex-from-prev__ls-0p01__05_BGMTI5
,BGMTI,5,0.2,0.1,0.001,0.608548,0.261837,-7.654084,stages_bg_stages_morphtok_min5_BGMTI1_BGMTI2_BGMTI3_BGMTI4_BGMTI5__ps-0p2__bias-0p1__cb-0p1__nbm-lhs-parsed__nbe-0p001__nbmin-0p1__lex-from-prev__ls-0p1,stages_bg_stages_morphtok_min5_BGMTI1_BGMTI2_BGMTI3_BGMTI4_BGMTI5__ps-0p2__bias-0p1__cb-0p1__nbm-lhs-parsed__nbe-0p001__nbmin-0p1__lex-from-prev__ls-0p1__05_BGMTI5
,BGMTI,5,0.2,0.0,0.005,0.613984,0.264348,-7.666015,stages_bg_stages_morphtok_min5_BGMTI1_BGMTI2_BGMTI3_BGMTI4_BGMTI5__ps-0p2__bias-0p1__cb-0p1__nbm-lhs-parsed__nbe-0p005__nbmin-0p1__lex-from-prev__ls-0p0,stages_bg_stages_morphtok_min5_BGMTI1_BGMTI2_BGMTI3_BGMTI4_BGMTI5__ps-0p2__bias-0p1__cb-0p1__nbm-lhs-parsed__nbe-0p005__nbmin-0p1__lex-from-prev__ls-0p0__05_BGMTI5
,BGMTI,5,0.2,0.001,0.005,0.615834,0.264397,-7.665365,stages_bg_stages_morphtok_min5_BGMTI1_BGMTI2_BGMTI3_BGMTI4_BGMTI5__ps-0p2__bias-0p1__cb-0p1__nbm-lhs-parsed__nbe-0p005__nbmin-0p1__lex-from-prev__ls-0p001,stages_bg_stages_morphtok_min5_BGMTI1_BGMTI2_BGMTI3_BGMTI4_BGMTI5__ps-0p2__bias-0p1__cb-0p1__nbm-lhs-parsed__nbe-0p005__nbmin-0p1__lex-from-prev__ls-0p001__05_BGMTI5
,BGMTI,5,0.2,0.01,0.005,0.613288,0.264706,-7.658706,stages_bg_stages_morphtok_min5_BGMTI1_BGMTI2_BGMTI3_BGMTI4_BGMTI5__ps-0p2__bias-0p1__cb-0p1__nbm-lhs-parsed__nbe-0p005__nbmin-0p1__lex-from-prev__ls-0p01,stages_bg_stages_morphtok_min5_BGMTI1_BGMTI2_BGMTI3_BGMTI4_BGMTI5__ps-0p2__bias-0p1__cb-0p1__nbm-lhs-parsed__nbe-0p005__nbmin-0p1__lex-from-prev__ls-0p01__05_BGMTI5
,BGMTI,5,0.2,0.1,0.005,0.611055,0.256448,-7.652291,stages_bg_stages_morphtok_min5_BGMTI1_BGMTI2_BGMTI3_BGMTI4_BGMTI5__ps-0p2__bias-0p1__cb-0p1__nbm-lhs-parsed__nbe-0p005__nbmin-0p1__lex-from-prev__ls-0p1,stages_bg_stages_morphtok_min5_BGMTI1_BGMTI2_BGMTI3_BGMTI4_BGMTI5__ps-0p2__bias-0p1__cb-0p1__nbm-lhs-parsed__nbe-0p005__nbmin-0p1__lex-from-prev__ls-0p1__05_BGMTI5
,BGMTI,5,0.2,0.0,0.01,0.617098,0.261021,-7.665667,stages_bg_stages_morphtok_min5_BGMTI1_BGMTI2_BGMTI3_BGMTI4_BGMTI5__ps-0p2__bias-0p1__cb-0p1__nbm-lhs-parsed__nbe-0p01__nbmin-0p1__lex-from-prev__ls-0p0,stages_bg_stages_morphtok_min5_BGMTI1_BGMTI2_BGMTI3_BGMTI4_BGMTI5__ps-0p2__bias-0p1__cb-0p1__nbm-lhs-parsed__nbe-0p01__nbmin-0p1__lex-from-prev__ls-0p0__05_BGMTI5
,BGMTI,5,0.2,0.001,0.01,0.615956,0.261027,-7.664762,stages_bg_stages_morphtok_min5_BGMTI1_BGMTI2_BGMTI3_BGMTI4_BGMTI5__ps-0p2__bias-0p1__cb-0p1__nbm-lhs-parsed__nbe-0p01__nbmin-0p1__lex-from-prev__ls-0p001,stages_bg_stages_morphtok_min5_BGMTI1_BGMTI2_BGMTI3_BGMTI4_BGMTI5__ps-0p2__bias-0p1__cb-0p1__nbm-lhs-parsed__nbe-0p01__nbmin-0p1__lex-from-prev__ls-0p001__05_BGMTI5
,BGMTI,5,0.2,0.01,0.01,0.612889,0.261325,-7.658809,stages_bg_stages_morphtok_min5_BGMTI1_BGMTI2_BGMTI3_BGMTI4_BGMTI5__ps-0p2__bias-0p1__cb-0p1__nbm-lhs-parsed__nbe-0p01__nbmin-0p1__lex-from-prev__ls-0p01,stages_bg_stages_morphtok_min5_BGMTI1_BGMTI2_BGMTI3_BGMTI4_BGMTI5__ps-0p2__bias-0p1__cb-0p1__nbm-lhs-parsed__nbe-0p01__nbmin-0p1__lex-from-prev__ls-0p01__05_BGMTI5
,BGMTI,5,0.2,0.1,0.01,0.611004,0.252970,-7.650469,stages_bg_stages_morphtok_min5_BGMTI1_BGMTI2_BGMTI3_BGMTI4_BGMTI5__ps-0p2__bias-0p1__cb-0p1__nbm-lhs-parsed__nbe-0p01__nbmin-0p1__lex-from-prev__ls-0p1,stages_bg_stages_morphtok_min5_BGMTI1_BGMTI2_BGMTI3_BGMTI4_BGMTI5__ps-0p2__bias-0p1__cb-0p1__nbm-lhs-parsed__nbe-0p01__nbmin-0p1__lex-from-prev__ls-0p1__05_BGMTI5
,BGMTI,5,0.2,0.0,0.05,0.613315,0.247537,-7.660431,stages_bg_stages_morphtok_min5_BGMTI1_BGMTI2_BGMTI3_BGMTI4_BGMTI5__ps-0p2__bias-0p1__cb-0p1__nbm-lhs-parsed__nbe-0p05__nbmin-0p1__lex-from-prev__ls-0p0,stages_bg_stages_morphtok_min5_BGMTI1_BGMTI2_BGMTI3_BGMTI4_BGMTI5__ps-0p2__bias-0p1__cb-0p1__nbm-lhs-parsed__nbe-0p05__nbmin-0p1__lex-from-prev__ls-0p0__05_BGMTI5
,BGMTI,5,0.2,0.001,0.05,0.613071,0.247362,-7.657390,stages_bg_stages_morphtok_min5_BGMTI1_BGMTI2_BGMTI3_BGMTI4_BGMTI5__ps-0p2__bias-0p1__cb-0p1__nbm-lhs-parsed__nbe-0p05__nbmin-0p1__lex-from-prev__ls-0p001,stages_bg_stages_morphtok_min5_BGMTI1_BGMTI2_BGMTI3_BGMTI4_BGMTI5__ps-0p2__bias-0p1__cb-0p1__nbm-lhs-parsed__nbe-0p05__nbmin-0p1__lex-from-prev__ls-0p001__05_BGMTI5
,BGMTI,5,0.2,0.01,0.05,0.613698,0.247324,-7.653086,stages_bg_stages_morphtok_min5_BGMTI1_BGMTI2_BGMTI3_BGMTI4_BGMTI5__ps-0p2__bias-0p1__cb-0p1__nbm-lhs-parsed__nbe-0p05__nbmin-0p1__lex-from-prev__ls-0p01,stages_bg_stages_morphtok_min5_BGMTI1_BGMTI2_BGMTI3_BGMTI4_BGMTI5__ps-0p2__bias-0p1__cb-0p1__nbm-lhs-parsed__nbe-0p05__nbmin-0p1__lex-from-prev__ls-0p01__05_BGMTI5
,BGMTI,5,0.2,0.1,0.05,0.613662,0.240680,-7.640297,stages_bg_stages_morphtok_min5_BGMTI1_BGMTI2_BGMTI3_BGMTI4_BGMTI5__ps-0p2__bias-0p1__cb-0p1__nbm-lhs-parsed__nbe-0p05__nbmin-0p1__lex-from-prev__ls-0p1,stages_bg_stages_morphtok_min5_BGMTI1_BGMTI2_BGMTI3_BGMTI4_BGMTI5__ps-0p2__bias-0p1__cb-0p1__nbm-lhs-parsed__nbe-0p05__nbmin-0p1__lex-from-prev__ls-0p1__05_BGMTI5
,BGMTMMM,5,0.001,0.0,0.001,0.629762,0.248168,-7.640238,stages_bg_stages_morphtok_min5_BGMTMMM1_BGMTMMM2_BGMTMMM3_BGMTMMM4_BGMTMMM5__ps-0p001__bias-0p1__cb-0p1__nbm-lhs-parsed__nbe-0p001__nbmin-0p1__lex-from-prev__ls-0p0,stages_bg_stages_morphtok_min5_BGMTMMM1_BGMTMMM2_BGMTMMM3_BGMTMMM4_BGMTMMM5__ps-0p001__bias-0p1__cb-0p1__nbm-lhs-parsed__nbe-0p001__nbmin-0p1__lex-from-prev__ls-0p0__05_BGMTMMM5
,BGMTMMM,5,0.001,0.001,0.001,0.627661,0.248113,-7.634471,stages_bg_stages_morphtok_min5_BGMTMMM1_BGMTMMM2_BGMTMMM3_BGMTMMM4_BGMTMMM5__ps-0p001__bias-0p1__cb-0p1__nbm-lhs-parsed__nbe-0p001__nbmin-0p1__lex-from-prev__ls-0p001,stages_bg_stages_morphtok_min5_BGMTMMM1_BGMTMMM2_BGMTMMM3_BGMTMMM4_BGMTMMM5__ps-0p001__bias-0p1__cb-0p1__nbm-lhs-parsed__nbe-0p001__nbmin-0p1__lex-from-prev__ls-0p001__05_BGMTMMM5
,BGMTMMM,5,0.001,0.01,0.001,0.629444,0.247836,-7.638610,stages_bg_stages_morphtok_min5_BGMTMMM1_BGMTMMM2_BGMTMMM3_BGMTMMM4_BGMTMMM5__ps-0p001__bias-0p1__cb-0p1__nbm-lhs-parsed__nbe-0p001__nbmin-0p1__lex-from-prev__ls-0p01,stages_bg_stages_morphtok_min5_BGMTMMM1_BGMTMMM2_BGMTMMM3_BGMTMMM4_BGMTMMM5__ps-0p001__bias-0p1__cb-0p1__nbm-lhs-parsed__nbe-0p001__nbmin-0p1__lex-from-prev__ls-0p01__05_BGMTMMM5
,BGMTMMM,5,0.001,0.1,0.001,0.628387,0.250770,-7.628493,stages_bg_stages_morphtok_min5_BGMTMMM1_BGMTMMM2_BGMTMMM3_BGMTMMM4_BGMTMMM5__ps-0p001__bias-0p1__cb-0p1__nbm-lhs-parsed__nbe-0p001__nbmin-0p1__lex-from-prev__ls-0p1,stages_bg_stages_morphtok_min5_BGMTMMM1_BGMTMMM2_BGMTMMM3_BGMTMMM4_BGMTMMM5__ps-0p001__bias-0p1__cb-0p1__nbm-lhs-parsed__nbe-0p001__nbmin-0p1__lex-from-prev__ls-0p1__05_BGMTMMM5
,BGMTMMM,5,0.001,0.0,0.005,0.629984,0.248194,-7.640237,stages_bg_stages_morphtok_min5_BGMTMMM1_BGMTMMM2_BGMTMMM3_BGMTMMM4_BGMTMMM5__ps-0p001__bias-0p1__cb-0p1__nbm-lhs-parsed__nbe-0p005__nbmin-0p1__lex-from-prev__ls-0p0,stages_bg_stages_morphtok_min5_BGMTMMM1_BGMTMMM2_BGMTMMM3_BGMTMMM4_BGMTMMM5__ps-0p001__bias-0p1__cb-0p1__nbm-lhs-parsed__nbe-0p005__nbmin-0p1__lex-from-prev__ls-0p0__05_BGMTMMM5
,BGMTMMM,5,0.001,0.001,0.005,0.627661,0.248140,-7.634469,stages_bg_stages_morphtok_min5_BGMTMMM1_BGMTMMM2_BGMTMMM3_BGMTMMM4_BGMTMMM5__ps-0p001__bias-0p1__cb-0p1__nbm-lhs-parsed__nbe-0p005__nbmin-0p1__lex-from-prev__ls-0p001,stages_bg_stages_morphtok_min5_BGMTMMM1_BGMTMMM2_BGMTMMM3_BGMTMMM4_BGMTMMM5__ps-0p001__bias-0p1__cb-0p1__nbm-lhs-parsed__nbe-0p005__nbmin-0p1__lex-from-prev__ls-0p001__05_BGMTMMM5
,BGMTMMM,5,0.001,0.01,0.005,0.629444,0.247861,-7.638611,stages_bg_stages_morphtok_min5_BGMTMMM1_BGMTMMM2_BGMTMMM3_BGMTMMM4_BGMTMMM5__ps-0p001__bias-0p1__cb-0p1__nbm-lhs-parsed__nbe-0p005__nbmin-0p1__lex-from-prev__ls-0p01,stages_bg_stages_morphtok_min5_BGMTMMM1_BGMTMMM2_BGMTMMM3_BGMTMMM4_BGMTMMM5__ps-0p001__bias-0p1__cb-0p1__nbm-lhs-parsed__nbe-0p005__nbmin-0p1__lex-from-prev__ls-0p01__05_BGMTMMM5
,BGMTMMM,5,0.001,0.1,0.005,0.627943,0.250784,-7.628493,stages_bg_stages_morphtok_min5_BGMTMMM1_BGMTMMM2_BGMTMMM3_BGMTMMM4_BGMTMMM5__ps-0p001__bias-0p1__cb-0p1__nbm-lhs-parsed__nbe-0p005__nbmin-0p1__lex-from-prev__ls-0p1,stages_bg_stages_morphtok_min5_BGMTMMM1_BGMTMMM2_BGMTMMM3_BGMTMMM4_BGMTMMM5__ps-0p001__bias-0p1__cb-0p1__nbm-lhs-parsed__nbe-0p005__nbmin-0p1__lex-from-prev__ls-0p1__05_BGMTMMM5
,BGMTMMM,5,0.001,0.0,0.01,0.629984,0.248228,-7.640232,stages_bg_stages_morphtok_min5_BGMTMMM1_BGMTMMM2_BGMTMMM3_BGMTMMM4_BGMTMMM5__ps-0p001__bias-0p1__cb-0p1__nbm-lhs-parsed__nbe-0p01__nbmin-0p1__lex-from-prev__ls-0p0,stages_bg_stages_morphtok_min5_BGMTMMM1_BGMTMMM2_BGMTMMM3_BGMTMMM4_BGMTMMM5__ps-0p001__bias-0p1__cb-0p1__nbm-lhs-parsed__nbe-0p01__nbmin-0p1__lex-from-prev__ls-0p0__05_BGMTMMM5
,BGMTMMM,5,0.001,0.001,0.01,0.628107,0.248174,-7.634464,stages_bg_stages_morphtok_min5_BGMTMMM1_BGMTMMM2_BGMTMMM3_BGMTMMM4_BGMTMMM5__ps-0p001__bias-0p1__cb-0p1__nbm-lhs-parsed__nbe-0p01__nbmin-0p1__lex-from-prev__ls-0p001,stages_bg_stages_morphtok_min5_BGMTMMM1_BGMTMMM2_BGMTMMM3_BGMTMMM4_BGMTMMM5__ps-0p001__bias-0p1__cb-0p1__nbm-lhs-parsed__nbe-0p01__nbmin-0p1__lex-from-prev__ls-0p001__05_BGMTMMM5
,BGMTMMM,5,0.001,0.01,0.01,0.629667,0.247893,-7.638610,stages_bg_stages_morphtok_min5_BGMTMMM1_BGMTMMM2_BGMTMMM3_BGMTMMM4_BGMTMMM5__ps-0p001__bias-0p1__cb-0p1__nbm-lhs-parsed__nbe-0p01__nbmin-0p1__lex-from-prev__ls-0p01,stages_bg_stages_morphtok_min5_BGMTMMM1_BGMTMMM2_BGMTMMM3_BGMTMMM4_BGMTMMM5__ps-0p001__bias-0p1__cb-0p1__nbm-lhs-parsed__nbe-0p01__nbmin-0p1__lex-from-prev__ls-0p01__05_BGMTMMM5
,BGMTMMM,5,0.001,0.1,0.01,0.627943,0.250801,-7.628492,stages_bg_stages_morphtok_min5_BGMTMMM1_BGMTMMM2_BGMTMMM3_BGMTMMM4_BGMTMMM5__ps-0p001__bias-0p1__cb-0p1__nbm-lhs-parsed__nbe-0p01__nbmin-0p1__lex-from-prev__ls-0p1,stages_bg_stages_morphtok_min5_BGMTMMM1_BGMTMMM2_BGMTMMM3_BGMTMMM4_BGMTMMM5__ps-0p001__bias-0p1__cb-0p1__nbm-lhs-parsed__nbe-0p01__nbmin-0p1__lex-from-prev__ls-0p1__05_BGMTMMM5
,BGMTMMM,5,0.001,0.0,0.05,0.629539,0.248050,-7.640131,stages_bg_stages_morphtok_min5_BGMTMMM1_BGMTMMM2_BGMTMMM3_BGMTMMM4_BGMTMMM5__ps-0p001__bias-0p1__cb-0p1__nbm-lhs-parsed__nbe-0p05__nbmin-0p1__lex-from-prev__ls-0p0,stages_bg_stages_morphtok_min5_BGMTMMM1_BGMTMMM2_BGMTMMM3_BGMTMMM4_BGMTMMM5__ps-0p001__bias-0p1__cb-0p1__nbm-lhs-parsed__nbe-0p05__nbmin-0p1__lex-from-prev__ls-0p0__05_BGMTMMM5
,BGMTMMM,5,0.001,0.001,0.05,0.628107,0.247994,-7.634360,stages_bg_stages_morphtok_min5_BGMTMMM1_BGMTMMM2_BGMTMMM3_BGMTMMM4_BGMTMMM5__ps-0p001__bias-0p1__cb-0p1__nbm-lhs-parsed__nbe-0p05__nbmin-0p1__lex-from-prev__ls-0p001,stages_bg_stages_morphtok_min5_BGMTMMM1_BGMTMMM2_BGMTMMM3_BGMTMMM4_BGMTMMM5__ps-0p001__bias-0p1__cb-0p1__nbm-lhs-parsed__nbe-0p05__nbmin-0p1__lex-from-prev__ls-0p001__05_BGMTMMM5
,BGMTMMM,5,0.001,0.01,0.05,0.629667,0.247686,-7.638523,stages_bg_stages_morphtok_min5_BGMTMMM1_BGMTMMM2_BGMTMMM3_BGMTMMM4_BGMTMMM5__ps-0p001__bias-0p1__cb-0p1__nbm-lhs-parsed__nbe-0p05__nbmin-0p1__lex-from-prev__ls-0p01,stages_bg_stages_morphtok_min5_BGMTMMM1_BGMTMMM2_BGMTMMM3_BGMTMMM4_BGMTMMM5__ps-0p001__bias-0p1__cb-0p1__nbm-lhs-parsed__nbe-0p05__nbmin-0p1__lex-from-prev__ls-0p01__05_BGMTMMM5
,BGMTMMM,5,0.001,0.1,0.05,0.628165,0.250295,-7.628439,stages_bg_stages_morphtok_min5_BGMTMMM1_BGMTMMM2_BGMTMMM3_BGMTMMM4_BGMTMMM5__ps-0p001__bias-0p1__cb-0p1__nbm-lhs-parsed__nbe-0p05__nbmin-0p1__lex-from-prev__ls-0p1,stages_bg_stages_morphtok_min5_BGMTMMM1_BGMTMMM2_BGMTMMM3_BGMTMMM4_BGMTMMM5__ps-0p001__bias-0p1__cb-0p1__nbm-lhs-parsed__nbe-0p05__nbmin-0p1__lex-from-prev__ls-0p1__05_BGMTMMM5
,BGMTMMM,5,0.005,0.0,0.001,0.633437,0.251951,-7.636426,stages_bg_stages_morphtok_min5_BGMTMMM1_BGMTMMM2_BGMTMMM3_BGMTMMM4_BGMTMMM5__ps-0p005__bias-0p1__cb-0p1__nbm-lhs-parsed__nbe-0p001__nbmin-0p1__lex-from-prev__ls-0p0,stages_bg_stages_morphtok_min5_BGMTMMM1_BGMTMMM2_BGMTMMM3_BGMTMMM4_BGMTMMM5__ps-0p005__bias-0p1__cb-0p1__nbm-lhs-parsed__nbe-0p001__nbmin-0p1__lex-from-prev__ls-0p0__05_BGMTMMM5
,BGMTMMM,5,0.005,0.001,0.001,0.632152,0.251862,-7.630643,stages_bg_stages_morphtok_min5_BGMTMMM1_BGMTMMM2_BGMTMMM3_BGMTMMM4_BGMTMMM5__ps-0p005__bias-0p1__cb-0p1__nbm-lhs-parsed__nbe-0p001__nbmin-0p1__lex-from-prev__ls-0p001,stages_bg_stages_morphtok_min5_BGMTMMM1_BGMTMMM2_BGMTMMM3_BGMTMMM4_BGMTMMM5__ps-0p005__bias-0p1__cb-0p1__nbm-lhs-parsed__nbe-0p001__nbmin-0p1__lex-from-prev__ls-0p001__05_BGMTMMM5
,BGMTMMM,5,0.005,0.01,0.001,0.635354,0.251850,-7.634798,stages_bg_stages_morphtok_min5_BGMTMMM1_BGMTMMM2_BGMTMMM3_BGMTMMM4_BGMTMMM5__ps-0p005__bias-0p1__cb-0p1__nbm-lhs-parsed__nbe-0p001__nbmin-0p1__lex-from-prev__ls-0p01,stages_bg_stages_morphtok_min5_BGMTMMM1_BGMTMMM2_BGMTMMM3_BGMTMMM4_BGMTMMM5__ps-0p005__bias-0p1__cb-0p1__nbm-lhs-parsed__nbe-0p001__nbmin-0p1__lex-from-prev__ls-0p01__05_BGMTMMM5
,BGMTMMM,5,0.005,0.1,0.001,0.631987,0.253928,-7.625115,stages_bg_stages_morphtok_min5_BGMTMMM1_BGMTMMM2_BGMTMMM3_BGMTMMM4_BGMTMMM5__ps-0p005__bias-0p1__cb-0p1__nbm-lhs-parsed__nbe-0p001__nbmin-0p1__lex-from-prev__ls-0p1,stages_bg_stages_morphtok_min5_BGMTMMM1_BGMTMMM2_BGMTMMM3_BGMTMMM4_BGMTMMM5__ps-0p005__bias-0p1__cb-0p1__nbm-lhs-parsed__nbe-0p001__nbmin-0p1__lex-from-prev__ls-0p1__05_BGMTMMM5
,BGMTMMM,5,0.005,0.0,0.005,0.633215,0.251821,-7.636421,stages_bg_stages_morphtok_min5_BGMTMMM1_BGMTMMM2_BGMTMMM3_BGMTMMM4_BGMTMMM5__ps-0p005__bias-0p1__cb-0p1__nbm-lhs-parsed__nbe-0p005__nbmin-0p1__lex-from-prev__ls-0p0,stages_bg_stages_morphtok_min5_BGMTMMM1_BGMTMMM2_BGMTMMM3_BGMTMMM4_BGMTMMM5__ps-0p005__bias-0p1__cb-0p1__nbm-lhs-parsed__nbe-0p005__nbmin-0p1__lex-from-prev__ls-0p0__05_BGMTMMM5
,BGMTMMM,5,0.005,0.001,0.005,0.632152,0.251733,-7.630637,stages_bg_stages_morphtok_min5_BGMTMMM1_BGMTMMM2_BGMTMMM3_BGMTMMM4_BGMTMMM5__ps-0p005__bias-0p1__cb-0p1__nbm-lhs-parsed__nbe-0p005__nbmin-0p1__lex-from-prev__ls-0p001,stages_bg_stages_morphtok_min5_BGMTMMM1_BGMTMMM2_BGMTMMM3_BGMTMMM4_BGMTMMM5__ps-0p005__bias-0p1__cb-0p1__nbm-lhs-parsed__nbe-0p005__nbmin-0p1__lex-from-prev__ls-0p001__05_BGMTMMM5
,BGMTMMM,5,0.005,0.01,0.005,0.635576,0.251711,-7.634797,stages_bg_stages_morphtok_min5_BGMTMMM1_BGMTMMM2_BGMTMMM3_BGMTMMM4_BGMTMMM5__ps-0p005__bias-0p1__cb-0p1__nbm-lhs-parsed__nbe-0p005__nbmin-0p1__lex-from-prev__ls-0p01,stages_bg_stages_morphtok_min5_BGMTMMM1_BGMTMMM2_BGMTMMM3_BGMTMMM4_BGMTMMM5__ps-0p005__bias-0p1__cb-0p1__nbm-lhs-parsed__nbe-0p005__nbmin-0p1__lex-from-prev__ls-0p01__05_BGMTMMM5
,BGMTMMM,5,0.005,0.1,0.005,0.631765,0.253595,-7.625128,stages_bg_stages_morphtok_min5_BGMTMMM1_BGMTMMM2_BGMTMMM3_BGMTMMM4_BGMTMMM5__ps-0p005__bias-0p1__cb-0p1__nbm-lhs-parsed__nbe-0p005__nbmin-0p1__lex-from-prev__ls-0p1,stages_bg_stages_morphtok_min5_BGMTMMM1_BGMTMMM2_BGMTMMM3_BGMTMMM4_BGMTMMM5__ps-0p005__bias-0p1__cb-0p1__nbm-lhs-parsed__nbe-0p005__nbmin-0p1__lex-from-prev__ls-0p1__05_BGMTMMM5
,BGMTMMM,5,0.005,0.0,0.01,0.632993,0.251390,-7.636359,stages_bg_stages_morphtok_min5_BGMTMMM1_BGMTMMM2_BGMTMMM3_BGMTMMM4_BGMTMMM5__ps-0p005__bias-0p1__cb-0p1__nbm-lhs-parsed__nbe-0p01__nbmin-0p1__lex-from-prev__ls-0p0,stages_bg_stages_morphtok_min5_BGMTMMM1_BGMTMMM2_BGMTMMM3_BGMTMMM4_BGMTMMM5__ps-0p005__bias-0p1__cb-0p1__nbm-lhs-parsed__nbe-0p01__nbmin-0p1__lex-from-prev__ls-0p0__05_BGMTMMM5
,BGMTMMM,5,0.005,0.001,0.01,0.632374,0.251306,-7.630573,stages_bg_stages_morphtok_min5_BGMTMMM1_BGMTMMM2_BGMTMMM3_BGMTMMM4_BGMTMMM5__ps-0p005__bias-0p1__cb-0p1__nbm-lhs-parsed__nbe-0p01__nbmin-0p1__lex-from-prev__ls-0p001,stages_bg_stages_morphtok_min5_BGMTMMM1_BGMTMMM2_BGMTMMM3_BGMTMMM4_BGMTMMM5__ps-0p005__bias-0p1__cb-0p1__nbm-lhs-parsed__nbe-0p01__nbmin-0p1__lex-from-prev__ls-0p001__05_BGMTMMM5
,BGMTMMM,5,0.005,0.01,0.01,0.635132,0.251275,-7.634741,stages_bg_stages_morphtok_min5_BGMTMMM1_BGMTMMM2_BGMTMMM3_BGMTMMM4_BGMTMMM5__ps-0p005__bias-0p1__cb-0p1__nbm-lhs-parsed__nbe-0p01__nbmin-0p1__lex-from-prev__ls-0p01,stages_bg_stages_morphtok_min5_BGMTMMM1_BGMTMMM2_BGMTMMM3_BGMTMMM4_BGMTMMM5__ps-0p005__bias-0p1__cb-0p1__nbm-lhs-parsed__nbe-0p01__nbmin-0p1__lex-from-prev__ls-0p01__05_BGMTMMM5
,BGMTMMM,5,0.005,0.1,0.01,0.631987,0.252872,-7.625095,stages_bg_stages_morphtok_min5_BGMTMMM1_BGMTMMM2_BGMTMMM3_BGMTMMM4_BGMTMMM5__ps-0p005__bias-0p1__cb-0p1__nbm-lhs-parsed__nbe-0p01__nbmin-0p1__lex-from-prev__ls-0p1,stages_bg_stages_morphtok_min5_BGMTMMM1_BGMTMMM2_BGMTMMM3_BGMTMMM4_BGMTMMM5__ps-0p005__bias-0p1__cb-0p1__nbm-lhs-parsed__nbe-0p01__nbmin-0p1__lex-from-prev__ls-0p1__05_BGMTMMM5
,BGMTMMM,5,0.005,0.0,0.05,0.632549,0.248901,-7.635862,stages_bg_stages_morphtok_min5_BGMTMMM1_BGMTMMM2_BGMTMMM3_BGMTMMM4_BGMTMMM5__ps-0p005__bias-0p1__cb-0p1__nbm-lhs-parsed__nbe-0p05__nbmin-0p1__lex-from-prev__ls-0p0,stages_bg_stages_morphtok_min5_BGMTMMM1_BGMTMMM2_BGMTMMM3_BGMTMMM4_BGMTMMM5__ps-0p005__bias-0p1__cb-0p1__nbm-lhs-parsed__nbe-0p05__nbmin-0p1__lex-from-prev__ls-0p0__05_BGMTMMM5
,BGMTMMM,5,0.005,0.001,0.05,0.632012,0.248850,-7.630058,stages_bg_stages_morphtok_min5_BGMTMMM1_BGMTMMM2_BGMTMMM3_BGMTMMM4_BGMTMMM5__ps-0p005__bias-0p1__cb-0p1__nbm-lhs-parsed__nbe-0p05__nbmin-0p1__lex-from-prev__ls-0p001,stages_bg_stages_morphtok_min5_BGMTMMM1_BGMTMMM2_BGMTMMM3_BGMTMMM4_BGMTMMM5__ps-0p005__bias-0p1__cb-0p1__nbm-lhs-parsed__nbe-0p05__nbmin-0p1__lex-from-prev__ls-0p001__05_BGMTMMM5
,BGMTMMM,5,0.005,0.01,0.05,0.635132,0.248835,-7.634245,stages_bg_stages_morphtok_min5_BGMTMMM1_BGMTMMM2_BGMTMMM3_BGMTMMM4_BGMTMMM5__ps-0p005__bias-0p1__cb-0p1__nbm-lhs-parsed__nbe-0p05__nbmin-0p1__lex-from-prev__ls-0p01,stages_bg_stages_morphtok_min5_BGMTMMM1_BGMTMMM2_BGMTMMM3_BGMTMMM4_BGMTMMM5__ps-0p005__bias-0p1__cb-0p1__nbm-lhs-parsed__nbe-0p05__nbmin-0p1__lex-from-prev__ls-0p01__05_BGMTMMM5
,BGMTMMM,5,0.005,0.1,0.05,0.633477,0.250214,-7.624945,stages_bg_stages_morphtok_min5_BGMTMMM1_BGMTMMM2_BGMTMMM3_BGMTMMM4_BGMTMMM5__ps-0p005__bias-0p1__cb-0p1__nbm-lhs-parsed__nbe-0p05__nbmin-0p1__lex-from-prev__ls-0p1,stages_bg_stages_morphtok_min5_BGMTMMM1_BGMTMMM2_BGMTMMM3_BGMTMMM4_BGMTMMM5__ps-0p005__bias-0p1__cb-0p1__nbm-lhs-parsed__nbe-0p05__nbmin-0p1__lex-from-prev__ls-0p1__05_BGMTMMM5
,BGMTMMM,5,0.01,0.0,0.001,0.637200,0.254701,-7.634158,stages_bg_stages_morphtok_min5_BGMTMMM1_BGMTMMM2_BGMTMMM3_BGMTMMM4_BGMTMMM5__ps-0p01__bias-0p1__cb-0p1__nbm-lhs-parsed__nbe-0p001__nbmin-0p1__lex-from-prev__ls-0p0,stages_bg_stages_morphtok_min5_BGMTMMM1_BGMTMMM2_BGMTMMM3_BGMTMMM4_BGMTMMM5__ps-0p01__bias-0p1__cb-0p1__nbm-lhs-parsed__nbe-0p001__nbmin-0p1__lex-from-prev__ls-0p0__05_BGMTMMM5
,BGMTMMM,5,0.01,0.001,0.001,0.636384,0.254661,-7.628403,stages_bg_stages_morphtok_min5_BGMTMMM1_BGMTMMM2_BGMTMMM3_BGMTMMM4_BGMTMMM5__ps-0p01__bias-0p1__cb-0p1__nbm-lhs-parsed__nbe-0p001__nbmin-0p1__lex-from-prev__ls-0p001,stages_bg_stages_morphtok_min5_BGMTMMM1_BGMTMMM2_BGMTMMM3_BGMTMMM4_BGMTMMM5__ps-0p01__bias-0p1__cb-0p1__nbm-lhs-parsed__nbe-0p001__nbmin-0p1__lex-from-prev__ls-0p001__05_BGMTMMM5
,BGMTMMM,5,0.01,0.01,0.001,0.636243,0.254592,-7.633050,stages_bg_stages_morphtok_min5_BGMTMMM1_BGMTMMM2_BGMTMMM3_BGMTMMM4_BGMTMMM5__ps-0p01__bias-0p1__cb-0p1__nbm-lhs-parsed__nbe-0p001__nbmin-0p1__lex-from-prev__ls-0p01,stages_bg_stages_morphtok_min5_BGMTMMM1_BGMTMMM2_BGMTMMM3_BGMTMMM4_BGMTMMM5__ps-0p01__bias-0p1__cb-0p1__nbm-lhs-parsed__nbe-0p001__nbmin-0p1__lex-from-prev__ls-0p01__05_BGMTMMM5
,BGMTMMM,5,0.01,0.1,0.001,0.635208,0.255981,-7.622567,stages_bg_stages_morphtok_min5_BGMTMMM1_BGMTMMM2_BGMTMMM3_BGMTMMM4_BGMTMMM5__ps-0p01__bias-0p1__cb-0p1__nbm-lhs-parsed__nbe-0p001__nbmin-0p1__lex-from-prev__ls-0p1,stages_bg_stages_morphtok_min5_BGMTMMM1_BGMTMMM2_BGMTMMM3_BGMTMMM4_BGMTMMM5__ps-0p01__bias-0p1__cb-0p1__nbm-lhs-parsed__nbe-0p001__nbmin-0p1__lex-from-prev__ls-0p1__05_BGMTMMM5
,BGMTMMM,5,0.01,0.0,0.005,0.637492,0.254008,-7.634093,stages_bg_stages_morphtok_min5_BGMTMMM1_BGMTMMM2_BGMTMMM3_BGMTMMM4_BGMTMMM5__ps-0p01__bias-0p1__cb-0p1__nbm-lhs-parsed__nbe-0p005__nbmin-0p1__lex-from-prev__ls-0p0,stages_bg_stages_morphtok_min5_BGMTMMM1_BGMTMMM2_BGMTMMM3_BGMTMMM4_BGMTMMM5__ps-0p01__bias-0p1__cb-0p1__nbm-lhs-parsed__nbe-0p005__nbmin-0p1__lex-from-prev__ls-0p0__05_BGMTMMM5
,BGMTMMM,5,0.01,0.001,0.005,0.636676,0.253973,-7.628338,stages_bg_stages_morphtok_min5_BGMTMMM1_BGMTMMM2_BGMTMMM3_BGMTMMM4_BGMTMMM5__ps-0p01__bias-0p1__cb-0p1__nbm-lhs-parsed__nbe-0p005__nbmin-0p1__lex-from-prev__ls-0p001,stages_bg_stages_morphtok_min5_BGMTMMM1_BGMTMMM2_BGMTMMM3_BGMTMMM4_BGMTMMM5__ps-0p01__bias-0p1__cb-0p1__nbm-lhs-parsed__nbe-0p005__nbmin-0p1__lex-from-prev__ls-0p001__05_BGMTMMM5
,BGMTMMM,5,0.01,0.01,0.005,0.636243,0.253887,-7.632994,stages_bg_stages_morphtok_min5_BGMTMMM1_BGMTMMM2_BGMTMMM3_BGMTMMM4_BGMTMMM5__ps-0p01__bias-0p1__cb-0p1__nbm-lhs-parsed__nbe-0p005__nbmin-0p1__lex-from-prev__ls-0p01,stages_bg_stages_morphtok_min5_BGMTMMM1_BGMTMMM2_BGMTMMM3_BGMTMMM4_BGMTMMM5__ps-0p01__bias-0p1__cb-0p1__nbm-lhs-parsed__nbe-0p005__nbmin-0p1__lex-from-prev__ls-0p01__05_BGMTMMM5
,BGMTMMM,5,0.01,0.1,0.005,0.635429,0.254775,-7.622509,stages_bg_stages_morphtok_min5_BGMTMMM1_BGMTMMM2_BGMTMMM3_BGMTMMM4_BGMTMMM5__ps-0p01__bias-0p1__cb-0p1__nbm-lhs-parsed__nbe-0p005__nbmin-0p1__lex-from-prev__ls-0p1,stages_bg_stages_morphtok_min5_BGMTMMM1_BGMTMMM2_BGMTMMM3_BGMTMMM4_BGMTMMM5__ps-0p01__bias-0p1__cb-0p1__nbm-lhs-parsed__nbe-0p005__nbmin-0p1__lex-from-prev__ls-0p1__05_BGMTMMM5
,BGMTMMM,5,0.01,0.0,0.01,0.637492,0.253098,-7.633974,stages_bg_stages_morphtok_min5_BGMTMMM1_BGMTMMM2_BGMTMMM3_BGMTMMM4_BGMTMMM5__ps-0p01__bias-0p1__cb-0p1__nbm-lhs-parsed__nbe-0p01__nbmin-0p1__lex-from-prev__ls-0p0,stages_bg_stages_morphtok_min5_BGMTMMM1_BGMTMMM2_BGMTMMM3_BGMTMMM4_BGMTMMM5__ps-0p01__bias-0p1__cb-0p1__nbm-lhs-parsed__nbe-0p01__nbmin-0p1__lex-from-prev__ls-0p0__05_BGMTMMM5
,BGMTMMM,5,0.01,0.001,0.01,0.636827,0.253063,-7.628208,stages_bg_stages_morphtok_min5_BGMTMMM1_BGMTMMM2_BGMTMMM3_BGMTMMM4_BGMTMMM5__ps-0p01__bias-0p1__cb-0p1__nbm-lhs-parsed__nbe-0p01__nbmin-0p1__lex-from-prev__ls-0p001,stages_bg_stages_morphtok_min5_BGMTMMM1_BGMTMMM2_BGMTMMM3_BGMTMMM4_BGMTMMM5__ps-0p01__bias-0p1__cb-0p1__nbm-lhs-parsed__nbe-0p01__nbmin-0p1__lex-from-prev__ls-0p001__05_BGMTMMM5
,BGMTMMM,5,0.01,0.01,0.01,0.636615,0.252969,-7.632864,stages_bg_stages_morphtok_min5_BGMTMMM1_BGMTMMM2_BGMTMMM3_BGMTMMM4_BGMTMMM5__ps-0p01__bias-0p1__cb-0p1__nbm-lhs-parsed__nbe-0p01__nbmin-0p1__lex-from-prev__ls-0p01,stages_bg_stages_morphtok_min5_BGMTMMM1_BGMTMMM2_BGMTMMM3_BGMTMMM4_BGMTMMM5__ps-0p01__bias-0p1__cb-0p1__nbm-lhs-parsed__nbe-0p01__nbmin-0p1__lex-from-prev__ls-0p01__05_BGMTMMM5
,BGMTMMM,5,0.01,0.1,0.01,0.634836,0.253610,-7.622387,stages_bg_stages_morphtok_min5_BGMTMMM1_BGMTMMM2_BGMTMMM3_BGMTMMM4_BGMTMMM5__ps-0p01__bias-0p1__cb-0p1__nbm-lhs-parsed__nbe-0p01__nbmin-0p1__lex-from-prev__ls-0p1,stages_bg_stages_morphtok_min5_BGMTMMM1_BGMTMMM2_BGMTMMM3_BGMTMMM4_BGMTMMM5__ps-0p01__bias-0p1__cb-0p1__nbm-lhs-parsed__nbe-0p01__nbmin-0p1__lex-from-prev__ls-0p1__05_BGMTMMM5
,BGMTMMM,5,0.01,0.0,0.05,0.636837,0.249255,-7.632585,stages_bg_stages_morphtok_min5_BGMTMMM1_BGMTMMM2_BGMTMMM3_BGMTMMM4_BGMTMMM5__ps-0p01__bias-0p1__cb-0p1__nbm-lhs-parsed__nbe-0p05__nbmin-0p1__lex-from-prev__ls-0p0,stages_bg_stages_morphtok_min5_BGMTMMM1_BGMTMMM2_BGMTMMM3_BGMTMMM4_BGMTMMM5__ps-0p01__bias-0p1__cb-0p1__nbm-lhs-parsed__nbe-0p05__nbmin-0p1__lex-from-prev__ls-0p0__05_BGMTMMM5
,BGMTMMM,5,0.01,0.001,0.05,0.634892,0.249300,-7.626735,stages_bg_stages_morphtok_min5_BGMTMMM1_BGMTMMM2_BGMTMMM3_BGMTMMM4_BGMTMMM5__ps-0p01__bias-0p1__cb-0p1__nbm-lhs-parsed__nbe-0p05__nbmin-0p1__lex-from-prev__ls-0p001,stages_bg_stages_morphtok_min5_BGMTMMM1_BGMTMMM2_BGMTMMM3_BGMTMMM4_BGMTMMM5__ps-0p01__bias-0p1__cb-0p1__nbm-lhs-parsed__nbe-0p05__nbmin-0p1__lex-from-prev__ls-0p001__05_BGMTMMM5
,BGMTMMM,5,0.01,0.01,0.05,0.635276,0.249307,-7.631382,stages_bg_stages_morphtok_min5_BGMTMMM1_BGMTMMM2_BGMTMMM3_BGMTMMM4_BGMTMMM5__ps-0p01__bias-0p1__cb-0p1__nbm-lhs-parsed__nbe-0p05__nbmin-0p1__lex-from-prev__ls-0p01,stages_bg_stages_morphtok_min5_BGMTMMM1_BGMTMMM2_BGMTMMM3_BGMTMMM4_BGMTMMM5__ps-0p01__bias-0p1__cb-0p1__nbm-lhs-parsed__nbe-0p05__nbmin-0p1__lex-from-prev__ls-0p01__05_BGMTMMM5
,BGMTMMM,5,0.01,0.1,0.05,0.635128,0.250372,-7.621209,stages_bg_stages_morphtok_min5_BGMTMMM1_BGMTMMM2_BGMTMMM3_BGMTMMM4_BGMTMMM5__ps-0p01__bias-0p1__cb-0p1__nbm-lhs-parsed__nbe-0p05__nbmin-0p1__lex-from-prev__ls-0p1,stages_bg_stages_morphtok_min5_BGMTMMM1_BGMTMMM2_BGMTMMM3_BGMTMMM4_BGMTMMM5__ps-0p01__bias-0p1__cb-0p1__nbm-lhs-parsed__nbe-0p05__nbmin-0p1__lex-from-prev__ls-0p1__05_BGMTMMM5
,BGMTMMM,5,0.05,0.0,0.001,0.637358,0.260372,-7.635302,stages_bg_stages_morphtok_min5_BGMTMMM1_BGMTMMM2_BGMTMMM3_BGMTMMM4_BGMTMMM5__ps-0p05__bias-0p1__cb-0p1__nbm-lhs-parsed__nbe-0p001__nbmin-0p1__lex-from-prev__ls-0p0,stages_bg_stages_morphtok_min5_BGMTMMM1_BGMTMMM2_BGMTMMM3_BGMTMMM4_BGMTMMM5__ps-0p05__bias-0p1__cb-0p1__nbm-lhs-parsed__nbe-0p001__nbmin-0p1__lex-from-prev__ls-0p0__05_BGMTMMM5
,BGMTMMM,5,0.05,0.001,0.001,0.637861,0.260527,-7.628215,stages_bg_stages_morphtok_min5_BGMTMMM1_BGMTMMM2_BGMTMMM3_BGMTMMM4_BGMTMMM5__ps-0p05__bias-0p1__cb-0p1__nbm-lhs-parsed__nbe-0p001__nbmin-0p1__lex-from-prev__ls-0p001,stages_bg_stages_morphtok_min5_BGMTMMM1_BGMTMMM2_BGMTMMM3_BGMTMMM4_BGMTMMM5__ps-0p05__bias-0p1__cb-0p1__nbm-lhs-parsed__nbe-0p001__nbmin-0p1__lex-from-prev__ls-0p001__05_BGMTMMM5
,BGMTMMM,5,0.05,0.01,0.001,0.636876,0.260449,-7.634319,stages_bg_stages_morphtok_min5_BGMTMMM1_BGMTMMM2_BGMTMMM3_BGMTMMM4_BGMTMMM5__ps-0p05__bias-0p1__cb-0p1__nbm-lhs-parsed__nbe-0p001__nbmin-0p1__lex-from-prev__ls-0p01,stages_bg_stages_morphtok_min5_BGMTMMM1_BGMTMMM2_BGMTMMM3_BGMTMMM4_BGMTMMM5__ps-0p05__bias-0p1__cb-0p1__nbm-lhs-parsed__nbe-0p001__nbmin-0p1__lex-from-prev__ls-0p01__05_BGMTMMM5
,BGMTMMM,5,0.05,0.1,0.001,0.629560,0.261025,-7.621427,stages_bg_stages_morphtok_min5_BGMTMMM1_BGMTMMM2_BGMTMMM3_BGMTMMM4_BGMTMMM5__ps-0p05__bias-0p1__cb-0p1__nbm-lhs-parsed__nbe-0p001__nbmin-0p1__lex-from-prev__ls-0p1,stages_bg_stages_morphtok_min5_BGMTMMM1_BGMTMMM2_BGMTMMM3_BGMTMMM4_BGMTMMM5__ps-0p05__bias-0p1__cb-0p1__nbm-lhs-parsed__nbe-0p001__nbmin-0p1__lex-from-prev__ls-0p1__05_BGMTMMM5
,BGMTMMM,5,0.05,0.0,0.005,0.637499,0.255858,-7.635021,stages_bg_stages_morphtok_min5_BGMTMMM1_BGMTMMM2_BGMTMMM3_BGMTMMM4_BGMTMMM5__ps-0p05__bias-0p1__cb-0p1__nbm-lhs-parsed__nbe-0p005__nbmin-0p1__lex-from-prev__ls-0p0,stages_bg_stages_morphtok_min5_BGMTMMM1_BGMTMMM2_BGMTMMM3_BGMTMMM4_BGMTMMM5__ps-0p05__bias-0p1__cb-0p1__nbm-lhs-parsed__nbe-0p005__nbmin-0p1__lex-from-prev__ls-0p0__05_BGMTMMM5
,BGMTMMM,5,0.05,0.001,0.005,0.637268,0.256007,-7.627918,stages_bg_stages_morphtok_min5_BGMTMMM1_BGMTMMM2_BGMTMMM3_BGMTMMM4_BGMTMMM5__ps-0p05__bias-0p1__cb-0p1__nbm-lhs-parsed__nbe-0p005__nbmin-0p1__lex-from-prev__ls-0p001,stages_bg_stages_morphtok_min5_BGMTMMM1_BGMTMMM2_BGMTMMM3_BGMTMMM4_BGMTMMM5__ps-0p05__bias-0p1__cb-0p1__nbm-lhs-parsed__nbe-0p005__nbmin-0p1__lex-from-prev__ls-0p001__05_BGMTMMM5
,BGMTMMM,5,0.05,0.01,0.005,0.636645,0.255897,-7.634046,stages_bg_stages_morphtok_min5_BGMTMMM1_BGMTMMM2_BGMTMMM3_BGMTMMM4_BGMTMMM5__ps-0p05__bias-0p1__cb-0p1__nbm-lhs-parsed__nbe-0p005__nbmin-0p1__lex-from-prev__ls-0p01,stages_bg_stages_morphtok_min5_BGMTMMM1_BGMTMMM2_BGMTMMM3_BGMTMMM4_BGMTMMM5__ps-0p05__bias-0p1__cb-0p1__nbm-lhs-parsed__nbe-0p005__nbmin-0p1__lex-from-prev__ls-0p01__05_BGMTMMM5
,BGMTMMM,5,0.05,0.1,0.005,0.630225,0.255660,-7.620811,stages_bg_stages_morphtok_min5_BGMTMMM1_BGMTMMM2_BGMTMMM3_BGMTMMM4_BGMTMMM5__ps-0p05__bias-0p1__cb-0p1__nbm-lhs-parsed__nbe-0p005__nbmin-0p1__lex-from-prev__ls-0p1,stages_bg_stages_morphtok_min5_BGMTMMM1_BGMTMMM2_BGMTMMM3_BGMTMMM4_BGMTMMM5__ps-0p05__bias-0p1__cb-0p1__nbm-lhs-parsed__nbe-0p005__nbmin-0p1__lex-from-prev__ls-0p1__05_BGMTMMM5
,BGMTMMM,5,0.05,0.0,0.01,0.637047,0.252774,-7.633251,stages_bg_stages_morphtok_min5_BGMTMMM1_BGMTMMM2_BGMTMMM3_BGMTMMM4_BGMTMMM5__ps-0p05__bias-0p1__cb-0p1__nbm-lhs-parsed__nbe-0p01__nbmin-0p1__lex-from-prev__ls-0p0,stages_bg_stages_morphtok_min5_BGMTMMM1_BGMTMMM2_BGMTMMM3_BGMTMMM4_BGMTMMM5__ps-0p05__bias-0p1__cb-0p1__nbm-lhs-parsed__nbe-0p01__nbmin-0p1__lex-from-prev__ls-0p0__05_BGMTMMM5
,BGMTMMM,5,0.05,0.001,0.01,0.637338,0.252950,-7.626083,stages_bg_stages_morphtok_min5_BGMTMMM1_BGMTMMM2_BGMTMMM3_BGMTMMM4_BGMTMMM5__ps-0p05__bias-0p1__cb-0p1__nbm-lhs-parsed__nbe-0p01__nbmin-0p1__lex-from-prev__ls-0p001,stages_bg_stages_morphtok_min5_BGMTMMM1_BGMTMMM2_BGMTMMM3_BGMTMMM4_BGMTMMM5__ps-0p05__bias-0p1__cb-0p1__nbm-lhs-parsed__nbe-0p01__nbmin-0p1__lex-from-prev__ls-0p001__05_BGMTMMM5
,BGMTMMM,5,0.05,0.01,0.01,0.637088,0.252847,-7.632109,stages_bg_stages_morphtok_min5_BGMTMMM1_BGMTMMM2_BGMTMMM3_BGMTMMM4_BGMTMMM5__ps-0p05__bias-0p1__cb-0p1__nbm-lhs-parsed__nbe-0p01__nbmin-0p1__lex-from-prev__ls-0p01,stages_bg_stages_morphtok_min5_BGMTMMM1_BGMTMMM2_BGMTMMM3_BGMTMMM4_BGMTMMM5__ps-0p05__bias-0p1__cb-0p1__nbm-lhs-parsed__nbe-0p01__nbmin-0p1__lex-from-prev__ls-0p01__05_BGMTMMM5
,BGMTMMM,5,0.05,0.1,0.01,0.630750,0.252659,-7.619278,stages_bg_stages_morphtok_min5_BGMTMMM1_BGMTMMM2_BGMTMMM3_BGMTMMM4_BGMTMMM5__ps-0p05__bias-0p1__cb-0p1__nbm-lhs-parsed__nbe-0p01__nbmin-0p1__lex-from-prev__ls-0p1,stages_bg_stages_morphtok_min5_BGMTMMM1_BGMTMMM2_BGMTMMM3_BGMTMMM4_BGMTMMM5__ps-0p05__bias-0p1__cb-0p1__nbm-lhs-parsed__nbe-0p01__nbmin-0p1__lex-from-prev__ls-0p1__05_BGMTMMM5
,BGMTMMM,5,0.05,0.0,0.05,0.636736,0.245253,-7.625656,stages_bg_stages_morphtok_min5_BGMTMMM1_BGMTMMM2_BGMTMMM3_BGMTMMM4_BGMTMMM5__ps-0p05__bias-0p1__cb-0p1__nbm-lhs-parsed__nbe-0p05__nbmin-0p1__lex-from-prev__ls-0p0,stages_bg_stages_morphtok_min5_BGMTMMM1_BGMTMMM2_BGMTMMM3_BGMTMMM4_BGMTMMM5__ps-0p05__bias-0p1__cb-0p1__nbm-lhs-parsed__nbe-0p05__nbmin-0p1__lex-from-prev__ls-0p0__05_BGMTMMM5
,BGMTMMM,5,0.05,0.001,0.05,0.637098,0.245486,-7.618393,stages_bg_stages_morphtok_min5_BGMTMMM1_BGMTMMM2_BGMTMMM3_BGMTMMM4_BGMTMMM5__ps-0p05__bias-0p1__cb-0p1__nbm-lhs-parsed__nbe-0p05__nbmin-0p1__lex-from-prev__ls-0p001,stages_bg_stages_morphtok_min5_BGMTMMM1_BGMTMMM2_BGMTMMM3_BGMTMMM4_BGMTMMM5__ps-0p05__bias-0p1__cb-0p1__nbm-lhs-parsed__nbe-0p05__nbmin-0p1__lex-from-prev__ls-0p001__05_BGMTMMM5
,BGMTMMM,5,0.05,0.01,0.05,0.637460,0.245383,-7.624348,stages_bg_stages_morphtok_min5_BGMTMMM1_BGMTMMM2_BGMTMMM3_BGMTMMM4_BGMTMMM5__ps-0p05__bias-0p1__cb-0p1__nbm-lhs-parsed__nbe-0p05__nbmin-0p1__lex-from-prev__ls-0p01,stages_bg_stages_morphtok_min5_BGMTMMM1_BGMTMMM2_BGMTMMM3_BGMTMMM4_BGMTMMM5__ps-0p05__bias-0p1__cb-0p1__nbm-lhs-parsed__nbe-0p05__nbmin-0p1__lex-from-prev__ls-0p01__05_BGMTMMM5
,BGMTMMM,5,0.05,0.1,0.05,0.630295,0.245566,-7.614728,stages_bg_stages_morphtok_min5_BGMTMMM1_BGMTMMM2_BGMTMMM3_BGMTMMM4_BGMTMMM5__ps-0p05__bias-0p1__cb-0p1__nbm-lhs-parsed__nbe-0p05__nbmin-0p1__lex-from-prev__ls-0p1,stages_bg_stages_morphtok_min5_BGMTMMM1_BGMTMMM2_BGMTMMM3_BGMTMMM4_BGMTMMM5__ps-0p05__bias-0p1__cb-0p1__nbm-lhs-parsed__nbe-0p05__nbmin-0p1__lex-from-prev__ls-0p1__05_BGMTMMM5
,BGMTMMM,5,0.1,0.0,0.001,0.622172,0.260920,-7.646217,stages_bg_stages_morphtok_min5_BGMTMMM1_BGMTMMM2_BGMTMMM3_BGMTMMM4_BGMTMMM5__ps-0p1__bias-0p1__cb-0p1__nbm-lhs-parsed__nbe-0p001__nbmin-0p1__lex-from-prev__ls-0p0,stages_bg_stages_morphtok_min5_BGMTMMM1_BGMTMMM2_BGMTMMM3_BGMTMMM4_BGMTMMM5__ps-0p1__bias-0p1__cb-0p1__nbm-lhs-parsed__nbe-0p001__nbmin-0p1__lex-from-prev__ls-0p0__05_BGMTMMM5
,BGMTMMM,5,0.1,0.001,0.001,0.624174,0.260910,-7.639178,stages_bg_stages_morphtok_min5_BGMTMMM1_BGMTMMM2_BGMTMMM3_BGMTMMM4_BGMTMMM5__ps-0p1__bias-0p1__cb-0p1__nbm-lhs-parsed__nbe-0p001__nbmin-0p1__lex-from-prev__ls-0p001,stages_bg_stages_morphtok_min5_BGMTMMM1_BGMTMMM2_BGMTMMM3_BGMTMMM4_BGMTMMM5__ps-0p1__bias-0p1__cb-0p1__nbm-lhs-parsed__nbe-0p001__nbmin-0p1__lex-from-prev__ls-0p001__05_BGMTMMM5
,BGMTMMM,5,0.1,0.01,0.001,0.622690,0.260971,-7.645224,stages_bg_stages_morphtok_min5_BGMTMMM1_BGMTMMM2_BGMTMMM3_BGMTMMM4_BGMTMMM5__ps-0p1__bias-0p1__cb-0p1__nbm-lhs-parsed__nbe-0p001__nbmin-0p1__lex-from-prev__ls-0p01,stages_bg_stages_morphtok_min5_BGMTMMM1_BGMTMMM2_BGMTMMM3_BGMTMMM4_BGMTMMM5__ps-0p1__bias-0p1__cb-0p1__nbm-lhs-parsed__nbe-0p001__nbmin-0p1__lex-from-prev__ls-0p01__05_BGMTMMM5
,BGMTMMM,5,0.1,0.1,0.001,0.618797,0.261685,-7.632901,stages_bg_stages_morphtok_min5_BGMTMMM1_BGMTMMM2_BGMTMMM3_BGMTMMM4_BGMTMMM5__ps-0p1__bias-0p1__cb-0p1__nbm-lhs-parsed__nbe-0p001__nbmin-0p1__lex-from-prev__ls-0p1,stages_bg_stages_morphtok_min5_BGMTMMM1_BGMTMMM2_BGMTMMM3_BGMTMMM4_BGMTMMM5__ps-0p1__bias-0p1__cb-0p1__nbm-lhs-parsed__nbe-0p001__nbmin-0p1__lex-from-prev__ls-0p1__05_BGMTMMM5
,BGMTMMM,5,0.1,0.0,0.005,0.622859,0.254927,-7.643617,stages_bg_stages_morphtok_min5_BGMTMMM1_BGMTMMM2_BGMTMMM3_BGMTMMM4_BGMTMMM5__ps-0p1__bias-0p1__cb-0p1__nbm-lhs-parsed__nbe-0p005__nbmin-0p1__lex-from-prev__ls-0p0,stages_bg_stages_morphtok_min5_BGMTMMM1_BGMTMMM2_BGMTMMM3_BGMTMMM4_BGMTMMM5__ps-0p1__bias-0p1__cb-0p1__nbm-lhs-parsed__nbe-0p005__nbmin-0p1__lex-from-prev__ls-0p0__05_BGMTMMM5
,BGMTMMM,5,0.1,0.001,0.005,0.624104,0.254831,-7.636551,stages_bg_stages_morphtok_min5_BGMTMMM1_BGMTMMM2_BGMTMMM3_BGMTMMM4_BGMTMMM5__ps-0p1__bias-0p1__cb-0p1__nbm-lhs-parsed__nbe-0p005__nbmin-0p1__lex-from-prev__ls-0p001,stages_bg_stages_morphtok_min5_BGMTMMM1_BGMTMMM2_BGMTMMM3_BGMTMMM4_BGMTMMM5__ps-0p1__bias-0p1__cb-0p1__nbm-lhs-parsed__nbe-0p005__nbmin-0p1__lex-from-prev__ls-0p001__05_BGMTMMM5
,BGMTMMM,5,0.1,0.01,0.005,0.623979,0.254753,-7.642497,stages_bg_stages_morphtok_min5_BGMTMMM1_BGMTMMM2_BGMTMMM3_BGMTMMM4_BGMTMMM5__ps-0p1__bias-0p1__cb-0p1__nbm-lhs-parsed__nbe-0p005__nbmin-0p1__lex-from-prev__ls-0p01,stages_bg_stages_morphtok_min5_BGMTMMM1_BGMTMMM2_BGMTMMM3_BGMTMMM4_BGMTMMM5__ps-0p1__bias-0p1__cb-0p1__nbm-lhs-parsed__nbe-0p005__nbmin-0p1__lex-from-prev__ls-0p01__05_BGMTMMM5
,BGMTMMM,5,0.1,0.1,0.005,0.619021,0.254241,-7.631309,stages_bg_stages_morphtok_min5_BGMTMMM1_BGMTMMM2_BGMTMMM3_BGMTMMM4_BGMTMMM5__ps-0p1__bias-0p1__cb-0p1__nbm-lhs-parsed__nbe-0p005__nbmin-0p1__lex-from-prev__ls-0p1,stages_bg_stages_morphtok_min5_BGMTMMM1_BGMTMMM2_BGMTMMM3_BGMTMMM4_BGMTMMM5__ps-0p1__bias-0p1__cb-0p1__nbm-lhs-parsed__nbe-0p005__nbmin-0p1__lex-from-prev__ls-0p1__05_BGMTMMM5
,BGMTMMM,5,0.1,0.0,0.01,0.622929,0.251411,-7.640583,stages_bg_stages_morphtok_min5_BGMTMMM1_BGMTMMM2_BGMTMMM3_BGMTMMM4_BGMTMMM5__ps-0p1__bias-0p1__cb-0p1__nbm-lhs-parsed__nbe-0p01__nbmin-0p1__lex-from-prev__ls-0p0,stages_bg_stages_morphtok_min5_BGMTMMM1_BGMTMMM2_BGMTMMM3_BGMTMMM4_BGMTMMM5__ps-0p1__bias-0p1__cb-0p1__nbm-lhs-parsed__nbe-0p01__nbmin-0p1__lex-from-prev__ls-0p0__05_BGMTMMM5
,BGMTMMM,5,0.1,0.001,0.01,0.624342,0.251390,-7.633535,stages_bg_stages_morphtok_min5_BGMTMMM1_BGMTMMM2_BGMTMMM3_BGMTMMM4_BGMTMMM5__ps-0p1__bias-0p1__cb-0p1__nbm-lhs-parsed__nbe-0p01__nbmin-0p1__lex-from-prev__ls-0p001,stages_bg_stages_morphtok_min5_BGMTMMM1_BGMTMMM2_BGMTMMM3_BGMTMMM4_BGMTMMM5__ps-0p1__bias-0p1__cb-0p1__nbm-lhs-parsed__nbe-0p01__nbmin-0p1__lex-from-prev__ls-0p001__05_BGMTMMM5
,BGMTMMM,5,0.1,0.01,0.01,0.624804,0.251255,-7.639338,stages_bg_stages_morphtok_min5_BGMTMMM1_BGMTMMM2_BGMTMMM3_BGMTMMM4_BGMTMMM5__ps-0p1__bias-0p1__cb-0p1__nbm-lhs-parsed__nbe-0p01__nbmin-0p1__lex-from-prev__ls-0p01,stages_bg_stages_morphtok_min5_BGMTMMM1_BGMTMMM2_BGMTMMM3_BGMTMMM4_BGMTMMM5__ps-0p1__bias-0p1__cb-0p1__nbm-lhs-parsed__nbe-0p01__nbmin-0p1__lex-from-prev__ls-0p01__05_BGMTMMM5
,BGMTMMM,5,0.1,0.1,0.01,0.621277,0.250463,-7.630127,stages_bg_stages_morphtok_min5_BGMTMMM1_BGMTMMM2_BGMTMMM3_BGMTMMM4_BGMTMMM5__ps-0p1__bias-0p1__cb-0p1__nbm-lhs-parsed__nbe-0p01__nbmin-0p1__lex-from-prev__ls-0p1,stages_bg_stages_morphtok_min5_BGMTMMM1_BGMTMMM2_BGMTMMM3_BGMTMMM4_BGMTMMM5__ps-0p1__bias-0p1__cb-0p1__nbm-lhs-parsed__nbe-0p01__nbmin-0p1__lex-from-prev__ls-0p1__05_BGMTMMM5
,BGMTMMM,5,0.1,0.0,0.05,0.626048,0.241571,-7.632991,stages_bg_stages_morphtok_min5_BGMTMMM1_BGMTMMM2_BGMTMMM3_BGMTMMM4_BGMTMMM5__ps-0p1__bias-0p1__cb-0p1__nbm-lhs-parsed__nbe-0p05__nbmin-0p1__lex-from-prev__ls-0p0,stages_bg_stages_morphtok_min5_BGMTMMM1_BGMTMMM2_BGMTMMM3_BGMTMMM4_BGMTMMM5__ps-0p1__bias-0p1__cb-0p1__nbm-lhs-parsed__nbe-0p05__nbmin-0p1__lex-from-prev__ls-0p0__05_BGMTMMM5
,BGMTMMM,5,0.1,0.001,0.05,0.627390,0.241656,-7.626215,stages_bg_stages_morphtok_min5_BGMTMMM1_BGMTMMM2_BGMTMMM3_BGMTMMM4_BGMTMMM5__ps-0p1__bias-0p1__cb-0p1__nbm-lhs-parsed__nbe-0p05__nbmin-0p1__lex-from-prev__ls-0p001,stages_bg_stages_morphtok_min5_BGMTMMM1_BGMTMMM2_BGMTMMM3_BGMTMMM4_BGMTMMM5__ps-0p1__bias-0p1__cb-0p1__nbm-lhs-parsed__nbe-0p05__nbmin-0p1__lex-from-prev__ls-0p001__05_BGMTMMM5
,BGMTMMM,5,0.1,0.01,0.05,0.627920,0.241499,-7.632025,stages_bg_stages_morphtok_min5_BGMTMMM1_BGMTMMM2_BGMTMMM3_BGMTMMM4_BGMTMMM5__ps-0p1__bias-0p1__cb-0p1__nbm-lhs-parsed__nbe-0p05__nbmin-0p1__lex-from-prev__ls-0p01,stages_bg_stages_morphtok_min5_BGMTMMM1_BGMTMMM2_BGMTMMM3_BGMTMMM4_BGMTMMM5__ps-0p1__bias-0p1__cb-0p1__nbm-lhs-parsed__nbe-0p05__nbmin-0p1__lex-from-prev__ls-0p01__05_BGMTMMM5
,BGMTMMM,5,0.1,0.1,0.05,0.624231,0.240798,-7.625603,stages_bg_stages_morphtok_min5_BGMTMMM1_BGMTMMM2_BGMTMMM3_BGMTMMM4_BGMTMMM5__ps-0p1__bias-0p1__cb-0p1__nbm-lhs-parsed__nbe-0p05__nbmin-0p1__lex-from-prev__ls-0p1,stages_bg_stages_morphtok_min5_BGMTMMM1_BGMTMMM2_BGMTMMM3_BGMTMMM4_BGMTMMM5__ps-0p1__bias-0p1__cb-0p1__nbm-lhs-parsed__nbe-0p05__nbmin-0p1__lex-from-prev__ls-0p1__05_BGMTMMM5
,BGMTMMM,5,0.2,0.0,0.001,0.611105,0.271376,-7.661510,stages_bg_stages_morphtok_min5_BGMTMMM1_BGMTMMM2_BGMTMMM3_BGMTMMM4_BGMTMMM5__ps-0p2__bias-0p1__cb-0p1__nbm-lhs-parsed__nbe-0p001__nbmin-0p1__lex-from-prev__ls-0p0,stages_bg_stages_morphtok_min5_BGMTMMM1_BGMTMMM2_BGMTMMM3_BGMTMMM4_BGMTMMM5__ps-0p2__bias-0p1__cb-0p1__nbm-lhs-parsed__nbe-0p001__nbmin-0p1__lex-from-prev__ls-0p0__05_BGMTMMM5
,BGMTMMM,5,0.2,0.001,0.001,0.609748,0.271030,-7.654081,stages_bg_stages_morphtok_min5_BGMTMMM1_BGMTMMM2_BGMTMMM3_BGMTMMM4_BGMTMMM5__ps-0p2__bias-0p1__cb-0p1__nbm-lhs-parsed__nbe-0p001__nbmin-0p1__lex-from-prev__ls-0p001,stages_bg_stages_morphtok_min5_BGMTMMM1_BGMTMMM2_BGMTMMM3_BGMTMMM4_BGMTMMM5__ps-0p2__bias-0p1__cb-0p1__nbm-lhs-parsed__nbe-0p001__nbmin-0p1__lex-from-prev__ls-0p001__05_BGMTMMM5
,BGMTMMM,5,0.2,0.01,0.001,0.611853,0.271027,-7.661724,stages_bg_stages_morphtok_min5_BGMTMMM1_BGMTMMM2_BGMTMMM3_BGMTMMM4_BGMTMMM5__ps-0p2__bias-0p1__cb-0p1__nbm-lhs-parsed__nbe-0p001__nbmin-0p1__lex-from-prev__ls-0p01,stages_bg_stages_morphtok_min5_BGMTMMM1_BGMTMMM2_BGMTMMM3_BGMTMMM4_BGMTMMM5__ps-0p2__bias-0p1__cb-0p1__nbm-lhs-parsed__nbe-0p001__nbmin-0p1__lex-from-prev__ls-0p01__05_BGMTMMM5
,BGMTMMM,5,0.2,0.1,0.001,0.608036,0.271796,-7.668589,stages_bg_stages_morphtok_min5_BGMTMMM1_BGMTMMM2_BGMTMMM3_BGMTMMM4_BGMTMMM5__ps-0p2__bias-0p1__cb-0p1__nbm-lhs-parsed__nbe-0p001__nbmin-0p1__lex-from-prev__ls-0p1,stages_bg_stages_morphtok_min5_BGMTMMM1_BGMTMMM2_BGMTMMM3_BGMTMMM4_BGMTMMM5__ps-0p2__bias-0p1__cb-0p1__nbm-lhs-parsed__nbe-0p001__nbmin-0p1__lex-from-prev__ls-0p1__05_BGMTMMM5
,BGMTMMM,5,0.2,0.0,0.005,0.612462,0.263486,-7.655666,stages_bg_stages_morphtok_min5_BGMTMMM1_BGMTMMM2_BGMTMMM3_BGMTMMM4_BGMTMMM5__ps-0p2__bias-0p1__cb-0p1__nbm-lhs-parsed__nbe-0p005__nbmin-0p1__lex-from-prev__ls-0p0,stages_bg_stages_morphtok_min5_BGMTMMM1_BGMTMMM2_BGMTMMM3_BGMTMMM4_BGMTMMM5__ps-0p2__bias-0p1__cb-0p1__nbm-lhs-parsed__nbe-0p005__nbmin-0p1__lex-from-prev__ls-0p0__05_BGMTMMM5
,BGMTMMM,5,0.2,0.001,0.005,0.612097,0.263299,-7.647781,stages_bg_stages_morphtok_min5_BGMTMMM1_BGMTMMM2_BGMTMMM3_BGMTMMM4_BGMTMMM5__ps-0p2__bias-0p1__cb-0p1__nbm-lhs-parsed__nbe-0p005__nbmin-0p1__lex-from-prev__ls-0p001,stages_bg_stages_morphtok_min5_BGMTMMM1_BGMTMMM2_BGMTMMM3_BGMTMMM4_BGMTMMM5__ps-0p2__bias-0p1__cb-0p1__nbm-lhs-parsed__nbe-0p005__nbmin-0p1__lex-from-prev__ls-0p001__05_BGMTMMM5
,BGMTMMM,5,0.2,0.01,0.005,0.613976,0.263236,-7.655517,stages_bg_stages_morphtok_min5_BGMTMMM1_BGMTMMM2_BGMTMMM3_BGMTMMM4_BGMTMMM5__ps-0p2__bias-0p1__cb-0p1__nbm-lhs-parsed__nbe-0p005__nbmin-0p1__lex-from-prev__ls-0p01,stages_bg_stages_morphtok_min5_BGMTMMM1_BGMTMMM2_BGMTMMM3_BGMTMMM4_BGMTMMM5__ps-0p2__bias-0p1__cb-0p1__nbm-lhs-parsed__nbe-0p005__nbmin-0p1__lex-from-prev__ls-0p01__05_BGMTMMM5
,BGMTMMM,5,0.2,0.1,0.005,0.613595,0.262597,-7.660367,stages_bg_stages_morphtok_min5_BGMTMMM1_BGMTMMM2_BGMTMMM3_BGMTMMM4_BGMTMMM5__ps-0p2__bias-0p1__cb-0p1__nbm-lhs-parsed__nbe-0p005__nbmin-0p1__lex-from-prev__ls-0p1,stages_bg_stages_morphtok_min5_BGMTMMM1_BGMTMMM2_BGMTMMM3_BGMTMMM4_BGMTMMM5__ps-0p2__bias-0p1__cb-0p1__nbm-lhs-parsed__nbe-0p005__nbmin-0p1__lex-from-prev__ls-0p1__05_BGMTMMM5
,BGMTMMM,5,0.2,0.0,0.01,0.613315,0.257356,-7.652772,stages_bg_stages_morphtok_min5_BGMTMMM1_BGMTMMM2_BGMTMMM3_BGMTMMM4_BGMTMMM5__ps-0p2__bias-0p1__cb-0p1__nbm-lhs-parsed__nbe-0p01__nbmin-0p1__lex-from-prev__ls-0p0,stages_bg_stages_morphtok_min5_BGMTMMM1_BGMTMMM2_BGMTMMM3_BGMTMMM4_BGMTMMM5__ps-0p2__bias-0p1__cb-0p1__nbm-lhs-parsed__nbe-0p01__nbmin-0p1__lex-from-prev__ls-0p0__05_BGMTMMM5
,BGMTMMM,5,0.2,0.001,0.01,0.614446,0.257258,-7.644782,stages_bg_stages_morphtok_min5_BGMTMMM1_BGMTMMM2_BGMTMMM3_BGMTMMM4_BGMTMMM5__ps-0p2__bias-0p1__cb-0p1__nbm-lhs-parsed__nbe-0p01__nbmin-0p1__lex-from-prev__ls-0p001,stages_bg_stages_morphtok_min5_BGMTMMM1_BGMTMMM2_BGMTMMM3_BGMTMMM4_BGMTMMM5__ps-0p2__bias-0p1__cb-0p1__nbm-lhs-parsed__nbe-0p01__nbmin-0p1__lex-from-prev__ls-0p001__05_BGMTMMM5
,BGMTMMM,5,0.2,0.01,0.01,0.614063,0.257171,-7.652505,stages_bg_stages_morphtok_min5_BGMTMMM1_BGMTMMM2_BGMTMMM3_BGMTMMM4_BGMTMMM5__ps-0p2__bias-0p1__cb-0p1__nbm-lhs-parsed__nbe-0p01__nbmin-0p1__lex-from-prev__ls-0p01,stages_bg_stages_morphtok_min5_BGMTMMM1_BGMTMMM2_BGMTMMM3_BGMTMMM4_BGMTMMM5__ps-0p2__bias-0p1__cb-0p1__nbm-lhs-parsed__nbe-0p01__nbmin-0p1__lex-from-prev__ls-0p01__05_BGMTMMM5
,BGMTMMM,5,0.2,0.1,0.01,0.612499,0.256044,-7.656281,stages_bg_stages_morphtok_min5_BGMTMMM1_BGMTMMM2_BGMTMMM3_BGMTMMM4_BGMTMMM5__ps-0p2__bias-0p1__cb-0p1__nbm-lhs-parsed__nbe-0p01__nbmin-0p1__lex-from-prev__ls-0p1,stages_bg_stages_morphtok_min5_BGMTMMM1_BGMTMMM2_BGMTMMM3_BGMTMMM4_BGMTMMM5__ps-0p2__bias-0p1__cb-0p1__nbm-lhs-parsed__nbe-0p01__nbmin-0p1__lex-from-prev__ls-0p1__05_BGMTMMM5
,BGMTMMM,5,0.2,0.0,0.05,0.615037,0.241189,-7.646903,stages_bg_stages_morphtok_min5_BGMTMMM1_BGMTMMM2_BGMTMMM3_BGMTMMM4_BGMTMMM5__ps-0p2__bias-0p1__cb-0p1__nbm-lhs-parsed__nbe-0p05__nbmin-0p1__lex-from-prev__ls-0p0,stages_bg_stages_morphtok_min5_BGMTMMM1_BGMTMMM2_BGMTMMM3_BGMTMMM4_BGMTMMM5__ps-0p2__bias-0p1__cb-0p1__nbm-lhs-parsed__nbe-0p05__nbmin-0p1__lex-from-prev__ls-0p0__05_BGMTMMM5
,BGMTMMM,5,0.2,0.001,0.05,0.614655,0.241323,-7.639332,stages_bg_stages_morphtok_min5_BGMTMMM1_BGMTMMM2_BGMTMMM3_BGMTMMM4_BGMTMMM5__ps-0p2__bias-0p1__cb-0p1__nbm-lhs-parsed__nbe-0p05__nbmin-0p1__lex-from-prev__ls-0p001,stages_bg_stages_morphtok_min5_BGMTMMM1_BGMTMMM2_BGMTMMM3_BGMTMMM4_BGMTMMM5__ps-0p2__bias-0p1__cb-0p1__nbm-lhs-parsed__nbe-0p05__nbmin-0p1__lex-from-prev__ls-0p001__05_BGMTMMM5
,BGMTMMM,5,0.2,0.01,0.05,0.615801,0.241082,-7.646799,stages_bg_stages_morphtok_min5_BGMTMMM1_BGMTMMM2_BGMTMMM3_BGMTMMM4_BGMTMMM5__ps-0p2__bias-0p1__cb-0p1__nbm-lhs-parsed__nbe-0p05__nbmin-0p1__lex-from-prev__ls-0p01,stages_bg_stages_morphtok_min5_BGMTMMM1_BGMTMMM2_BGMTMMM3_BGMTMMM4_BGMTMMM5__ps-0p2__bias-0p1__cb-0p1__nbm-lhs-parsed__nbe-0p05__nbmin-0p1__lex-from-prev__ls-0p01__05_BGMTMMM5
,BGMTMMM,5,0.2,0.1,0.05,0.616443,0.239718,-7.645527,stages_bg_stages_morphtok_min5_BGMTMMM1_BGMTMMM2_BGMTMMM3_BGMTMMM4_BGMTMMM5__ps-0p2__bias-0p1__cb-0p1__nbm-lhs-parsed__nbe-0p05__nbmin-0p1__lex-from-prev__ls-0p1,stages_bg_stages_morphtok_min5_BGMTMMM1_BGMTMMM2_BGMTMMM3_BGMTMMM4_BGMTMMM5__ps-0p2__bias-0p1__cb-0p1__nbm-lhs-parsed__nbe-0p05__nbmin-0p1__lex-from-prev__ls-0p1__05_BGMTMMM5
mv,BGMTG,5,0.001,0.0,0.001,0.682565,0.292055,-7.647667,stages_bg_stages_morphtok_mv_BGMTG1_BGMTG2_BGMTG3_BGMTG4_BGMTG5__ps-0p001__bias-0p1__cb-0p1__nbm-lhs-parsed__nbe-0p001__nbmin-0p1__lex-from-prev__ls-0p0,stages_bg_stages_morphtok_mv_BGMTG1_BGMTG2_BGMTG3_BGMTG4_BGMTG5__ps-0p001__bias-0p1__cb-0p1__nbm-lhs-parsed__nbe-0p001__nbmin-0p1__lex-from-prev__ls-0p0__05_BGMTG5
mv,BGMTG,5,0.001,0.001,0.001,0.683340,0.291510,-7.645214,stages_bg_stages_morphtok_mv_BGMTG1_BGMTG2_BGMTG3_BGMTG4_BGMTG5__ps-0p001__bias-0p1__cb-0p1__nbm-lhs-parsed__nbe-0p001__nbmin-0p1__lex-from-prev__ls-0p001,stages_bg_stages_morphtok_mv_BGMTG1_BGMTG2_BGMTG3_BGMTG4_BGMTG5__ps-0p001__bias-0p1__cb-0p1__nbm-lhs-parsed__nbe-0p001__nbmin-0p1__lex-from-prev__ls-0p001__05_BGMTG5
mv,BGMTG,5,0.001,0.01,0.001,0.682550,0.291725,-7.643617,stages_bg_stages_morphtok_mv_BGMTG1_BGMTG2_BGMTG3_BGMTG4_BGMTG5__ps-0p001__bias-0p1__cb-0p1__nbm-lhs-parsed__nbe-0p001__nbmin-0p1__lex-from-prev__ls-0p01,stages_bg_stages_morphtok_mv_BGMTG1_BGMTG2_BGMTG3_BGMTG4_BGMTG5__ps-0p001__bias-0p1__cb-0p1__nbm-lhs-parsed__nbe-0p001__nbmin-0p1__lex-from-prev__ls-0p01__05_BGMTG5
mv,BGMTG,5,0.001,0.1,0.001,0.686483,0.300886,-7.636208,stages_bg_stages_morphtok_mv_BGMTG1_BGMTG2_BGMTG3_BGMTG4_BGMTG5__ps-0p001__bias-0p1__cb-0p1__nbm-lhs-parsed__nbe-0p001__nbmin-0p1__lex-from-prev__ls-0p1,stages_bg_stages_morphtok_mv_BGMTG1_BGMTG2_BGMTG3_BGMTG4_BGMTG5__ps-0p001__bias-0p1__cb-0p1__nbm-lhs-parsed__nbe-0p001__nbmin-0p1__lex-from-prev__ls-0p1__05_BGMTG5
mv,BGMTG,5,0.001,0.0,0.005,0.682355,0.292047,-7.647672,stages_bg_stages_morphtok_mv_BGMTG1_BGMTG2_BGMTG3_BGMTG4_BGMTG5__ps-0p001__bias-0p1__cb-0p1__nbm-lhs-parsed__nbe-0p005__nbmin-0p1__lex-from-prev__ls-0p0,stages_bg_stages_morphtok_mv_BGMTG1_BGMTG2_BGMTG3_BGMTG4_BGMTG5__ps-0p001__bias-0p1__cb-0p1__nbm-lhs-parsed__nbe-0p005__nbmin-0p1__lex-from-prev__ls-0p0__05_BGMTG5
mv,BGMTG,5,0.001,0.001,0.005,0.681666,0.291501,-7.645211,stages_bg_stages_morphtok_mv_BGMTG1_BGMTG2_BGMTG3_BGMTG4_BGMTG5__ps-0p001__bias-0p1__cb-0p1__nbm-lhs-parsed__nbe-0p005__nbmin-0p1__lex-from-prev__ls-0p001,stages_bg_stages_morphtok_mv_BGMTG1_BGMTG2_BGMTG3_BGMTG4_BGMTG5__ps-0p001__bias-0p1__cb-0p1__nbm-lhs-parsed__nbe-0p005__nbmin-0p1__lex-from-prev__ls-0p001__05_BGMTG5
mv,BGMTG,5,0.001,0.01,0.005,0.682968,0.291718,-7.643616,stages_bg_stages_morphtok_mv_BGMTG1_BGMTG2_BGMTG3_BGMTG4_BGMTG5__ps-0p001__bias-0p1__cb-0p1__nbm-lhs-parsed__nbe-0p005__nbmin-0p1__lex-from-prev__ls-0p01,stages_bg_stages_morphtok_mv_BGMTG1_BGMTG2_BGMTG3_BGMTG4_BGMTG5__ps-0p001__bias-0p1__cb-0p1__nbm-lhs-parsed__nbe-0p005__nbmin-0p1__lex-from-prev__ls-0p01__05_BGMTG5
mv,BGMTG,5,0.001,0.1,0.005,0.684529,0.300877,-7.636206,stages_bg_stages_morphtok_mv_BGMTG1_BGMTG2_BGMTG3_BGMTG4_BGMTG5__ps-0p001__bias-0p1__cb-0p1__nbm-lhs-parsed__nbe-0p005__nbmin-0p1__lex-from-prev__ls-0p1,stages_bg_stages_morphtok_mv_BGMTG1_BGMTG2_BGMTG3_BGMTG4_BGMTG5__ps-0p001__bias-0p1__cb-0p1__nbm-lhs-parsed__nbe-0p005__nbmin-0p1__lex-from-prev__ls-0p1__05_BGMTG5
mv,BGMTG,5,0.001,0.0,0.01,0.683820,0.292039,-7.647685,stages_bg_stages_morphtok_mv_BGMTG1_BGMTG2_BGMTG3_BGMTG4_BGMTG5__ps-0p001__bias-0p1__cb-0p1__nbm-lhs-parsed__nbe-0p01__nbmin-0p1__lex-from-prev__ls-0p0,stages_bg_stages_morphtok_mv_BGMTG1_BGMTG2_BGMTG3_BGMTG4_BGMTG5__ps-0p001__bias-0p1__cb-0p1__nbm-lhs-parsed__nbe-0p01__nbmin-0p1__lex-from-prev__ls-0p0__05_BGMTG5
mv,BGMTG,5,0.001,0.001,0.01,0.680620,0.291493,-7.645209,stages_bg_stages_morphtok_mv_BGMTG1_BGMTG2_BGMTG3_BGMTG4_BGMTG5__ps-0p001__bias-0p1__cb-0p1__nbm-lhs-parsed__nbe-0p01__nbmin-0p1__lex-from-prev__ls-0p001,stages_bg_stages_morphtok_mv_BGMTG1_BGMTG2_BGMTG3_BGMTG4_BGMTG5__ps-0p001__bias-0p1__cb-0p1__nbm-lhs-parsed__nbe-0p01__nbmin-0p1__lex-from-prev__ls-0p001__05_BGMTG5
mv,BGMTG,5,0.001,0.01,0.01,0.681851,0.291710,-7.643612,stages_bg_stages_morphtok_mv_BGMTG1_BGMTG2_BGMTG3_BGMTG4_BGMTG5__ps-0p001__bias-0p1__cb-0p1__nbm-lhs-parsed__nbe-0p01__nbmin-0p1__lex-from-prev__ls-0p01,stages_bg_stages_morphtok_mv_BGMTG1_BGMTG2_BGMTG3_BGMTG4_BGMTG5__ps-0p001__bias-0p1__cb-0p1__nbm-lhs-parsed__nbe-0p01__nbmin-0p1__lex-from-prev__ls-0p01__05_BGMTG5
mv,BGMTG,5,0.001,0.1,0.01,0.684320,0.300864,-7.636216,stages_bg_stages_morphtok_mv_BGMTG1_BGMTG2_BGMTG3_BGMTG4_BGMTG5__ps-0p001__bias-0p1__cb-0p1__nbm-lhs-parsed__nbe-0p01__nbmin-0p1__lex-from-prev__ls-0p1,stages_bg_stages_morphtok_mv_BGMTG1_BGMTG2_BGMTG3_BGMTG4_BGMTG5__ps-0p001__bias-0p1__cb-0p1__nbm-lhs-parsed__nbe-0p01__nbmin-0p1__lex-from-prev__ls-0p1__05_BGMTG5
mv,BGMTG,5,0.001,0.0,0.05,0.680682,0.291696,-7.647657,stages_bg_stages_morphtok_mv_BGMTG1_BGMTG2_BGMTG3_BGMTG4_BGMTG5__ps-0p001__bias-0p1__cb-0p1__nbm-lhs-parsed__nbe-0p05__nbmin-0p1__lex-from-prev__ls-0p0,stages_bg_stages_morphtok_mv_BGMTG1_BGMTG2_BGMTG3_BGMTG4_BGMTG5__ps-0p001__bias-0p1__cb-0p1__nbm-lhs-parsed__nbe-0p05__nbmin-0p1__lex-from-prev__ls-0p0__05_BGMTG5
mv,BGMTG,5,0.001,0.001,0.05,0.683269,0.291149,-7.645114,stages_bg_stages_morphtok_mv_BGMTG1_BGMTG2_BGMTG3_BGMTG4_BGMTG5__ps-0p001__bias-0p1__cb-0p1__nbm-lhs-parsed__nbe-0p05__nbmin-0p1__lex-from-prev__ls-0p001,stages_bg_stages_morphtok_mv_BGMTG1_BGMTG2_BGMTG3_BGMTG4_BGMTG5__ps-0p001__bias-0p1__cb-0p1__nbm-lhs-parsed__nbe-0p05__nbmin-0p1__lex-from-prev__ls-0p001__05_BGMTG5
mv,BGMTG,5,0.001,0.01,0.05,0.683523,0.291356,-7.643515,stages_bg_stages_morphtok_mv_BGMTG1_BGMTG2_BGMTG3_BGMTG4_BGMTG5__ps-0p001__bias-0p1__cb-0p1__nbm-lhs-parsed__nbe-0p05__nbmin-0p1__lex-from-prev__ls-0p01,stages_bg_stages_morphtok_mv_BGMTG1_BGMTG2_BGMTG3_BGMTG4_BGMTG5__ps-0p001__bias-0p1__cb-0p1__nbm-lhs-parsed__nbe-0p05__nbmin-0p1__lex-from-prev__ls-0p01__05_BGMTG5
mv,BGMTG,5,0.001,0.1,0.05,0.686197,0.300406,-7.636142,stages_bg_stages_morphtok_mv_BGMTG1_BGMTG2_BGMTG3_BGMTG4_BGMTG5__ps-0p001__bias-0p1__cb-0p1__nbm-lhs-parsed__nbe-0p05__nbmin-0p1__lex-from-prev__ls-0p1,stages_bg_stages_morphtok_mv_BGMTG1_BGMTG2_BGMTG3_BGMTG4_BGMTG5__ps-0p001__bias-0p1__cb-0p1__nbm-lhs-parsed__nbe-0p05__nbmin-0p1__lex-from-prev__ls-0p1__05_BGMTG5
mv,BGMTG,5,0.005,0.0,0.001,0.683814,0.294147,-7.648330,stages_bg_stages_morphtok_mv_BGMTG1_BGMTG2_BGMTG3_BGMTG4_BGMTG5__ps-0p005__bias-0p1__cb-0p1__nbm-lhs-parsed__nbe-0p001__nbmin-0p1__lex-from-prev__ls-0p0,stages_bg_stages_morphtok_mv_BGMTG1_BGMTG2_BGMTG3_BGMTG4_BGMTG5__ps-0p005__bias-0p1__cb-0p1__nbm-lhs-parsed__nbe-0p001__nbmin-0p1__lex-from-prev__ls-0p0__05_BGMTG5
mv,BGMTG,5,0.005,0.001,0.001,0.680192,0.293496,-7.645989,stages_bg_stages_morphtok_mv_BGMTG1_BGMTG2_BGMTG3_BGMTG4_BGMTG5__ps-0p005__bias-0p1__cb-0p1__nbm-lhs-parsed__nbe-0p001__nbmin-0p1__lex-from-prev__ls-0p001,stages_bg_stages_morphtok_mv_BGMTG1_BGMTG2_BGMTG3_BGMTG4_BGMTG5__ps-0p005__bias-0p1__cb-0p1__nbm-lhs-parsed__nbe-0p001__nbmin-0p1__lex-from-prev__ls-0p001__05_BGMTG5
mv,BGMTG,5,0.005,0.01,0.001,0.681091,0.293542,-7.644195,stages_bg_stages_morphtok_mv_BGMTG1_BGMTG2_BGMTG3_BGMTG4_BGMTG5__ps-0p005__bias-0p1__cb-0p1__nbm-lhs-parsed__nbe-0p001__nbmin-0p1__lex-from-prev__ls-0p01,stages_bg_stages_morphtok_mv_BGMTG1_BGMTG2_BGMTG3_BGMTG4_BGMTG5__ps-0p005__bias-0p1__cb-0p1__nbm-lhs-parsed__nbe-0p001__nbmin-0p1__lex-from-prev__ls-0p01__05_BGMTG5
mv,BGMTG,5,0.005,0.1,0.001,0.685303,0.302874,-7.635902,stages_bg_stages_morphtok_mv_BGMTG1_BGMTG2_BGMTG3_BGMTG4_BGMTG5__ps-0p005__bias-0p1__cb-0p1__nbm-lhs-parsed__nbe-0p001__nbmin-0p1__lex-from-prev__ls-0p1,stages_bg_stages_morphtok_mv_BGMTG1_BGMTG2_BGMTG3_BGMTG4_BGMTG5__ps-0p005__bias-0p1__cb-0p1__nbm-lhs-parsed__nbe-0p001__nbmin-0p1__lex-from-prev__ls-0p1__05_BGMTG5
mv,BGMTG,5,0.005,0.0,0.005,0.681514,0.293944,-7.648357,stages_bg_stages_morphtok_mv_BGMTG1_BGMTG2_BGMTG3_BGMTG4_BGMTG5__ps-0p005__bias-0p1__cb-0p1__nbm-lhs-parsed__nbe-0p005__nbmin-0p1__lex-from-prev__ls-0p0,stages_bg_stages_morphtok_mv_BGMTG1_BGMTG2_BGMTG3_BGMTG4_BGMTG5__ps-0p005__bias-0p1__cb-0p1__nbm-lhs-parsed__nbe-0p005__nbmin-0p1__lex-from-prev__ls-0p0__05_BGMTG5
mv,BGMTG,5,0.005,0.001,0.005,0.681443,0.293290,-7.645970,stages_bg_stages_morphtok_mv_BGMTG1_BGMTG2_BGMTG3_BGMTG4_BGMTG5__ps-0p005__bias-0p1__cb-0p1__nbm-lhs-parsed__nbe-0p005__nbmin-0p1__lex-from-prev__ls-0p001,stages_bg_stages_morphtok_mv_BGMTG1_BGMTG2_BGMTG3_BGMTG4_BGMTG5__ps-0p005__bias-0p1__cb-0p1__nbm-lhs-parsed__nbe-0p005__nbmin-0p1__lex-from-prev__ls-0p001__05_BGMTG5
mv,BGMTG,5,0.005,0.01,0.005,0.681714,0.293331,-7.644185,stages_bg_stages_morphtok_mv_BGMTG1_BGMTG2_BGMTG3_BGMTG4_BGMTG5__ps-0p005__bias-0p1__cb-0p1__nbm-lhs-parsed__nbe-0p005__nbmin-0p1__lex-from-prev__ls-0p01,stages_bg_stages_morphtok_mv_BGMTG1_BGMTG2_BGMTG3_BGMTG4_BGMTG5__ps-0p005__bias-0p1__cb-0p1__nbm-lhs-parsed__nbe-0p005__nbmin-0p1__lex-from-prev__ls-0p01__05_BGMTG5
mv,BGMTG,5,0.005,0.1,0.005,0.685512,0.302607,-7.635913,stages_bg_stages_morphtok_mv_BGMTG1_BGMTG2_BGMTG3_BGMTG4_BGMTG5__ps-0p005__bias-0p1__cb-0p1__nbm-lhs-parsed__nbe-0p005__nbmin-0p1__lex-from-prev__ls-0p1,stages_bg_stages_morphtok_mv_BGMTG1_BGMTG2_BGMTG3_BGMTG4_BGMTG5__ps-0p005__bias-0p1__cb-0p1__nbm-lhs-parsed__nbe-0p005__nbmin-0p1__lex-from-prev__ls-0p1__05_BGMTG5
mv,BGMTG,5,0.005,0.0,0.01,0.684788,0.293495,-7.648330,stages_bg_stages_morphtok_mv_BGMTG1_BGMTG2_BGMTG3_BGMTG4_BGMTG5__ps-0p005__bias-0p1__cb-0p1__nbm-lhs-parsed__nbe-0p01__nbmin-0p1__lex-from-prev__ls-0p0,stages_bg_stages_morphtok_mv_BGMTG1_BGMTG2_BGMTG3_BGMTG4_BGMTG5__ps-0p005__bias-0p1__cb-0p1__nbm-lhs-parsed__nbe-0p01__nbmin-0p1__lex-from-prev__ls-0p0__05_BGMTG5
mv,BGMTG,5,0.005,0.001,0.01,0.680606,0.292835,-7.645900,stages_bg_stages_morphtok_mv_BGMTG1_BGMTG2_BGMTG3_BGMTG4_BGMTG5__ps-0p005__bias-0p1__cb-0p1__nbm-lhs-parsed__nbe-0p01__nbmin-0p1__lex-from-prev__ls-0p001,stages_bg_stages_morphtok_mv_BGMTG1_BGMTG2_BGMTG3_BGMTG4_BGMTG5__ps-0p005__bias-0p1__cb-0p1__nbm-lhs-parsed__nbe-0p01__nbmin-0p1__lex-from-prev__ls-0p001__05_BGMTG5
mv,BGMTG,5,0.005,0.01,0.01,0.680669,0.292865,-7.644159,stages_bg_stages_morphtok_mv_BGMTG1_BGMTG2_BGMTG3_BGMTG4_BGMTG5__ps-0p005__bias-0p1__cb-0p1__nbm-lhs-parsed__nbe-0p01__nbmin-0p1__lex-from-prev__ls-0p01,stages_bg_stages_morphtok_mv_BGMTG1_BGMTG2_BGMTG3_BGMTG4_BGMTG5__ps-0p005__bias-0p1__cb-0p1__nbm-lhs-parsed__nbe-0p01__nbmin-0p1__lex-from-prev__ls-0p01__05_BGMTG5
mv,BGMTG,5,0.005,0.1,0.01,0.685929,0.302043,-7.635852,stages_bg_stages_morphtok_mv_BGMTG1_BGMTG2_BGMTG3_BGMTG4_BGMTG5__ps-0p005__bias-0p1__cb-0p1__nbm-lhs-parsed__nbe-0p01__nbmin-0p1__lex-from-prev__ls-0p1,stages_bg_stages_morphtok_mv_BGMTG1_BGMTG2_BGMTG3_BGMTG4_BGMTG5__ps-0p005__bias-0p1__cb-0p1__nbm-lhs-parsed__nbe-0p01__nbmin-0p1__lex-from-prev__ls-0p1__05_BGMTG5
mv,BGMTG,5,0.005,0.0,0.05,0.683182,0.290930,-7.647997,stages_bg_stages_morphtok_mv_BGMTG1_BGMTG2_BGMTG3_BGMTG4_BGMTG5__ps-0p005__bias-0p1__cb-0p1__nbm-lhs-parsed__nbe-0p05__nbmin-0p1__lex-from-prev__ls-0p0,stages_bg_stages_morphtok_mv_BGMTG1_BGMTG2_BGMTG3_BGMTG4_BGMTG5__ps-0p005__bias-0p1__cb-0p1__nbm-lhs-parsed__nbe-0p05__nbmin-0p1__lex-from-prev__ls-0p0__05_BGMTG5
mv,BGMTG,5,0.005,0.001,0.05,0.682203,0.290221,-7.645405,stages_bg_stages_morphtok_mv_BGMTG1_BGMTG2_BGMTG3_BGMTG4_BGMTG5__ps-0p005__bias-0p1__cb-0p1__nbm-lhs-parsed__nbe-0p05__nbmin-0p1__lex-from-prev__ls-0p001,stages_bg_stages_morphtok_mv_BGMTG1_BGMTG2_BGMTG3_BGMTG4_BGMTG5__ps-0p005__bias-0p1__cb-0p1__nbm-lhs-parsed__nbe-0p05__nbmin-0p1__lex-from-prev__ls-0p001__05_BGMTG5
mv,BGMTG,5,0.005,0.01,0.05,0.682269,0.290192,-7.644929,stages_bg_stages_morphtok_mv_BGMTG1_BGMTG2_BGMTG3_BGMTG4_BGMTG5__ps-0p005__bias-0p1__cb-0p1__nbm-lhs-parsed__nbe-0p05__nbmin-0p1__lex-from-prev__ls-0p01,stages_bg_stages_morphtok_mv_BGMTG1_BGMTG2_BGMTG3_BGMTG4_BGMTG5__ps-0p005__bias-0p1__cb-0p1__nbm-lhs-parsed__nbe-0p05__nbmin-0p1__lex-from-prev__ls-0p01__05_BGMTG5
mv,BGMTG,5,0.005,0.1,0.05,0.685583,0.298866,-7.635267,stages_bg_stages_morphtok_mv_BGMTG1_BGMTG2_BGMTG3_BGMTG4_BGMTG5__ps-0p005__bias-0p1__cb-0p1__nbm-lhs-parsed__nbe-0p05__nbmin-0p1__lex-from-prev__ls-0p1,stages_bg_stages_morphtok_mv_BGMTG1_BGMTG2_BGMTG3_BGMTG4_BGMTG5__ps-0p005__bias-0p1__cb-0p1__nbm-lhs-parsed__nbe-0p05__nbmin-0p1__lex-from-prev__ls-0p1__05_BGMTG5
mv,BGMTG,5,0.01,0.0,0.001,0.679344,0.293770,-7.648525,stages_bg_stages_morphtok_mv_BGMTG1_BGMTG2_BGMTG3_BGMTG4_BGMTG5__ps-0p01__bias-0p1__cb-0p1__nbm-lhs-parsed__nbe-0p001__nbmin-0p1__lex-from-prev__ls-0p0,stages_bg_stages_morphtok_mv_BGMTG1_BGMTG2_BGMTG3_BGMTG4_BGMTG5__ps-0p01__bias-0p1__cb-0p1__nbm-lhs-parsed__nbe-0p001__nbmin-0p1__lex-from-prev__ls-0p0__05_BGMTG5
mv,BGMTG,5,0.01,0.001,0.001,0.680242,0.292870,-7.646158,stages_bg_stages_morphtok_mv_BGMTG1_BGMTG2_BGMTG3_BGMTG4_BGMTG5__ps-0p01__bias-0p1__cb-0p1__nbm-lhs-parsed__nbe-0p001__nbmin-0p1__lex-from-prev__ls-0p001,stages_bg_stages_morphtok_mv_BGMTG1_BGMTG2_BGMTG3_BGMTG4_BGMTG5__ps-0p01__bias-0p1__cb-0p1__nbm-lhs-parsed__nbe-0p001__nbmin-0p1__lex-from-prev__ls-0p001__05_BGMTG5
mv,BGMTG,5,0.01,0.01,0.001,0.680188,0.292862,-7.644424,stages_bg_stages_morphtok_mv_BGMTG1_BGMTG2_BGMTG3_BGMTG4_BGMTG5__ps-0p01__bias-0p1__cb-0p1__nbm-lhs-parsed__nbe-0p001__nbmin-0p1__lex-from-prev__ls-0p01,stages_bg_stages_morphtok_mv_BGMTG1_BGMTG2_BGMTG3_BGMTG4_BGMTG5__ps-0p01__bias-0p1__cb-0p1__nbm-lhs-parsed__nbe-0p001__nbmin-0p1__lex-from-prev__ls-0p01__05_BGMTG5
mv,BGMTG,5,0.01,0.1,0.001,0.686477,0.302950,-7.634836,stages_bg_stages_morphtok_mv_BGMTG1_BGMTG2_BGMTG3_BGMTG4_BGMTG5__ps-0p01__bias-0p1__cb-0p1__nbm-lhs-parsed__nbe-0p001__nbmin-0p1__lex-from-prev__ls-0p1,stages_bg_stages_morphtok_mv_BGMTG1_BGMTG2_BGMTG3_BGMTG4_BGMTG5__ps-0p01__bias-0p1__cb-0p1__nbm-lhs-parsed__nbe-0p001__nbmin-0p1__lex-from-prev__ls-0p1__05_BGMTG5
mv,BGMTG,5,0.01,0.0,0.005,0.680180,0.293047,-7.648508,stages_bg_stages_morphtok_mv_BGMTG1_BGMTG2_BGMTG3_BGMTG4_BGMTG5__ps-0p01__bias-0p1__cb-0p1__nbm-lhs-parsed__nbe-0p005__nbmin-0p1__lex-from-prev__ls-0p0,stages_bg_stages_morphtok_mv_BGMTG1_BGMTG2_BGMTG3_BGMTG4_BGMTG5__ps-0p01__bias-0p1__cb-0p1__nbm-lhs-parsed__nbe-0p005__nbmin-0p1__lex-from-prev__ls-0p0__05_BGMTG5
mv,BGMTG,5,0.01,0.001,0.005,0.678363,0.292141,-7.646078,stages_bg_stages_morphtok_mv_BGMTG1_BGMTG2_BGMTG3_BGMTG4_BGMTG5__ps-0p01__bias-0p1__cb-0p1__nbm-lhs-parsed__nbe-0p005__nbmin-0p1__lex-from-prev__ls-0p001,stages_bg_stages_morphtok_mv_BGMTG1_BGMTG2_BGMTG3_BGMTG4_BGMTG5__ps-0p01__bias-0p1__cb-0p1__nbm-lhs-parsed__nbe-0p005__nbmin-0p1__lex-from-prev__ls-0p001__05_BGMTG5
mv,BGMTG,5,0.01,0.01,0.005,0.679281,0.292116,-7.644685,stages_bg_stages_morphtok_mv_BGMTG1_BGMTG2_BGMTG3_BGMTG4_BGMTG5__ps-0p01__bias-0p1__cb-0p1__nbm-lhs-parsed__nbe-0p005__nbmin-0p1__lex-from-prev__ls-0p01,stages_bg_stages_morphtok_mv_BGMTG1_BGMTG2_BGMTG3_BGMTG4_BGMTG5__ps-0p01__bias-0p1__cb-0p1__nbm-lhs-parsed__nbe-0p005__nbmin-0p1__lex-from-prev__ls-0p01__05_BGMTG5
mv,BGMTG,5,0.01,0.1,0.005,0.686894,0.302057,-7.634785,stages_bg_stages_morphtok_mv_BGMTG1_BGMTG2_BGMTG3_BGMTG4_BGMTG5__ps-0p01__bias-0p1__cb-0p1__nbm-lhs-parsed__nbe-0p005__nbmin-0p1__lex-from-prev__ls-0p1,stages_bg_stages_morphtok_mv_BGMTG1_BGMTG2_BGMTG3_BGMTG4_BGMTG5__ps-0p01__bias-0p1__cb-0p1__nbm-lhs-parsed__nbe-0p005__nbmin-0p1__lex-from-prev__ls-0p1__05_BGMTG5
mv,BGMTG,5,0.01,0.0,0.01,0.681082,0.292163,-7.648500,stages_bg_stages_morphtok_mv_BGMTG1_BGMTG2_BGMTG3_BGMTG4_BGMTG5__ps-0p01__bias-0p1__cb-0p1__nbm-lhs-parsed__nbe-0p01__nbmin-0p1__lex-from-prev__ls-0p0,stages_bg_stages_morphtok_mv_BGMTG1_BGMTG2_BGMTG3_BGMTG4_BGMTG5__ps-0p01__bias-0p1__cb-0p1__nbm-lhs-parsed__nbe-0p01__nbmin-0p1__lex-from-prev__ls-0p0__05_BGMTG5
mv,BGMTG,5,0.01,0.001,0.01,0.678225,0.291237,-7.646044,stages_bg_stages_morphtok_mv_BGMTG1_BGMTG2_BGMTG3_BGMTG4_BGMTG5__ps-0p01__bias-0p1__cb-0p1__nbm-lhs-parsed__nbe-0p01__nbmin-0p1__lex-from-prev__ls-0p001,stages_bg_stages_morphtok_mv_BGMTG1_BGMTG2_BGMTG3_BGMTG4_BGMTG5__ps-0p01__bias-0p1__cb-0p1__nbm-lhs-parsed__nbe-0p01__nbmin-0p1__lex-from-prev__ls-0p001__05_BGMTG5
mv,BGMTG,5,0.01,0.01,0.01,0.679411,0.291196,-7.644903,stages_bg_stages_morphtok_mv_BGMTG1_BGMTG2_BGMTG3_BGMTG4_BGMTG5__ps-0p01__bias-0p1__cb-0p1__nbm-lhs-parsed__nbe-0p01__nbmin-0p1__lex-from-prev__ls-0p01,stages_bg_stages_morphtok_mv_BGMTG1_BGMTG2_BGMTG3_BGMTG4_BGMTG5__ps-0p01__bias-0p1__cb-0p1__nbm-lhs-parsed__nbe-0p01__nbmin-0p1__lex-from-prev__ls-0p01__05_BGMTG5
mv,BGMTG,5,0.01,0.1,0.01,0.686268,0.300950,-7.634771,stages_bg_stages_morphtok_mv_BGMTG1_BGMTG2_BGMTG3_BGMTG4_BGMTG5__ps-0p01__bias-0p1__cb-0p1__nbm-lhs-parsed__nbe-0p01__nbmin-0p1__lex-from-prev__ls-0p1,stages_bg_stages_morphtok_mv_BGMTG1_BGMTG2_BGMTG3_BGMTG4_BGMTG5__ps-0p01__bias-0p1__cb-0p1__nbm-lhs-parsed__nbe-0p01__nbmin-0p1__lex-from-prev__ls-0p1__05_BGMTG5
mv,BGMTG,5,0.01,0.0,0.05,0.679837,0.287597,-7.647931,stages_bg_stages_morphtok_mv_BGMTG1_BGMTG2_BGMTG3_BGMTG4_BGMTG5__ps-0p01__bias-0p1__cb-0p1__nbm-lhs-parsed__nbe-0p05__nbmin-0p1__lex-from-prev__ls-0p0,stages_bg_stages_morphtok_mv_BGMTG1_BGMTG2_BGMTG3_BGMTG4_BGMTG5__ps-0p01__bias-0p1__cb-0p1__nbm-lhs-parsed__nbe-0p05__nbmin-0p1__lex-from-prev__ls-0p0__05_BGMTG5
mv,BGMTG,5,0.01,0.001,0.05,0.678713,0.286768,-7.645056,stages_bg_stages_morphtok_mv_BGMTG1_BGMTG2_BGMTG3_BGMTG4_BGMTG5__ps-0p01__bias-0p1__cb-0p1__nbm-lhs-parsed__nbe-0p05__nbmin-0p1__lex-from-prev__ls-0p001,stages_bg_stages_morphtok_mv_BGMTG1_BGMTG2_BGMTG3_BGMTG4_BGMTG5__ps-0p01__bias-0p1__cb-0p1__nbm-lhs-parsed__nbe-0p05__nbmin-0p1__lex-from-prev__ls-0p001__05_BGMTG5
mv,BGMTG,5,0.01,0.01,0.05,0.678866,0.286644,-7.644376,stages_bg_stages_morphtok_mv_BGMTG1_BGMTG2_BGMTG3_BGMTG4_BGMTG5__ps-0p01__bias-0p1__cb-0p1__nbm-lhs-parsed__nbe-0p05__nbmin-0p1__lex-from-prev__ls-0p01,stages_bg_stages_morphtok_mv_BGMTG1_BGMTG2_BGMTG3_BGMTG4_BGMTG5__ps-0p01__bias-0p1__cb-0p1__nbm-lhs-parsed__nbe-0p05__nbmin-0p1__lex-from-prev__ls-0p01__05_BGMTG5
mv,BGMTG,5,0.01,0.1,0.05,0.688425,0.295679,-7.633625,stages_bg_stages_morphtok_mv_BGMTG1_BGMTG2_BGMTG3_BGMTG4_BGMTG5__ps-0p01__bias-0p1__cb-0p1__nbm-lhs-parsed__nbe-0p05__nbmin-0p1__lex-from-prev__ls-0p1,stages_bg_stages_morphtok_mv_BGMTG1_BGMTG2_BGMTG3_BGMTG4_BGMTG5__ps-0p01__bias-0p1__cb-0p1__nbm-lhs-parsed__nbe-0p05__nbmin-0p1__lex-from-prev__ls-0p1__05_BGMTG5
mv,BGMTG,5,0.05,0.0,0.001,0.682154,0.302777,-7.644409,stages_bg_stages_morphtok_mv_BGMTG1_BGMTG2_BGMTG3_BGMTG4_BGMTG5__ps-0p05__bias-0p1__cb-0p1__nbm-lhs-parsed__nbe-0p001__nbmin-0p1__lex-from-prev__ls-0p0,stages_bg_stages_morphtok_mv_BGMTG1_BGMTG2_BGMTG3_BGMTG4_BGMTG5__ps-0p05__bias-0p1__cb-0p1__nbm-lhs-parsed__nbe-0p001__nbmin-0p1__lex-from-prev__ls-0p0__05_BGMTG5
mv,BGMTG,5,0.05,0.001,0.001,0.678966,0.301817,-7.642498,stages_bg_stages_morphtok_mv_BGMTG1_BGMTG2_BGMTG3_BGMTG4_BGMTG5__ps-0p05__bias-0p1__cb-0p1__nbm-lhs-parsed__nbe-0p001__nbmin-0p1__lex-from-prev__ls-0p001,stages_bg_stages_morphtok_mv_BGMTG1_BGMTG2_BGMTG3_BGMTG4_BGMTG5__ps-0p05__bias-0p1__cb-0p1__nbm-lhs-parsed__nbe-0p001__nbmin-0p1__lex-from-prev__ls-0p001__05_BGMTG5
mv,BGMTG,5,0.05,0.01,0.001,0.681099,0.301609,-7.641891,stages_bg_stages_morphtok_mv_BGMTG1_BGMTG2_BGMTG3_BGMTG4_BGMTG5__ps-0p05__bias-0p1__cb-0p1__nbm-lhs-parsed__nbe-0p001__nbmin-0p1__lex-from-prev__ls-0p01,stages_bg_stages_morphtok_mv_BGMTG1_BGMTG2_BGMTG3_BGMTG4_BGMTG5__ps-0p05__bias-0p1__cb-0p1__nbm-lhs-parsed__nbe-0p001__nbmin-0p1__lex-from-prev__ls-0p01__05_BGMTG5
mv,BGMTG,5,0.05,0.1,0.001,0.685405,0.311314,-7.624339,stages_bg_stages_morphtok_mv_BGMTG1_BGMTG2_BGMTG3_BGMTG4_BGMTG5__ps-0p05__bias-0p1__cb-0p1__nbm-lhs-parsed__nbe-0p001__nbmin-0p1__lex-from-prev__ls-0p1,stages_bg_stages_morphtok_mv_BGMTG1_BGMTG2_BGMTG3_BGMTG4_BGMTG5__ps-0p05__bias-0p1__cb-0p1__nbm-lhs-parsed__nbe-0p001__nbmin-0p1__lex-from-prev__ls-0p1__05_BGMTG5
mv,BGMTG,5,0.05,0.0,0.005,0.680142,0.299214,-7.644564,stages_bg_stages_morphtok_mv_BGMTG1_BGMTG2_BGMTG3_BGMTG4_BGMTG5__ps-0p05__bias-0p1__cb-0p1__nbm-lhs-parsed__nbe-0p005__nbmin-0p1__lex-from-prev__ls-0p0,stages_bg_stages_morphtok_mv_BGMTG1_BGMTG2_BGMTG3_BGMTG4_BGMTG5__ps-0p05__bias-0p1__cb-0p1__nbm-lhs-parsed__nbe-0p005__nbmin-0p1__lex-from-prev__ls-0p0__05_BGMTG5
mv,BGMTG,5,0.05,0.001,0.005,0.683069,0.298151,-7.642658,stages_bg_stages_morphtok_mv_BGMTG1_BGMTG2_BGMTG3_BGMTG4_BGMTG5__ps-0p05__bias-0p1__cb-0p1__nbm-lhs-parsed__nbe-0p005__nbmin-0p1__lex-from-prev__ls-0p001,stages_bg_stages_morphtok_mv_BGMTG1_BGMTG2_BGMTG3_BGMTG4_BGMTG5__ps-0p05__bias-0p1__cb-0p1__nbm-lhs-parsed__nbe-0p005__nbmin-0p1__lex-from-prev__ls-0p001__05_BGMTG5
mv,BGMTG,5,0.05,0.01,0.005,0.681866,0.297861,-7.641783,stages_bg_stages_morphtok_mv_BGMTG1_BGMTG2_BGMTG3_BGMTG4_BGMTG5__ps-0p05__bias-0p1__cb-0p1__nbm-lhs-parsed__nbe-0p005__nbmin-0p1__lex-from-prev__ls-0p01,stages_bg_stages_morphtok_mv_BGMTG1_BGMTG2_BGMTG3_BGMTG4_BGMTG5__ps-0p05__bias-0p1__cb-0p1__nbm-lhs-parsed__nbe-0p005__nbmin-0p1__lex-from-prev__ls-0p01__05_BGMTG5
mv,BGMTG,5,0.05,0.1,0.005,0.686940,0.306873,-7.624048,stages_bg_stages_morphtok_mv_BGMTG1_BGMTG2_BGMTG3_BGMTG4_BGMTG5__ps-0p05__bias-0p1__cb-0p1__nbm-lhs-parsed__nbe-0p005__nbmin-0p1__lex-from-prev__ls-0p1,stages_bg_stages_morphtok_mv_BGMTG1_BGMTG2_BGMTG3_BGMTG4_BGMTG5__ps-0p05__bias-0p1__cb-0p1__nbm-lhs-parsed__nbe-0p005__nbmin-0p1__lex-from-prev__ls-0p1__05_BGMTG5
mv,BGMTG,5,0.05,0.0,0.01,0.681184,0.295944,-7.644065,stages_bg_stages_morphtok_mv_BGMTG1_BGMTG2_BGMTG3_BGMTG4_BGMTG5__ps-0p05__bias-0p1__cb-0p1__nbm-lhs-parsed__nbe-0p01__nbmin-0p1__lex-from-prev__ls-0p0,stages_bg_stages_morphtok_mv_BGMTG1_BGMTG2_BGMTG3_BGMTG4_BGMTG5__ps-0p05__bias-0p1__cb-0p1__nbm-lhs-parsed__nbe-0p01__nbmin-0p1__lex-from-prev__ls-0p0__05_BGMTG5
mv,BGMTG,5,0.05,0.001,0.01,0.682373,0.294988,-7.642163,stages_bg_stages_morphtok_mv_BGMTG1_BGMTG2_BGMTG3_BGMTG4_BGMTG5__ps-0p05__bias-0p1__cb-0p1__nbm-lhs-parsed__nbe-0p01__nbmin-0p1__lex-from-prev__ls-0p001,stages_bg_stages_morphtok_mv_BGMTG1_BGMTG2_BGMTG3_BGMTG4_BGMTG5__ps-0p05__bias-0p1__cb-0p1__nbm-lhs-parsed__nbe-0p01__nbmin-0p1__lex-from-prev__ls-0p001__05_BGMTG5
mv,BGMTG,5,0.05,0.01,0.01,0.682698,0.294657,-7.641132,stages_bg_stages_morphtok_mv_BGMTG1_BGMTG2_BGMTG3_BGMTG4_BGMTG5__ps-0p05__bias-0p1__cb-0p1__nbm-lhs-parsed__nbe-0p01__nbmin-0p1__lex-from-prev__ls-0p01,stages_bg_stages_morphtok_mv_BGMTG1_BGMTG2_BGMTG3_BGMTG4_BGMTG5__ps-0p05__bias-0p1__cb-0p1__nbm-lhs-parsed__nbe-0p01__nbmin-0p1__lex-from-prev__ls-0p01__05_BGMTG5
mv,BGMTG,5,0.05,0.1,0.01,0.685851,0.303223,-7.623401,stages_bg_stages_morphtok_mv_BGMTG1_BGMTG2_BGMTG3_BGMTG4_BGMTG5__ps-0p05__bias-0p1__cb-0p1__nbm-lhs-parsed__nbe-0p01__nbmin-0p1__lex-from-prev__ls-0p1,stages_bg_stages_morphtok_mv_BGMTG1_BGMTG2_BGMTG3_BGMTG4_BGMTG5__ps-0p05__bias-0p1__cb-0p1__nbm-lhs-parsed__nbe-0p01__nbmin-0p1__lex-from-prev__ls-0p1__05_BGMTG5
mv,BGMTG,5,0.05,0.0,0.05,0.684534,0.284146,-7.642723,stages_bg_stages_morphtok_mv_BGMTG1_BGMTG2_BGMTG3_BGMTG4_BGMTG5__ps-0p05__bias-0p1__cb-0p1__nbm-lhs-parsed__nbe-0p05__nbmin-0p1__lex-from-prev__ls-0p0,stages_bg_stages_morphtok_mv_BGMTG1_BGMTG2_BGMTG3_BGMTG4_BGMTG5__ps-0p05__bias-0p1__cb-0p1__nbm-lhs-parsed__nbe-0p05__nbmin-0p1__lex-from-prev__ls-0p0__05_BGMTG5
mv,BGMTG,5,0.05,0.001,0.05,0.682652,0.283415,-7.638957,stages_bg_stages_morphtok_mv_BGMTG1_BGMTG2_BGMTG3_BGMTG4_BGMTG5__ps-0p05__bias-0p1__cb-0p1__nbm-lhs-parsed__nbe-0p05__nbmin-0p1__lex-from-prev__ls-0p001,stages_bg_stages_morphtok_mv_BGMTG1_BGMTG2_BGMTG3_BGMTG4_BGMTG5__ps-0p05__bias-0p1__cb-0p1__nbm-lhs-parsed__nbe-0p05__nbmin-0p1__lex-from-prev__ls-0p001__05_BGMTG5
mv,BGMTG,5,0.05,0.01,0.05,0.685702,0.282926,-7.638175,stages_bg_stages_morphtok_mv_BGMTG1_BGMTG2_BGMTG3_BGMTG4_BGMTG5__ps-0p05__bias-0p1__cb-0p1__nbm-lhs-parsed__nbe-0p05__nbmin-0p1__lex-from-prev__ls-0p01,stages_bg_stages_morphtok_mv_BGMTG1_BGMTG2_BGMTG3_BGMTG4_BGMTG5__ps-0p05__bias-0p1__cb-0p1__nbm-lhs-parsed__nbe-0p05__nbmin-0p1__lex-from-prev__ls-0p01__05_BGMTG5
mv,BGMTG,5,0.05,0.1,0.05,0.688354,0.289316,-7.623642,stages_bg_stages_morphtok_mv_BGMTG1_BGMTG2_BGMTG3_BGMTG4_BGMTG5__ps-0p05__bias-0p1__cb-0p1__nbm-lhs-parsed__nbe-0p05__nbmin-0p1__lex-from-prev__ls-0p1,stages_bg_stages_morphtok_mv_BGMTG1_BGMTG2_BGMTG3_BGMTG4_BGMTG5__ps-0p05__bias-0p1__cb-0p1__nbm-lhs-parsed__nbe-0p05__nbmin-0p1__lex-from-prev__ls-0p1__05_BGMTG5
mv,BGMTG,5,0.1,0.0,0.001,0.679767,0.302872,-7.641569,stages_bg_stages_morphtok_mv_BGMTG1_BGMTG2_BGMTG3_BGMTG4_BGMTG5__ps-0p1__bias-0p1__cb-0p1__nbm-lhs-parsed__nbe-0p001__nbmin-0p1__lex-from-prev__ls-0p0,stages_bg_stages_morphtok_mv_BGMTG1_BGMTG2_BGMTG3_BGMTG4_BGMTG5__ps-0p1__bias-0p1__cb-0p1__nbm-lhs-parsed__nbe-0p001__nbmin-0p1__lex-from-prev__ls-0p0__05_BGMTG5
mv,BGMTG,5,0.1,0.001,0.001,0.681303,0.302036,-7.639709,stages_bg_stages_morphtok_mv_BGMTG1_BGMTG2_BGMTG3_BGMTG4_BGMTG5__ps-0p1__bias-0p1__cb-0p1__nbm-lhs-parsed__nbe-0p001__nbmin-0p1__lex-from-prev__ls-0p001,stages_bg_stages_morphtok_mv_BGMTG1_BGMTG2_BGMTG3_BGMTG4_BGMTG5__ps-0p1__bias-0p1__cb-0p1__nbm-lhs-parsed__nbe-0p001__nbmin-0p1__lex-from-prev__ls-0p001__05_BGMTG5
mv,BGMTG,5,0.1,0.01,0.001,0.679080,0.301657,-7.640973,stages_bg_stages_morphtok_mv_BGMTG1_BGMTG2_BGMTG3_BGMTG4_BGMTG5__ps-0p1__bias-0p1__cb-0p1__nbm-lhs-parsed__nbe-0p001__nbmin-0p1__lex-from-prev__ls-0p01,stages_bg_stages_morphtok_mv_BGMTG1_BGMTG2_BGMTG3_BGMTG4_BGMTG5__ps-0p1__bias-0p1__cb-0p1__nbm-lhs-parsed__nbe-0p001__nbmin-0p1__lex-from-prev__ls-0p01__05_BGMTG5
mv,BGMTG,5,0.1,0.1,0.001,0.688521,0.308965,-7.620688,stages_bg_stages_morphtok_mv_BGMTG1_BGMTG2_BGMTG3_BGMTG4_BGMTG5__ps-0p1__bias-0p1__cb-0p1__nbm-lhs-parsed__nbe-0p001__nbmin-0p1__lex-from-prev__ls-0p1,stages_bg_stages_morphtok_mv_BGMTG1_BGMTG2_BGMTG3_BGMTG4_BGMTG5__ps-0p1__bias-0p1__cb-0p1__nbm-lhs-parsed__nbe-0p001__nbmin-0p1__lex-from-prev__ls-0p1__05_BGMTG5
mv,BGMTG,5,0.1,0.0,0.005,0.680466,0.297169,-7.641344,stages_bg_stages_morphtok_mv_BGMTG1_BGMTG2_BGMTG3_BGMTG4_BGMTG5__ps-0p1__bias-0p1__cb-0p1__nbm-lhs-parsed__nbe-0p005__nbmin-0p1__lex-from-prev__ls-0p0,stages_bg_stages_morphtok_mv_BGMTG1_BGMTG2_BGMTG3_BGMTG4_BGMTG5__ps-0p1__bias-0p1__cb-0p1__nbm-lhs-parsed__nbe-0p005__nbmin-0p1__lex-from-prev__ls-0p0__05_BGMTG5
mv,BGMTG,5,0.1,0.001,0.005,0.680824,0.296322,-7.639339,stages_bg_stages_morphtok_mv_BGMTG1_BGMTG2_BGMTG3_BGMTG4_BGMTG5__ps-0p1__bias-0p1__cb-0p1__nbm-lhs-parsed__nbe-0p005__nbmin-0p1__lex-from-prev__ls-0p001,stages_bg_stages_morphtok_mv_BGMTG1_BGMTG2_BGMTG3_BGMTG4_BGMTG5__ps-0p1__bias-0p1__cb-0p1__nbm-lhs-parsed__nbe-0p005__nbmin-0p1__lex-from-prev__ls-0p001__05_BGMTG5
mv,BGMTG,5,0.1,0.01,0.005,0.678664,0.295853,-7.640211,stages_bg_stages_morphtok_mv_BGMTG1_BGMTG2_BGMTG3_BGMTG4_BGMTG5__ps-0p1__bias-0p1__cb-0p1__nbm-lhs-parsed__nbe-0p005__nbmin-0p1__lex-from-prev__ls-0p01,stages_bg_stages_morphtok_mv_BGMTG1_BGMTG2_BGMTG3_BGMTG4_BGMTG5__ps-0p1__bias-0p1__cb-0p1__nbm-lhs-parsed__nbe-0p005__nbmin-0p1__lex-from-prev__ls-0p01__05_BGMTG5
mv,BGMTG,5,0.1,0.1,0.005,0.686297,0.302110,-7.620672,stages_bg_stages_morphtok_mv_BGMTG1_BGMTG2_BGMTG3_BGMTG4_BGMTG5__ps-0p1__bias-0p1__cb-0p1__nbm-lhs-parsed__nbe-0p005__nbmin-0p1__lex-from-prev__ls-0p1,stages_bg_stages_morphtok_mv_BGMTG1_BGMTG2_BGMTG3_BGMTG4_BGMTG5__ps-0p1__bias-0p1__cb-0p1__nbm-lhs-parsed__nbe-0p005__nbmin-0p1__lex-from-prev__ls-0p1__05_BGMTG5
mv,BGMTG,5,0.1,0.0,0.01,0.682059,0.292745,-7.640555,stages_bg_stages_morphtok_mv_BGMTG1_BGMTG2_BGMTG3_BGMTG4_BGMTG5__ps-0p1__bias-0p1__cb-0p1__nbm-lhs-parsed__nbe-0p01__nbmin-0p1__lex-from-prev__ls-0p0,stages_bg_stages_morphtok_mv_BGMTG1_BGMTG2_BGMTG3_BGMTG4_BGMTG5__ps-0p1__bias-0p1__cb-0p1__nbm-lhs-parsed__nbe-0p01__nbmin-0p1__lex-from-prev__ls-0p0__05_BGMTG5
mv,BGMTG,5,0.1,0.001,0.01,0.681236,0.291997,-7.638326,stages_bg_stages_morphtok_mv_BGMTG1_BGMTG2_BGMTG3_BGMTG4_BGMTG5__ps-0p1__bias-0p1__cb-0p1__nbm-lhs-parsed__nbe-0p01__nbmin-0p1__lex-from-prev__ls-0p001,stages_bg_stages_morphtok_mv_BGMTG1_BGMTG2_BGMTG3_BGMTG4_BGMTG5__ps-0p1__bias-0p1__cb-0p1__nbm-lhs-parsed__nbe-0p01__nbmin-0p1__lex-from-prev__ls-0p001__05_BGMTG5
mv,BGMTG,5,0.1,0.01,0.01,0.680608,0.291493,-7.639108,stages_bg_stages_morphtok_mv_BGMTG1_BGMTG2_BGMTG3_BGMTG4_BGMTG5__ps-0p1__bias-0p1__cb-0p1__nbm-lhs-parsed__nbe-0p01__nbmin-0p1__lex-from-prev__ls-0p01,stages_bg_stages_morphtok_mv_BGMTG1_BGMTG2_BGMTG3_BGMTG4_BGMTG5__ps-0p1__bias-0p1__cb-0p1__nbm-lhs-parsed__nbe-0p01__nbmin-0p1__lex-from-prev__ls-0p01__05_BGMTG5
mv,BGMTG,5,0.1,0.1,0.01,0.684846,0.296930,-7.619956,stages_bg_stages_morphtok_mv_BGMTG1_BGMTG2_BGMTG3_BGMTG4_BGMTG5__ps-0p1__bias-0p1__cb-0p1__nbm-lhs-parsed__nbe-0p01__nbmin-0p1__lex-from-prev__ls-0p1,stages_bg_stages_morphtok_mv_BGMTG1_BGMTG2_BGMTG3_BGMTG4_BGMTG5__ps-0p1__bias-0p1__cb-0p1__nbm-lhs-parsed__nbe-0p01__nbmin-0p1__lex-from-prev__ls-0p1__05_BGMTG5
mv,BGMTG,5,0.1,0.0,0.05,0.679505,0.278149,-7.640534,stages_bg_stages_morphtok_mv_BGMTG1_BGMTG2_BGMTG3_BGMTG4_BGMTG5__ps-0p1__bias-0p1__cb-0p1__nbm-lhs-parsed__nbe-0p05__nbmin-0p1__lex-from-prev__ls-0p0,stages_bg_stages_morphtok_mv_BGMTG1_BGMTG2_BGMTG3_BGMTG4_BGMTG5__ps-0p1__bias-0p1__cb-0p1__nbm-lhs-parsed__nbe-0p05__nbmin-0p1__lex-from-prev__ls-0p0__05_BGMTG5
mv,BGMTG,5,0.1,0.001,0.05,0.682983,0.277634,-7.637110,stages_bg_stages_morphtok_mv_BGMTG1_BGMTG2_BGMTG3_BGMTG4_BGMTG5__ps-0p1__bias-0p1__cb-0p1__nbm-lhs-parsed__nbe-0p05__nbmin-0p1__lex-from-prev__ls-0p001,stages_bg_stages_morphtok_mv_BGMTG1_BGMTG2_BGMTG3_BGMTG4_BGMTG5__ps-0p1__bias-0p1__cb-0p1__nbm-lhs-parsed__nbe-0p05__nbmin-0p1__lex-from-prev__ls-0p001__05_BGMTG5
mv,BGMTG,5,0.1,0.01,0.05,0.683257,0.276880,-7.635123,stages_bg_stages_morphtok_mv_BGMTG1_BGMTG2_BGMTG3_BGMTG4_BGMTG5__ps-0p1__bias-0p1__cb-0p1__nbm-lhs-parsed__nbe-0p05__nbmin-0p1__lex-from-prev__ls-0p01,stages_bg_stages_morphtok_mv_BGMTG1_BGMTG2_BGMTG3_BGMTG4_BGMTG5__ps-0p1__bias-0p1__cb-0p1__nbm-lhs-parsed__nbe-0p05__nbmin-0p1__lex-from-prev__ls-0p01__05_BGMTG5
mv,BGMTG,5,0.1,0.1,0.05,0.685048,0.278712,-7.619320,stages_bg_stages_morphtok_mv_BGMTG1_BGMTG2_BGMTG3_BGMTG4_BGMTG5__ps-0p1__bias-0p1__cb-0p1__nbm-lhs-parsed__nbe-0p05__nbmin-0p1__lex-from-prev__ls-0p1,stages_bg_stages_morphtok_mv_BGMTG1_BGMTG2_BGMTG3_BGMTG4_BGMTG5__ps-0p1__bias-0p1__cb-0p1__nbm-lhs-parsed__nbe-0p05__nbmin-0p1__lex-from-prev__ls-0p1__05_BGMTG5
mv,BGMTG,5,0.2,0.0,0.001,0.680245,0.301472,-7.640732,stages_bg_stages_morphtok_mv_BGMTG1_BGMTG2_BGMTG3_BGMTG4_BGMTG5__ps-0p2__bias-0p1__cb-0p1__nbm-lhs-parsed__nbe-0p001__nbmin-0p1__lex-from-prev__ls-0p0,stages_bg_stages_morphtok_mv_BGMTG1_BGMTG2_BGMTG3_BGMTG4_BGMTG5__ps-0p2__bias-0p1__cb-0p1__nbm-lhs-parsed__nbe-0p001__nbmin-0p1__lex-from-prev__ls-0p0__05_BGMTG5
mv,BGMTG,5,0.2,0.001,0.001,0.681431,0.300720,-7.638534,stages_bg_stages_morphtok_mv_BGMTG1_BGMTG2_BGMTG3_BGMTG4_BGMTG5__ps-0p2__bias-0p1__cb-0p1__nbm-lhs-parsed__nbe-0p001__nbmin-0p1__lex-from-prev__ls-0p001,stages_bg_stages_morphtok_mv_BGMTG1_BGMTG2_BGMTG3_BGMTG4_BGMTG5__ps-0p2__bias-0p1__cb-0p1__nbm-lhs-parsed__nbe-0p001__nbmin-0p1__lex-from-prev__ls-0p001__05_BGMTG5
mv,BGMTG,5,0.2,0.01,0.001,0.684342,0.300153,-7.639454,stages_bg_stages_morphtok_mv_BGMTG1_BGMTG2_BGMTG3_BGMTG4_BGMTG5__ps-0p2__bias-0p1__cb-0p1__nbm-lhs-parsed__nbe-0p001__nbmin-0p1__lex-from-prev__ls-0p01,stages_bg_stages_morphtok_mv_BGMTG1_BGMTG2_BGMTG3_BGMTG4_BGMTG5__ps-0p2__bias-0p1__cb-0p1__nbm-lhs-parsed__nbe-0p001__nbmin-0p1__lex-from-prev__ls-0p01__05_BGMTG5
mv,BGMTG,5,0.2,0.1,0.001,0.686047,0.304538,-7.618413,stages_bg_stages_morphtok_mv_BGMTG1_BGMTG2_BGMTG3_BGMTG4_BGMTG5__ps-0p2__bias-0p1__cb-0p1__nbm-lhs-parsed__nbe-0p001__nbmin-0p1__lex-from-prev__ls-0p1,stages_bg_stages_morphtok_mv_BGMTG1_BGMTG2_BGMTG3_BGMTG4_BGMTG5__ps-0p2__bias-0p1__cb-0p1__nbm-lhs-parsed__nbe-0p001__nbmin-0p1__lex-from-prev__ls-0p1__05_BGMTG5
mv,BGMTG,5,0.2,0.0,0.005,0.681913,0.292181,-7.638961,stages_bg_stages_morphtok_mv_BGMTG1_BGMTG2_BGMTG3_BGMTG4_BGMTG5__ps-0p2__bias-0p1__cb-0p1__nbm-lhs-parsed__nbe-0p005__nbmin-0p1__lex-from-prev__ls-0p0,stages_bg_stages_morphtok_mv_BGMTG1_BGMTG2_BGMTG3_BGMTG4_BGMTG5__ps-0p2__bias-0p1__cb-0p1__nbm-lhs-parsed__nbe-0p005__nbmin-0p1__lex-from-prev__ls-0p0__05_BGMTG5
mv,BGMTG,5,0.2,0.001,0.005,0.678378,0.291509,-7.636863,stages_bg_stages_morphtok_mv_BGMTG1_BGMTG2_BGMTG3_BGMTG4_BGMTG5__ps-0p2__bias-0p1__cb-0p1__nbm-lhs-parsed__nbe-0p005__nbmin-0p1__lex-from-prev__ls-0p001,stages_bg_stages_morphtok_mv_BGMTG1_BGMTG2_BGMTG3_BGMTG4_BGMTG5__ps-0p2__bias-0p1__cb-0p1__nbm-lhs-parsed__nbe-0p005__nbmin-0p1__lex-from-prev__ls-0p001__05_BGMTG5
mv,BGMTG,5,0.2,0.01,0.005,0.681766,0.290890,-7.637555,stages_bg_stages_morphtok_mv_BGMTG1_BGMTG2_BGMTG3_BGMTG4_BGMTG5__ps-0p2__bias-0p1__cb-0p1__nbm-lhs-parsed__nbe-0p005__nbmin-0p1__lex-from-prev__ls-0p01,stages_bg_stages_morphtok_mv_BGMTG1_BGMTG2_BGMTG3_BGMTG4_BGMTG5__ps-0p2__bias-0p1__cb-0p1__nbm-lhs-parsed__nbe-0p005__nbmin-0p1__lex-from-prev__ls-0p01__05_BGMTG5
mv,BGMTG,5,0.2,0.1,0.005,0.685008,0.294178,-7.617517,stages_bg_stages_morphtok_mv_BGMTG1_BGMTG2_BGMTG3_BGMTG4_BGMTG5__ps-0p2__bias-0p1__cb-0p1__nbm-lhs-parsed__nbe-0p005__nbmin-0p1__lex-from-prev__ls-0p1,stages_bg_stages_morphtok_mv_BGMTG1_BGMTG2_BGMTG3_BGMTG4_BGMTG5__ps-0p2__bias-0p1__cb-0p1__nbm-lhs-parsed__nbe-0p005__nbmin-0p1__lex-from-prev__ls-0p1__05_BGMTG5
mv,BGMTG,5,0.2,0.0,0.01,0.679139,0.286244,-7.638056,stages_bg_stages_morphtok_mv_BGMTG1_BGMTG2_BGMTG3_BGMTG4_BGMTG5__ps-0p2__bias-0p1__cb-0p1__nbm-lhs-parsed__nbe-0p01__nbmin-0p1__lex-from-prev__ls-0p0,stages_bg_stages_morphtok_mv_BGMTG1_BGMTG2_BGMTG3_BGMTG4_BGMTG5__ps-0p2__bias-0p1__cb-0p1__nbm-lhs-parsed__nbe-0p01__nbmin-0p1__lex-from-prev__ls-0p0__05_BGMTG5
mv,BGMTG,5,0.2,0.001,0.01,0.678241,0.285678,-7.635181,stages_bg_stages_morphtok_mv_BGMTG1_BGMTG2_BGMTG3_BGMTG4_BGMTG5__ps-0p2__bias-0p1__cb-0p1__nbm-lhs-parsed__nbe-0p01__nbmin-0p1__lex-from-prev__ls-0p001,stages_bg_stages_morphtok_mv_BGMTG1_BGMTG2_BGMTG3_BGMTG4_BGMTG5__ps-0p2__bias-0p1__cb-0p1__nbm-lhs-parsed__nbe-0p01__nbmin-0p1__lex-from-prev__ls-0p001__05_BGMTG5
mv,BGMTG,5,0.2,0.01,0.01,0.682395,0.285005,-7.635846,stages_bg_stages_morphtok_mv_BGMTG1_BGMTG2_BGMTG3_BGMTG4_BGMTG5__ps-0p2__bias-0p1__cb-0p1__nbm-lhs-parsed__nbe-0p01__nbmin-0p1__lex-from-prev__ls-0p01,stages_bg_stages_morphtok_mv_BGMTG1_BGMTG2_BGMTG3_BGMTG4_BGMTG5__ps-0p2__bias-0p1__cb-0p1__nbm-lhs-parsed__nbe-0p01__nbmin-0p1__lex-from-prev__ls-0p01__05_BGMTG5
mv,BGMTG,5,0.2,0.1,0.01,0.685091,0.287455,-7.616845,stages_bg_stages_morphtok_mv_BGMTG1_BGMTG2_BGMTG3_BGMTG4_BGMTG5__ps-0p2__bias-0p1__cb-0p1__nbm-lhs-parsed__nbe-0p01__nbmin-0p1__lex-from-prev__ls-0p1,stages_bg_stages_morphtok_mv_BGMTG1_BGMTG2_BGMTG3_BGMTG4_BGMTG5__ps-0p2__bias-0p1__cb-0p1__nbm-lhs-parsed__nbe-0p01__nbmin-0p1__lex-from-prev__ls-0p1__05_BGMTG5
mv,BGMTG,5,0.2,0.0,0.05,0.678453,0.269040,-7.637512,stages_bg_stages_morphtok_mv_BGMTG1_BGMTG2_BGMTG3_BGMTG4_BGMTG5__ps-0p2__bias-0p1__cb-0p1__nbm-lhs-parsed__nbe-0p05__nbmin-0p1__lex-from-prev__ls-0p0,stages_bg_stages_morphtok_mv_BGMTG1_BGMTG2_BGMTG3_BGMTG4_BGMTG5__ps-0p2__bias-0p1__cb-0p1__nbm-lhs-parsed__nbe-0p05__nbmin-0p1__lex-from-prev__ls-0p0__05_BGMTG5
mv,BGMTG,5,0.2,0.001,0.05,0.676859,0.268503,-7.631709,stages_bg_stages_morphtok_mv_BGMTG1_BGMTG2_BGMTG3_BGMTG4_BGMTG5__ps-0p2__bias-0p1__cb-0p1__nbm-lhs-parsed__nbe-0p05__nbmin-0p1__lex-from-prev__ls-0p001,stages_bg_stages_morphtok_mv_BGMTG1_BGMTG2_BGMTG3_BGMTG4_BGMTG5__ps-0p2__bias-0p1__cb-0p1__nbm-lhs-parsed__nbe-0p05__nbmin-0p1__lex-from-prev__ls-0p001__05_BGMTG5
mv,BGMTG,5,0.2,0.01,0.05,0.679159,0.267478,-7.631047,stages_bg_stages_morphtok_mv_BGMTG1_BGMTG2_BGMTG3_BGMTG4_BGMTG5__ps-0p2__bias-0p1__cb-0p1__nbm-lhs-parsed__nbe-0p05__nbmin-0p1__lex-from-prev__ls-0p01,stages_bg_stages_morphtok_mv_BGMTG1_BGMTG2_BGMTG3_BGMTG4_BGMTG5__ps-0p2__bias-0p1__cb-0p1__nbm-lhs-parsed__nbe-0p05__nbmin-0p1__lex-from-prev__ls-0p01__05_BGMTG5
mv,BGMTG,5,0.2,0.1,0.05,0.683894,0.266874,-7.615813,stages_bg_stages_morphtok_mv_BGMTG1_BGMTG2_BGMTG3_BGMTG4_BGMTG5__ps-0p2__bias-0p1__cb-0p1__nbm-lhs-parsed__nbe-0p05__nbmin-0p1__lex-from-prev__ls-0p1,stages_bg_stages_morphtok_mv_BGMTG1_BGMTG2_BGMTG3_BGMTG4_BGMTG5__ps-0p2__bias-0p1__cb-0p1__nbm-lhs-parsed__nbe-0p05__nbmin-0p1__lex-from-prev__ls-0p1__05_BGMTG5
mv,BGMTI,5,0.001,0.0,0.001,0.683820,0.287802,-7.647313,stages_bg_stages_morphtok_mv_BGMTI1_BGMTI2_BGMTI3_BGMTI4_BGMTI5__ps-0p001__bias-0p1__cb-0p1__nbm-lhs-parsed__nbe-0p001__nbmin-0p1__lex-from-prev__ls-0p0,stages_bg_stages_morphtok_mv_BGMTI1_BGMTI2_BGMTI3_BGMTI4_BGMTI5__ps-0p001__bias-0p1__cb-0p1__nbm-lhs-parsed__nbe-0p001__nbmin-0p1__lex-from-prev__ls-0p0__05_BGMTI5
mv,BGMTI,5,0.001,0.001,0.001,0.683544,0.287550,-7.648471,stages_bg_stages_morphtok_mv_BGMTI1_BGMTI2_BGMTI3_BGMTI4_BGMTI5__ps-0p001__bias-0p1__cb-0p1__nbm-lhs-parsed__nbe-0p001__nbmin-0p1__lex-from-prev__ls-0p001,stages_bg_stages_morphtok_mv_BGMTI1_BGMTI2_BGMTI3_BGMTI4_BGMTI5__ps-0p001__bias-0p1__cb-0p1__nbm-lhs-parsed__nbe-0p001__nbmin-0p1__lex-from-prev__ls-0p001__05_BGMTI5
mv,BGMTI,5,0.001,0.01,0.001,0.681452,0.288361,-7.646321,stages_bg_stages_morphtok_mv_BGMTI1_BGMTI2_BGMTI3_BGMTI4_BGMTI5__ps-0p001__bias-0p1__cb-0p1__nbm-lhs-parsed__nbe-0p001__nbmin-0p1__lex-from-prev__ls-0p01,stages_bg_stages_morphtok_mv_BGMTI1_BGMTI2_BGMTI3_BGMTI4_BGMTI5__ps-0p001__bias-0p1__cb-0p1__nbm-lhs-parsed__nbe-0p001__nbmin-0p1__lex-from-prev__ls-0p01__05_BGMTI5
mv,BGMTI,5,0.001,0.1,0.001,0.681007,0.295091,-7.641657,stages_bg_stages_morphtok_mv_BGMTI1_BGMTI2_BGMTI3_BGMTI4_BGMTI5__ps-0p001__bias-0p1__cb-0p1__nbm-lhs-parsed__nbe-0p001__nbmin-0p1__lex-from-prev__ls-0p1,stages_bg_stages_morphtok_mv_BGMTI1_BGMTI2_BGMTI3_BGMTI4_BGMTI5__ps-0p001__bias-0p1__cb-0p1__nbm-lhs-parsed__nbe-0p001__nbmin-0p1__lex-from-prev__ls-0p1__05_BGMTI5
mv,BGMTI,5,0.001,0.0,0.005,0.682983,0.287802,-7.647313,stages_bg_stages_morphtok_mv_BGMTI1_BGMTI2_BGMTI3_BGMTI4_BGMTI5__ps-0p001__bias-0p1__cb-0p1__nbm-lhs-parsed__nbe-0p005__nbmin-0p1__lex-from-prev__ls-0p0,stages_bg_stages_morphtok_mv_BGMTI1_BGMTI2_BGMTI3_BGMTI4_BGMTI5__ps-0p001__bias-0p1__cb-0p1__nbm-lhs-parsed__nbe-0p005__nbmin-0p1__lex-from-prev__ls-0p0__05_BGMTI5
mv,BGMTI,5,0.001,0.001,0.005,0.683963,0.287550,-7.648471,stages_bg_stages_morphtok_mv_BGMTI1_BGMTI2_BGMTI3_BGMTI4_BGMTI5__ps-0p001__bias-0p1__cb-0p1__nbm-lhs-parsed__nbe-0p005__nbmin-0p1__lex-from-prev__ls-0p001,stages_bg_stages_morphtok_mv_BGMTI1_BGMTI2_BGMTI3_BGMTI4_BGMTI5__ps-0p001__bias-0p1__cb-0p1__nbm-lhs-parsed__nbe-0p005__nbmin-0p1__lex-from-prev__ls-0p001__05_BGMTI5
mv,BGMTI,5,0.001,0.01,0.005,0.684381,0.288361,-7.646321,stages_bg_stages_morphtok_mv_BGMTI1_BGMTI2_BGMTI3_BGMTI4_BGMTI5__ps-0p001__bias-0p1__cb-0p1__nbm-lhs-parsed__nbe-0p005__nbmin-0p1__lex-from-prev__ls-0p01,stages_bg_stages_morphtok_mv_BGMTI1_BGMTI2_BGMTI3_BGMTI4_BGMTI5__ps-0p001__bias-0p1__cb-0p1__nbm-lhs-parsed__nbe-0p005__nbmin-0p1__lex-from-prev__ls-0p01__05_BGMTI5
mv,BGMTI,5,0.001,0.1,0.005,0.682260,0.295091,-7.641657,stages_bg_stages_morphtok_mv_BGMTI1_BGMTI2_BGMTI3_BGMTI4_BGMTI5__ps-0p001__bias-0p1__cb-0p1__nbm-lhs-parsed__nbe-0p005__nbmin-0p1__lex-from-prev__ls-0p1,stages_bg_stages_morphtok_mv_BGMTI1_BGMTI2_BGMTI3_BGMTI4_BGMTI5__ps-0p001__bias-0p1__cb-0p1__nbm-lhs-parsed__nbe-0p005__nbmin-0p1__lex-from-prev__ls-0p1__05_BGMTI5
mv,BGMTI,5,0.001,0.0,0.01,0.682355,0.287792,-7.647313,stages_bg_stages_morphtok_mv_BGMTI1_BGMTI2_BGMTI3_BGMTI4_BGMTI5__ps-0p001__bias-0p1__cb-0p1__nbm-lhs-parsed__nbe-0p01__nbmin-0p1__lex-from-prev__ls-0p0,stages_bg_stages_morphtok_mv_BGMTI1_BGMTI2_BGMTI3_BGMTI4_BGMTI5__ps-0p001__bias-0p1__cb-0p1__nbm-lhs-parsed__nbe-0p01__nbmin-0p1__lex-from-prev__ls-0p0__05_BGMTI5
mv,BGMTI,5,0.001,0.001,0.01,0.683335,0.287540,-7.648471,stages_bg_stages_morphtok_mv_BGMTI1_BGMTI2_BGMTI3_BGMTI4_BGMTI5__ps-0p001__bias-0p1__cb-0p1__nbm-lhs-parsed__nbe-0p01__nbmin-0p1__lex-from-prev__ls-0p001,stages_bg_stages_morphtok_mv_BGMTI1_BGMTI2_BGMTI3_BGMTI4_BGMTI5__ps-0p001__bias-0p1__cb-0p1__nbm-lhs-parsed__nbe-0p01__nbmin-0p1__lex-from-prev__ls-0p001__05_BGMTI5
mv,BGMTI,5,0.001,0.01,0.01,0.683544,0.288351,-7.646321,stages_bg_stages_morphtok_mv_BGMTI1_BGMTI2_BGMTI3_BGMTI4_BGMTI5__ps-0p001__bias-0p1__cb-0p1__nbm-lhs-parsed__nbe-0p01__nbmin-0p1__lex-from-prev__ls-0p01,stages_bg_stages_morphtok_mv_BGMTI1_BGMTI2_BGMTI3_BGMTI4_BGMTI5__ps-0p001__bias-0p1__cb-0p1__nbm-lhs-parsed__nbe-0p01__nbmin-0p1__lex-from-prev__ls-0p01__05_BGMTI5
mv,BGMTI,5,0.001,0.1,0.01,0.680798,0.295078,-7.641658,stages_bg_stages_morphtok_mv_BGMTI1_BGMTI2_BGMTI3_BGMTI4_BGMTI5__ps-0p001__bias-0p1__cb-0p1__nbm-lhs-parsed__nbe-0p01__nbmin-0p1__lex-from-prev__ls-0p1,stages_bg_stages_morphtok_mv_BGMTI1_BGMTI2_BGMTI3_BGMTI4_BGMTI5__ps-0p001__bias-0p1__cb-0p1__nbm-lhs-parsed__nbe-0p01__nbmin-0p1__lex-from-prev__ls-0p1__05_BGMTI5
mv,BGMTI,5,0.001,0.0,0.05,0.682983,0.287629,-7.647309,stages_bg_stages_morphtok_mv_BGMTI1_BGMTI2_BGMTI3_BGMTI4_BGMTI5__ps-0p001__bias-0p1__cb-0p1__nbm-lhs-parsed__nbe-0p05__nbmin-0p1__lex-from-prev__ls-0p0,stages_bg_stages_morphtok_mv_BGMTI1_BGMTI2_BGMTI3_BGMTI4_BGMTI5__ps-0p001__bias-0p1__cb-0p1__nbm-lhs-parsed__nbe-0p05__nbmin-0p1__lex-from-prev__ls-0p0__05_BGMTI5
mv,BGMTI,5,0.001,0.001,0.05,0.683126,0.287378,-7.648469,stages_bg_stages_morphtok_mv_BGMTI1_BGMTI2_BGMTI3_BGMTI4_BGMTI5__ps-0p001__bias-0p1__cb-0p1__nbm-lhs-parsed__nbe-0p05__nbmin-0p1__lex-from-prev__ls-0p001,stages_bg_stages_morphtok_mv_BGMTI1_BGMTI2_BGMTI3_BGMTI4_BGMTI5__ps-0p001__bias-0p1__cb-0p1__nbm-lhs-parsed__nbe-0p05__nbmin-0p1__lex-from-prev__ls-0p001__05_BGMTI5
mv,BGMTI,5,0.001,0.01,0.05,0.681661,0.288184,-7.646324,stages_bg_stages_morphtok_mv_BGMTI1_BGMTI2_BGMTI3_BGMTI4_BGMTI5__ps-0p001__bias-0p1__cb-0p1__nbm-lhs-parsed__nbe-0p05__nbmin-0p1__lex-from-prev__ls-0p01,stages_bg_stages_morphtok_mv_BGMTI1_BGMTI2_BGMTI3_BGMTI4_BGMTI5__ps-0p001__bias-0p1__cb-0p1__nbm-lhs-parsed__nbe-0p05__nbmin-0p1__lex-from-prev__ls-0p01__05_BGMTI5
mv,BGMTI,5,0.001,0.1,0.05,0.680798,0.294876,-7.641662,stages_bg_stages_morphtok_mv_BGMTI1_BGMTI2_BGMTI3_BGMTI4_BGMTI5__ps-0p001__bias-0p1__cb-0p1__nbm-lhs-parsed__nbe-0p05__nbmin-0p1__lex-from-prev__ls-0p1,stages_bg_stages_morphtok_mv_BGMTI1_BGMTI2_BGMTI3_BGMTI4_BGMTI5__ps-0p001__bias-0p1__cb-0p1__nbm-lhs-parsed__nbe-0p05__nbmin-0p1__lex-from-prev__ls-0p1__05_BGMTI5
mv,BGMTI,5,0.005,0.0,0.001,0.683049,0.287106,-7.646616,stages_bg_stages_morphtok_mv_BGMTI1_BGMTI2_BGMTI3_BGMTI4_BGMTI5__ps-0p005__bias-0p1__cb-0p1__nbm-lhs-parsed__nbe-0p001__nbmin-0p1__lex-from-prev__ls-0p0,stages_bg_stages_morphtok_mv_BGMTI1_BGMTI2_BGMTI3_BGMTI4_BGMTI5__ps-0p005__bias-0p1__cb-0p1__nbm-lhs-parsed__nbe-0p001__nbmin-0p1__lex-from-prev__ls-0p0__05_BGMTI5
mv,BGMTI,5,0.005,0.001,0.001,0.680753,0.286862,-7.647636,stages_bg_stages_morphtok_mv_BGMTI1_BGMTI2_BGMTI3_BGMTI4_BGMTI5__ps-0p005__bias-0p1__cb-0p1__nbm-lhs-parsed__nbe-0p001__nbmin-0p1__lex-from-prev__ls-0p001,stages_bg_stages_morphtok_mv_BGMTI1_BGMTI2_BGMTI3_BGMTI4_BGMTI5__ps-0p005__bias-0p1__cb-0p1__nbm-lhs-parsed__nbe-0p001__nbmin-0p1__lex-from-prev__ls-0p001__05_BGMTI5
mv,BGMTI,5,0.005,0.01,0.001,0.681162,0.287673,-7.645590,stages_bg_stages_morphtok_mv_BGMTI1_BGMTI2_BGMTI3_BGMTI4_BGMTI5__ps-0p005__bias-0p1__cb-0p1__nbm-lhs-parsed__nbe-0p001__nbmin-0p1__lex-from-prev__ls-0p01,stages_bg_stages_morphtok_mv_BGMTI1_BGMTI2_BGMTI3_BGMTI4_BGMTI5__ps-0p005__bias-0p1__cb-0p1__nbm-lhs-parsed__nbe-0p001__nbmin-0p1__lex-from-prev__ls-0p01__05_BGMTI5
mv,BGMTI,5,0.005,0.1,0.001,0.683024,0.294410,-7.641114,stages_bg_stages_morphtok_mv_BGMTI1_BGMTI2_BGMTI3_BGMTI4_BGMTI5__ps-0p005__bias-0p1__cb-0p1__nbm-lhs-parsed__nbe-0p001__nbmin-0p1__lex-from-prev__ls-0p1,stages_bg_stages_morphtok_mv_BGMTI1_BGMTI2_BGMTI3_BGMTI4_BGMTI5__ps-0p005__bias-0p1__cb-0p1__nbm-lhs-parsed__nbe-0p001__nbmin-0p1__lex-from-prev__ls-0p1__05_BGMTI5
mv,BGMTI,5,0.005,0.0,0.005,0.683886,0.287041,-7.646615,stages_bg_stages_morphtok_mv_BGMTI1_BGMTI2_BGMTI3_BGMTI4_BGMTI5__ps-0p005__bias-0p1__cb-0p1__nbm-lhs-parsed__nbe-0p005__nbmin-0p1__lex-from-prev__ls-0p0,stages_bg_stages_morphtok_mv_BGMTI1_BGMTI2_BGMTI3_BGMTI4_BGMTI5__ps-0p005__bias-0p1__cb-0p1__nbm-lhs-parsed__nbe-0p005__nbmin-0p1__lex-from-prev__ls-0p0__05_BGMTI5
mv,BGMTI,5,0.005,0.001,0.005,0.681381,0.286797,-7.647639,stages_bg_stages_morphtok_mv_BGMTI1_BGMTI2_BGMTI3_BGMTI4_BGMTI5__ps-0p005__bias-0p1__cb-0p1__nbm-lhs-parsed__nbe-0p005__nbmin-0p1__lex-from-prev__ls-0p001,stages_bg_stages_morphtok_mv_BGMTI1_BGMTI2_BGMTI3_BGMTI4_BGMTI5__ps-0p005__bias-0p1__cb-0p1__nbm-lhs-parsed__nbe-0p005__nbmin-0p1__lex-from-prev__ls-0p001__05_BGMTI5
mv,BGMTI,5,0.005,0.01,0.005,0.681790,0.287606,-7.645592,stages_bg_stages_morphtok_mv_BGMTI1_BGMTI2_BGMTI3_BGMTI4_BGMTI5__ps-0p005__bias-0p1__cb-0p1__nbm-lhs-parsed__nbe-0p005__nbmin-0p1__lex-from-prev__ls-0p01,stages_bg_stages_morphtok_mv_BGMTI1_BGMTI2_BGMTI3_BGMTI4_BGMTI5__ps-0p005__bias-0p1__cb-0p1__nbm-lhs-parsed__nbe-0p005__nbmin-0p1__lex-from-prev__ls-0p01__05_BGMTI5
mv,BGMTI,5,0.005,0.1,0.005,0.681353,0.294325,-7.641117,stages_bg_stages_morphtok_mv_BGMTI1_BGMTI2_BGMTI3_BGMTI4_BGMTI5__ps-0p005__bias-0p1__cb-0p1__nbm-lhs-parsed__nbe-0p005__nbmin-0p1__lex-from-prev__ls-0p1,stages_bg_stages_morphtok_mv_BGMTI1_BGMTI2_BGMTI3_BGMTI4_BGMTI5__ps-0p005__bias-0p1__cb-0p1__nbm-lhs-parsed__nbe-0p005__nbmin-0p1__lex-from-prev__ls-0p1__05_BGMTI5
mv,BGMTI,5,0.005,0.0,0.01,0.682631,0.286933,-7.646611,stages_bg_stages_morphtok_mv_BGMTI1_BGMTI2_BGMTI3_BGMTI4_BGMTI5__ps-0p005__bias-0p1__cb-0p1__nbm-lhs-parsed__nbe-0p01__nbmin-0p1__lex-from-prev__ls-0p0,stages_bg_stages_morphtok_mv_BGMTI1_BGMTI2_BGMTI3_BGMTI4_BGMTI5__ps-0p005__bias-0p1__cb-0p1__nbm-lhs-parsed__nbe-0p01__nbmin-0p1__lex-from-prev__ls-0p0__05_BGMTI5
mv,BGMTI,5,0.005,0.001,0.01,0.681172,0.286689,-7.647643,stages_bg_stages_morphtok_mv_BGMTI1_BGMTI2_BGMTI3_BGMTI4_BGMTI5__ps-0p005__bias-0p1__cb-0p1__nbm-lhs-parsed__nbe-0p01__nbmin-0p1__lex-from-prev__ls-0p001,stages_bg_stages_morphtok_mv_BGMTI1_BGMTI2_BGMTI3_BGMTI4_BGMTI5__ps-0p005__bias-0p1__cb-0p1__nbm-lhs-parsed__nbe-0p01__nbmin-0p1__lex-from-prev__ls-0p001__05_BGMTI5
mv,BGMTI,5,0.005,0.01,0.01,0.681999,0.287495,-7.645594,stages_bg_stages_morphtok_mv_BGMTI1_BGMTI2_BGMTI3_BGMTI4_BGMTI5__ps-0p005__bias-0p1__cb-0p1__nbm-lhs-parsed__nbe-0p01__nbmin-0p1__lex-from-prev__ls-0p01,stages_bg_stages_morphtok_mv_BGMTI1_BGMTI2_BGMTI3_BGMTI4_BGMTI5__ps-0p005__bias-0p1__cb-0p1__nbm-lhs-parsed__nbe-0p01__nbmin-0p1__lex-from-prev__ls-0p01__05_BGMTI5
mv,BGMTI,5,0.005,0.1,0.01,0.682188,0.294194,-7.641119,stages_bg_stages_morphtok_mv_BGMTI1_BGMTI2_BGMTI3_BGMTI4_BGMTI5__ps-0p005__bias-0p1__cb-0p1__nbm-lhs-parsed__nbe-0p01__nbmin-0p1__lex-from-prev__ls-0p1,stages_bg_stages_morphtok_mv_BGMTI1_BGMTI2_BGMTI3_BGMTI4_BGMTI5__ps-0p005__bias-0p1__cb-0p1__nbm-lhs-parsed__nbe-0p01__nbmin-0p1__lex-from-prev__ls-0p1__05_BGMTI5
mv,BGMTI,5,0.005,0.0,0.05,0.682422,0.285857,-7.646631,stages_bg_stages_morphtok_mv_BGMTI1_BGMTI2_BGMTI3_BGMTI4_BGMTI5__ps-0p005__bias-0p1__cb-0p1__nbm-lhs-parsed__nbe-0p05__nbmin-0p1__lex-from-prev__ls-0p0,stages_bg_stages_morphtok_mv_BGMTI1_BGMTI2_BGMTI3_BGMTI4_BGMTI5__ps-0p005__bias-0p1__cb-0p1__nbm-lhs-parsed__nbe-0p05__nbmin-0p1__lex-from-prev__ls-0p0__05_BGMTI5
mv,BGMTI,5,0.005,0.001,0.05,0.680753,0.285627,-7.647731,stages_bg_stages_morphtok_mv_BGMTI1_BGMTI2_BGMTI3_BGMTI4_BGMTI5__ps-0p005__bias-0p1__cb-0p1__nbm-lhs-parsed__nbe-0p05__nbmin-0p1__lex-from-prev__ls-0p001,stages_bg_stages_morphtok_mv_BGMTI1_BGMTI2_BGMTI3_BGMTI4_BGMTI5__ps-0p005__bias-0p1__cb-0p1__nbm-lhs-parsed__nbe-0p05__nbmin-0p1__lex-from-prev__ls-0p001__05_BGMTI5
mv,BGMTI,5,0.005,0.01,0.05,0.683044,0.286427,-7.645719,stages_bg_stages_morphtok_mv_BGMTI1_BGMTI2_BGMTI3_BGMTI4_BGMTI5__ps-0p005__bias-0p1__cb-0p1__nbm-lhs-parsed__nbe-0p05__nbmin-0p1__lex-from-prev__ls-0p01,stages_bg_stages_morphtok_mv_BGMTI1_BGMTI2_BGMTI3_BGMTI4_BGMTI5__ps-0p005__bias-0p1__cb-0p1__nbm-lhs-parsed__nbe-0p05__nbmin-0p1__lex-from-prev__ls-0p01__05_BGMTI5
mv,BGMTI,5,0.005,0.1,0.05,0.682122,0.293031,-7.641212,stages_bg_stages_morphtok_mv_BGMTI1_BGMTI2_BGMTI3_BGMTI4_BGMTI5__ps-0p005__bias-0p1__cb-0p1__nbm-lhs-parsed__nbe-0p05__nbmin-0p1__lex-from-prev__ls-0p1,stages_bg_stages_morphtok_mv_BGMTI1_BGMTI2_BGMTI3_BGMTI4_BGMTI5__ps-0p005__bias-0p1__cb-0p1__nbm-lhs-parsed__nbe-0p05__nbmin-0p1__lex-from-prev__ls-0p1__05_BGMTI5
mv,BGMTI,5,0.01,0.0,0.001,0.682738,0.286465,-7.645790,stages_bg_stages_morphtok_mv_BGMTI1_BGMTI2_BGMTI3_BGMTI4_BGMTI5__ps-0p01__bias-0p1__cb-0p1__nbm-lhs-parsed__nbe-0p001__nbmin-0p1__lex-from-prev__ls-0p0,stages_bg_stages_morphtok_mv_BGMTI1_BGMTI2_BGMTI3_BGMTI4_BGMTI5__ps-0p01__bias-0p1__cb-0p1__nbm-lhs-parsed__nbe-0p001__nbmin-0p1__lex-from-prev__ls-0p0__05_BGMTI5
mv,BGMTI,5,0.01,0.001,0.001,0.682560,0.286232,-7.646736,stages_bg_stages_morphtok_mv_BGMTI1_BGMTI2_BGMTI3_BGMTI4_BGMTI5__ps-0p01__bias-0p1__cb-0p1__nbm-lhs-parsed__nbe-0p001__nbmin-0p1__lex-from-prev__ls-0p001,stages_bg_stages_morphtok_mv_BGMTI1_BGMTI2_BGMTI3_BGMTI4_BGMTI5__ps-0p01__bias-0p1__cb-0p1__nbm-lhs-parsed__nbe-0p001__nbmin-0p1__lex-from-prev__ls-0p001__05_BGMTI5
mv,BGMTI,5,0.01,0.01,0.001,0.680113,0.287037,-7.644801,stages_bg_stages_morphtok_mv_BGMTI1_BGMTI2_BGMTI3_BGMTI4_BGMTI5__ps-0p01__bias-0p1__cb-0p1__nbm-lhs-parsed__nbe-0p001__nbmin-0p1__lex-from-prev__ls-0p01,stages_bg_stages_morphtok_mv_BGMTI1_BGMTI2_BGMTI3_BGMTI4_BGMTI5__ps-0p01__bias-0p1__cb-0p1__nbm-lhs-parsed__nbe-0p001__nbmin-0p1__lex-from-prev__ls-0p01__05_BGMTI5
mv,BGMTI,5,0.01,0.1,0.001,0.685106,0.293781,-7.640302,stages_bg_stages_morphtok_mv_BGMTI1_BGMTI2_BGMTI3_BGMTI4_BGMTI5__ps-0p01__bias-0p1__cb-0p1__nbm-lhs-parsed__nbe-0p001__nbmin-0p1__lex-from-prev__ls-0p1,stages_bg_stages_morphtok_mv_BGMTI1_BGMTI2_BGMTI3_BGMTI4_BGMTI5__ps-0p01__bias-0p1__cb-0p1__nbm-lhs-parsed__nbe-0p001__nbmin-0p1__lex-from-prev__ls-0p1__05_BGMTI5
mv,BGMTI,5,0.01,0.0,0.005,0.681652,0.286301,-7.645784,stages_bg_stages_morphtok_mv_BGMTI1_BGMTI2_BGMTI3_BGMTI4_BGMTI5__ps-0p01__bias-0p1__cb-0p1__nbm-lhs-parsed__nbe-0p005__nbmin-0p1__lex-from-prev__ls-0p0,stages_bg_stages_morphtok_mv_BGMTI1_BGMTI2_BGMTI3_BGMTI4_BGMTI5__ps-0p01__bias-0p1__cb-0p1__nbm-lhs-parsed__nbe-0p005__nbmin-0p1__lex-from-prev__ls-0p0__05_BGMTI5
mv,BGMTI,5,0.01,0.001,0.005,0.680259,0.286069,-7.646732,stages_bg_stages_morphtok_mv_BGMTI1_BGMTI2_BGMTI3_BGMTI4_BGMTI5__ps-0p01__bias-0p1__cb-0p1__nbm-lhs-parsed__nbe-0p005__nbmin-0p1__lex-from-prev__ls-0p001,stages_bg_stages_morphtok_mv_BGMTI1_BGMTI2_BGMTI3_BGMTI4_BGMTI5__ps-0p01__bias-0p1__cb-0p1__nbm-lhs-parsed__nbe-0p005__nbmin-0p1__lex-from-prev__ls-0p001__05_BGMTI5
mv,BGMTI,5,0.01,0.01,0.005,0.679068,0.286869,-7.644801,stages_bg_stages_morphtok_mv_BGMTI1_BGMTI2_BGMTI3_BGMTI4_BGMTI5__ps-0p01__bias-0p1__cb-0p1__nbm-lhs-parsed__nbe-0p005__nbmin-0p1__lex-from-prev__ls-0p01,stages_bg_stages_morphtok_mv_BGMTI1_BGMTI2_BGMTI3_BGMTI4_BGMTI5__ps-0p01__bias-0p1__cb-0p1__nbm-lhs-parsed__nbe-0p005__nbmin-0p1__lex-from-prev__ls-0p01__05_BGMTI5
mv,BGMTI,5,0.01,0.1,0.005,0.684271,0.293578,-7.640307,stages_bg_stages_morphtok_mv_BGMTI1_BGMTI2_BGMTI3_BGMTI4_BGMTI5__ps-0p01__bias-0p1__cb-0p1__nbm-lhs-parsed__nbe-0p005__nbmin-0p1__lex-from-prev__ls-0p1,stages_bg_stages_morphtok_mv_BGMTI1_BGMTI2_BGMTI3_BGMTI4_BGMTI5__ps-0p01__bias-0p1__cb-0p1__nbm-lhs-parsed__nbe-0p005__nbmin-0p1__lex-from-prev__ls-0p1__05_BGMTI5
mv,BGMTI,5,0.01,0.0,0.01,0.680815,0.286028,-7.645777,stages_bg_stages_morphtok_mv_BGMTI1_BGMTI2_BGMTI3_BGMTI4_BGMTI5__ps-0p01__bias-0p1__cb-0p1__nbm-lhs-parsed__nbe-0p01__nbmin-0p1__lex-from-prev__ls-0p0,stages_bg_stages_morphtok_mv_BGMTI1_BGMTI2_BGMTI3_BGMTI4_BGMTI5__ps-0p01__bias-0p1__cb-0p1__nbm-lhs-parsed__nbe-0p01__nbmin-0p1__lex-from-prev__ls-0p0__05_BGMTI5
mv,BGMTI,5,0.01,0.001,0.01,0.680468,0.285799,-7.646730,stages_bg_stages_morphtok_mv_BGMTI1_BGMTI2_BGMTI3_BGMTI4_BGMTI5__ps-0p01__bias-0p1__cb-0p1__nbm-lhs-parsed__nbe-0p01__nbmin-0p1__lex-from-prev__ls-0p001,stages_bg_stages_morphtok_mv_BGMTI1_BGMTI2_BGMTI3_BGMTI4_BGMTI5__ps-0p01__bias-0p1__cb-0p1__nbm-lhs-parsed__nbe-0p01__nbmin-0p1__lex-from-prev__ls-0p001__05_BGMTI5
mv,BGMTI,5,0.01,0.01,0.01,0.681576,0.286595,-7.644802,stages_bg_stages_morphtok_mv_BGMTI1_BGMTI2_BGMTI3_BGMTI4_BGMTI5__ps-0p01__bias-0p1__cb-0p1__nbm-lhs-parsed__nbe-0p01__nbmin-0p1__lex-from-prev__ls-0p01,stages_bg_stages_morphtok_mv_BGMTI1_BGMTI2_BGMTI3_BGMTI4_BGMTI5__ps-0p01__bias-0p1__cb-0p1__nbm-lhs-parsed__nbe-0p01__nbmin-0p1__lex-from-prev__ls-0p01__05_BGMTI5
mv,BGMTI,5,0.01,0.1,0.01,0.684271,0.293271,-7.640315,stages_bg_stages_morphtok_mv_BGMTI1_BGMTI2_BGMTI3_BGMTI4_BGMTI5__ps-0p01__bias-0p1__cb-0p1__nbm-lhs-parsed__nbe-0p01__nbmin-0p1__lex-from-prev__ls-0p1,stages_bg_stages_morphtok_mv_BGMTI1_BGMTI2_BGMTI3_BGMTI4_BGMTI5__ps-0p01__bias-0p1__cb-0p1__nbm-lhs-parsed__nbe-0p01__nbmin-0p1__lex-from-prev__ls-0p1__05_BGMTI5
mv,BGMTI,5,0.01,0.0,0.05,0.682208,0.284100,-7.645801,stages_bg_stages_morphtok_mv_BGMTI1_BGMTI2_BGMTI3_BGMTI4_BGMTI5__ps-0p01__bias-0p1__cb-0p1__nbm-lhs-parsed__nbe-0p05__nbmin-0p1__lex-from-prev__ls-0p0,stages_bg_stages_morphtok_mv_BGMTI1_BGMTI2_BGMTI3_BGMTI4_BGMTI5__ps-0p01__bias-0p1__cb-0p1__nbm-lhs-parsed__nbe-0p05__nbmin-0p1__lex-from-prev__ls-0p0__05_BGMTI5
mv,BGMTI,5,0.01,0.001,0.05,0.679841,0.283893,-7.646999,stages_bg_stages_morphtok_mv_BGMTI1_BGMTI2_BGMTI3_BGMTI4_BGMTI5__ps-0p01__bias-0p1__cb-0p1__nbm-lhs-parsed__nbe-0p05__nbmin-0p1__lex-from-prev__ls-0p001,stages_bg_stages_morphtok_mv_BGMTI1_BGMTI2_BGMTI3_BGMTI4_BGMTI5__ps-0p01__bias-0p1__cb-0p1__nbm-lhs-parsed__nbe-0p05__nbmin-0p1__lex-from-prev__ls-0p001__05_BGMTI5
mv,BGMTI,5,0.01,0.01,0.05,0.679904,0.284678,-7.644947,stages_bg_stages_morphtok_mv_BGMTI1_BGMTI2_BGMTI3_BGMTI4_BGMTI5__ps-0p01__bias-0p1__cb-0p1__nbm-lhs-parsed__nbe-0p05__nbmin-0p1__lex-from-prev__ls-0p01,stages_bg_stages_morphtok_mv_BGMTI1_BGMTI2_BGMTI3_BGMTI4_BGMTI5__ps-0p01__bias-0p1__cb-0p1__nbm-lhs-parsed__nbe-0p05__nbmin-0p1__lex-from-prev__ls-0p01__05_BGMTI5
mv,BGMTI,5,0.01,0.1,0.05,0.683579,0.291263,-7.640593,stages_bg_stages_morphtok_mv_BGMTI1_BGMTI2_BGMTI3_BGMTI4_BGMTI5__ps-0p01__bias-0p1__cb-0p1__nbm-lhs-parsed__nbe-0p05__nbmin-0p1__lex-from-prev__ls-0p1,stages_bg_stages_morphtok_mv_BGMTI1_BGMTI2_BGMTI3_BGMTI4_BGMTI5__ps-0p01__bias-0p1__cb-0p1__nbm-lhs-parsed__nbe-0p05__nbmin-0p1__lex-from-prev__ls-0p1__05_BGMTI5
mv,BGMTI,5,0.05,0.0,0.001,0.681520,0.284741,-7.641141,stages_bg_stages_morphtok_mv_BGMTI1_BGMTI2_BGMTI3_BGMTI4_BGMTI5__ps-0p05__bias-0p1__cb-0p1__nbm-lhs-parsed__nbe-0p001__nbmin-0p1__lex-from-prev__ls-0p0,stages_bg_stages_morphtok_mv_BGMTI1_BGMTI2_BGMTI3_BGMTI4_BGMTI5__ps-0p05__bias-0p1__cb-0p1__nbm-lhs-parsed__nbe-0p001__nbmin-0p1__lex-from-prev__ls-0p0__05_BGMTI5
mv,BGMTI,5,0.05,0.001,0.001,0.683115,0.284617,-7.641027,stages_bg_stages_morphtok_mv_BGMTI1_BGMTI2_BGMTI3_BGMTI4_BGMTI5__ps-0p05__bias-0p1__cb-0p1__nbm-lhs-parsed__nbe-0p001__nbmin-0p1__lex-from-prev__ls-0p001,stages_bg_stages_morphtok_mv_BGMTI1_BGMTI2_BGMTI3_BGMTI4_BGMTI5__ps-0p05__bias-0p1__cb-0p1__nbm-lhs-parsed__nbe-0p001__nbmin-0p1__lex-from-prev__ls-0p001__05_BGMTI5
mv,BGMTI,5,0.05,0.01,0.001,0.682561,0.285312,-7.638238,stages_bg_stages_morphtok_mv_BGMTI1_BGMTI2_BGMTI3_BGMTI4_BGMTI5__ps-0p05__bias-0p1__cb-0p1__nbm-lhs-parsed__nbe-0p001__nbmin-0p1__lex-from-prev__ls-0p01,stages_bg_stages_morphtok_mv_BGMTI1_BGMTI2_BGMTI3_BGMTI4_BGMTI5__ps-0p05__bias-0p1__cb-0p1__nbm-lhs-parsed__nbe-0p001__nbmin-0p1__lex-from-prev__ls-0p01__05_BGMTI5
mv,BGMTI,5,0.05,0.1,0.001,0.682088,0.292354,-7.632840,stages_bg_stages_morphtok_mv_BGMTI1_BGMTI2_BGMTI3_BGMTI4_BGMTI5__ps-0p05__bias-0p1__cb-0p1__nbm-lhs-parsed__nbe-0p001__nbmin-0p1__lex-from-prev__ls-0p1,stages_bg_stages_morphtok_mv_BGMTI1_BGMTI2_BGMTI3_BGMTI4_BGMTI5__ps-0p05__bias-0p1__cb-0p1__nbm-lhs-parsed__nbe-0p001__nbmin-0p1__lex-from-prev__ls-0p1__05_BGMTI5
mv,BGMTI,5,0.05,0.0,0.005,0.682769,0.283633,-7.641160,stages_bg_stages_morphtok_mv_BGMTI1_BGMTI2_BGMTI3_BGMTI4_BGMTI5__ps-0p05__bias-0p1__cb-0p1__nbm-lhs-parsed__nbe-0p005__nbmin-0p1__lex-from-prev__ls-0p0,stages_bg_stages_morphtok_mv_BGMTI1_BGMTI2_BGMTI3_BGMTI4_BGMTI5__ps-0p05__bias-0p1__cb-0p1__nbm-lhs-parsed__nbe-0p005__nbmin-0p1__lex-from-prev__ls-0p0__05_BGMTI5
mv,BGMTI,5,0.05,0.001,0.005,0.680271,0.283518,-7.641043,stages_bg_stages_morphtok_mv_BGMTI1_BGMTI2_BGMTI3_BGMTI4_BGMTI5__ps-0p05__bias-0p1__cb-0p1__nbm-lhs-parsed__nbe-0p005__nbmin-0p1__lex-from-prev__ls-0p001,stages_bg_stages_morphtok_mv_BGMTI1_BGMTI2_BGMTI3_BGMTI4_BGMTI5__ps-0p05__bias-0p1__cb-0p1__nbm-lhs-parsed__nbe-0p005__nbmin-0p1__lex-from-prev__ls-0p001__05_BGMTI5
mv,BGMTI,5,0.05,0.01,0.005,0.682211,0.284201,-7.638278,stages_bg_stages_morphtok_mv_BGMTI1_BGMTI2_BGMTI3_BGMTI4_BGMTI5__ps-0p05__bias-0p1__cb-0p1__nbm-lhs-parsed__nbe-0p005__nbmin-0p1__lex-from-prev__ls-0p01,stages_bg_stages_morphtok_mv_BGMTI1_BGMTI2_BGMTI3_BGMTI4_BGMTI5__ps-0p05__bias-0p1__cb-0p1__nbm-lhs-parsed__nbe-0p005__nbmin-0p1__lex-from-prev__ls-0p01__05_BGMTI5
mv,BGMTI,5,0.05,0.1,0.005,0.682297,0.291157,-7.632945,stages_bg_stages_morphtok_mv_BGMTI1_BGMTI2_BGMTI3_BGMTI4_BGMTI5__ps-0p05__bias-0p1__cb-0p1__nbm-lhs-parsed__nbe-0p005__nbmin-0p1__lex-from-prev__ls-0p1,stages_bg_stages_morphtok_mv_BGMTI1_BGMTI2_BGMTI3_BGMTI4_BGMTI5__ps-0p05__bias-0p1__cb-0p1__nbm-lhs-parsed__nbe-0p005__nbmin-0p1__lex-from-prev__ls-0p1__05_BGMTI5
mv,BGMTI,5,0.05,0.0,0.01,0.681312,0.282468,-7.641117,stages_bg_stages_morphtok_mv_BGMTI1_BGMTI2_BGMTI3_BGMTI4_BGMTI5__ps-0p05__bias-0p1__cb-0p1__nbm-lhs-parsed__nbe-0p01__nbmin-0p1__lex-from-prev__ls-0p0,stages_bg_stages_morphtok_mv_BGMTI1_BGMTI2_BGMTI3_BGMTI4_BGMTI5__ps-0p05__bias-0p1__cb-0p1__nbm-lhs-parsed__nbe-0p01__nbmin-0p1__lex-from-prev__ls-0p0__05_BGMTI5
mv,BGMTI,5,0.05,0.001,0.01,0.680758,0.282363,-7.640968,stages_bg_stages_morphtok_mv_BGMTI1_BGMTI2_BGMTI3_BGMTI4_BGMTI5__ps-0p05__bias-0p1__cb-0p1__nbm-lhs-parsed__nbe-0p01__nbmin-0p1__lex-from-prev__ls-0p001,stages_bg_stages_morphtok_mv_BGMTI1_BGMTI2_BGMTI3_BGMTI4_BGMTI5__ps-0p05__bias-0p1__cb-0p1__nbm-lhs-parsed__nbe-0p01__nbmin-0p1__lex-from-prev__ls-0p001__05_BGMTI5
mv,BGMTI,5,0.05,0.01,0.01,0.681936,0.283048,-7.638209,stages_bg_stages_morphtok_mv_BGMTI1_BGMTI2_BGMTI3_BGMTI4_BGMTI5__ps-0p05__bias-0p1__cb-0p1__nbm-lhs-parsed__nbe-0p01__nbmin-0p1__lex-from-prev__ls-0p01,stages_bg_stages_morphtok_mv_BGMTI1_BGMTI2_BGMTI3_BGMTI4_BGMTI5__ps-0p05__bias-0p1__cb-0p1__nbm-lhs-parsed__nbe-0p01__nbmin-0p1__lex-from-prev__ls-0p01__05_BGMTI5
mv,BGMTI,5,0.05,0.1,0.01,0.681880,0.289992,-7.633058,stages_bg_stages_morphtok_mv_BGMTI1_BGMTI2_BGMTI3_BGMTI4_BGMTI5__ps-0p05__bias-0p1__cb-0p1__nbm-lhs-parsed__nbe-0p01__nbmin-0p1__lex-from-prev__ls-0p1,stages_bg_stages_morphtok_mv_BGMTI1_BGMTI2_BGMTI3_BGMTI4_BGMTI5__ps-0p05__bias-0p1__cb-0p1__nbm-lhs-parsed__nbe-0p01__nbmin-0p1__lex-from-prev__ls-0p1__05_BGMTI5
mv,BGMTI,5,0.05,0.0,0.05,0.682632,0.277130,-7.640765,stages_bg_stages_morphtok_mv_BGMTI1_BGMTI2_BGMTI3_BGMTI4_BGMTI5__ps-0p05__bias-0p1__cb-0p1__nbm-lhs-parsed__nbe-0p05__nbmin-0p1__lex-from-prev__ls-0p0,stages_bg_stages_morphtok_mv_BGMTI1_BGMTI2_BGMTI3_BGMTI4_BGMTI5__ps-0p05__bias-0p1__cb-0p1__nbm-lhs-parsed__nbe-0p05__nbmin-0p1__lex-from-prev__ls-0p0__05_BGMTI5
mv,BGMTI,5,0.05,0.001,0.05,0.682287,0.277054,-7.640931,stages_bg_stages_morphtok_mv_BGMTI1_BGMTI2_BGMTI3_BGMTI4_BGMTI5__ps-0p05__bias-0p1__cb-0p1__nbm-lhs-parsed__nbe-0p05__nbmin-0p1__lex-from-prev__ls-0p001,stages_bg_stages_morphtok_mv_BGMTI1_BGMTI2_BGMTI3_BGMTI4_BGMTI5__ps-0p05__bias-0p1__cb-0p1__nbm-lhs-parsed__nbe-0p05__nbmin-0p1__lex-from-prev__ls-0p001__05_BGMTI5
mv,BGMTI,5,0.05,0.01,0.05,0.683252,0.277759,-7.638178,stages_bg_stages_morphtok_mv_BGMTI1_BGMTI2_BGMTI3_BGMTI4_BGMTI5__ps-0p05__bias-0p1__cb-0p1__nbm-lhs-parsed__nbe-0p05__nbmin-0p1__lex-from-prev__ls-0p01,stages_bg_stages_morphtok_mv_BGMTI1_BGMTI2_BGMTI3_BGMTI4_BGMTI5__ps-0p05__bias-0p1__cb-0p1__nbm-lhs-parsed__nbe-0p05__nbmin-0p1__lex-from-prev__ls-0p01__05_BGMTI5
mv,BGMTI,5,0.05,0.1,0.05,0.679104,0.284658,-7.633053,stages_bg_stages_morphtok_mv_BGMTI1_BGMTI2_BGMTI3_BGMTI4_BGMTI5__ps-0p05__bias-0p1__cb-0p1__nbm-lhs-parsed__nbe-0p05__nbmin-0p1__lex-from-prev__ls-0p1,stages_bg_stages_morphtok_mv_BGMTI1_BGMTI2_BGMTI3_BGMTI4_BGMTI5__ps-0p05__bias-0p1__cb-0p1__nbm-lhs-parsed__nbe-0p05__nbmin-0p1__lex-from-prev__ls-0p1__05_BGMTI5
mv,BGMTI,5,0.1,0.0,0.001,0.683318,0.285286,-7.634929,stages_bg_stages_morphtok_mv_BGMTI1_BGMTI2_BGMTI3_BGMTI4_BGMTI5__ps-0p1__bias-0p1__cb-0p1__nbm-lhs-parsed__nbe-0p001__nbmin-0p1__lex-from-prev__ls-0p0,stages_bg_stages_morphtok_mv_BGMTI1_BGMTI2_BGMTI3_BGMTI4_BGMTI5__ps-0p1__bias-0p1__cb-0p1__nbm-lhs-parsed__nbe-0p001__nbmin-0p1__lex-from-prev__ls-0p0__05_BGMTI5
mv,BGMTI,5,0.1,0.001,0.001,0.684703,0.285152,-7.635452,stages_bg_stages_morphtok_mv_BGMTI1_BGMTI2_BGMTI3_BGMTI4_BGMTI5__ps-0p1__bias-0p1__cb-0p1__nbm-lhs-parsed__nbe-0p001__nbmin-0p1__lex-from-prev__ls-0p001,stages_bg_stages_morphtok_mv_BGMTI1_BGMTI2_BGMTI3_BGMTI4_BGMTI5__ps-0p1__bias-0p1__cb-0p1__nbm-lhs-parsed__nbe-0p001__nbmin-0p1__lex-from-prev__ls-0p001__05_BGMTI5
mv,BGMTI,5,0.1,0.01,0.001,0.686576,0.285809,-7.633476,stages_bg_stages_morphtok_mv_BGMTI1_BGMTI2_BGMTI3_BGMTI4_BGMTI5__ps-0p1__bias-0p1__cb-0p1__nbm-lhs-parsed__nbe-0p001__nbmin-0p1__lex-from-prev__ls-0p01,stages_bg_stages_morphtok_mv_BGMTI1_BGMTI2_BGMTI3_BGMTI4_BGMTI5__ps-0p1__bias-0p1__cb-0p1__nbm-lhs-parsed__nbe-0p001__nbmin-0p1__lex-from-prev__ls-0p01__05_BGMTI5
mv,BGMTI,5,0.1,0.1,0.001,0.681823,0.293482,-7.623414,stages_bg_stages_morphtok_mv_BGMTI1_BGMTI2_BGMTI3_BGMTI4_BGMTI5__ps-0p1__bias-0p1__cb-0p1__nbm-lhs-parsed__nbe-0p001__nbmin-0p1__lex-from-prev__ls-0p1,stages_bg_stages_morphtok_mv_BGMTI1_BGMTI2_BGMTI3_BGMTI4_BGMTI5__ps-0p1__bias-0p1__cb-0p1__nbm-lhs-parsed__nbe-0p001__nbmin-0p1__lex-from-prev__ls-0p1__05_BGMTI5
mv,BGMTI,5,0.1,0.0,0.005,0.685251,0.283116,-7.635115,stages_bg_stages_morphtok_mv_BGMTI1_BGMTI2_BGMTI3_BGMTI4_BGMTI5__ps-0p1__bias-0p1__cb-0p1__nbm-lhs-parsed__nbe-0p005__nbmin-0p1__lex-from-prev__ls-0p0,stages_bg_stages_morphtok_mv_BGMTI1_BGMTI2_BGMTI3_BGMTI4_BGMTI5__ps-0p1__bias-0p1__cb-0p1__nbm-lhs-parsed__nbe-0p005__nbmin-0p1__lex-from-prev__ls-0p0__05_BGMTI5
mv,BGMTI,5,0.1,0.001,0.005,0.684615,0.282997,-7.635562,stages_bg_stages_morphtok_mv_BGMTI1_BGMTI2_BGMTI3_BGMTI4_BGMTI5__ps-0p1__bias-0p1__cb-0p1__nbm-lhs-parsed__nbe-0p005__nbmin-0p1__lex-from-prev__ls-0p001,stages_bg_stages_morphtok_mv_BGMTI1_BGMTI2_BGMTI3_BGMTI4_BGMTI5__ps-0p1__bias-0p1__cb-0p1__nbm-lhs-parsed__nbe-0p005__nbmin-0p1__lex-from-prev__ls-0p001__05_BGMTI5
mv,BGMTI,5,0.1,0.01,0.005,0.689333,0.283654,-7.633357,stages_bg_stages_morphtok_mv_BGMTI1_BGMTI2_BGMTI3_BGMTI4_BGMTI5__ps-0p1__bias-0p1__cb-0p1__nbm-lhs-parsed__nbe-0p005__nbmin-0p1__lex-from-prev__ls-0p01,stages_bg_stages_morphtok_mv_BGMTI1_BGMTI2_BGMTI3_BGMTI4_BGMTI5__ps-0p1__bias-0p1__cb-0p1__nbm-lhs-parsed__nbe-0p005__nbmin-0p1__lex-from-prev__ls-0p01__05_BGMTI5
mv,BGMTI,5,0.1,0.1,0.005,0.681051,0.291236,-7.623794,stages_bg_stages_morphtok_mv_BGMTI1_BGMTI2_BGMTI3_BGMTI4_BGMTI5__ps-0p1__bias-0p1__cb-0p1__nbm-lhs-parsed__nbe-0p005__nbmin-0p1__lex-from-prev__ls-0p1,stages_bg_stages_morphtok_mv_BGMTI1_BGMTI2_BGMTI3_BGMTI4_BGMTI5__ps-0p1__bias-0p1__cb-0p1__nbm-lhs-parsed__nbe-0p005__nbmin-0p1__lex-from-prev__ls-0p1__05_BGMTI5
mv,BGMTI,5,0.1,0.0,0.01,0.683170,0.281211,-7.635034,stages_bg_stages_morphtok_mv_BGMTI1_BGMTI2_BGMTI3_BGMTI4_BGMTI5__ps-0p1__bias-0p1__cb-0p1__nbm-lhs-parsed__nbe-0p01__nbmin-0p1__lex-from-prev__ls-0p0,stages_bg_stages_morphtok_mv_BGMTI1_BGMTI2_BGMTI3_BGMTI4_BGMTI5__ps-0p1__bias-0p1__cb-0p1__nbm-lhs-parsed__nbe-0p01__nbmin-0p1__lex-from-prev__ls-0p0__05_BGMTI5
mv,BGMTI,5,0.1,0.001,0.01,0.684134,0.281104,-7.635410,stages_bg_stages_morphtok_mv_BGMTI1_BGMTI2_BGMTI3_BGMTI4_BGMTI5__ps-0p1__bias-0p1__cb-0p1__nbm-lhs-parsed__nbe-0p01__nbmin-0p1__lex-from-prev__ls-0p001,stages_bg_stages_morphtok_mv_BGMTI1_BGMTI2_BGMTI3_BGMTI4_BGMTI5__ps-0p1__bias-0p1__cb-0p1__nbm-lhs-parsed__nbe-0p01__nbmin-0p1__lex-from-prev__ls-0p001__05_BGMTI5
mv,BGMTI,5,0.1,0.01,0.01,0.689189,0.281775,-7.633184,stages_bg_stages_morphtok_mv_BGMTI1_BGMTI2_BGMTI3_BGMTI4_BGMTI5__ps-0p1__bias-0p1__cb-0p1__nbm-lhs-parsed__nbe-0p01__nbmin-0p1__lex-from-prev__ls-0p01,stages_bg_stages_morphtok_mv_BGMTI1_BGMTI2_BGMTI3_BGMTI4_BGMTI5__ps-0p1__bias-0p1__cb-0p1__nbm-lhs-parsed__nbe-0p01__nbmin-0p1__lex-from-prev__ls-0p01__05_BGMTI5
mv,BGMTI,5,0.1,0.1,0.01,0.680909,0.289365,-7.623872,stages_bg_stages_morphtok_mv_BGMTI1_BGMTI2_BGMTI3_BGMTI4_BGMTI5__ps-0p1__bias-0p1__cb-0p1__nbm-lhs-parsed__nbe-0p01__nbmin-0p1__lex-from-prev__ls-0p1,stages_bg_stages_morphtok_mv_BGMTI1_BGMTI2_BGMTI3_BGMTI4_BGMTI5__ps-0p1__bias-0p1__cb-0p1__nbm-lhs-parsed__nbe-0p01__nbmin-0p1__lex-from-prev__ls-0p1__05_BGMTI5
mv,BGMTI,5,0.1,0.0,0.05,0.684758,0.272931,-7.633660,stages_bg_stages_morphtok_mv_BGMTI1_BGMTI2_BGMTI3_BGMTI4_BGMTI5__ps-0p1__bias-0p1__cb-0p1__nbm-lhs-parsed__nbe-0p05__nbmin-0p1__lex-from-prev__ls-0p0,stages_bg_stages_morphtok_mv_BGMTI1_BGMTI2_BGMTI3_BGMTI4_BGMTI5__ps-0p1__bias-0p1__cb-0p1__nbm-lhs-parsed__nbe-0p05__nbmin-0p1__lex-from-prev__ls-0p0__05_BGMTI5
mv,BGMTI,5,0.1,0.001,0.05,0.682267,0.272861,-7.633302,stages_bg_stages_morphtok_mv_BGMTI1_BGMTI2_BGMTI3_BGMTI4_BGMTI5__ps-0p1__bias-0p1__cb-0p1__nbm-lhs-parsed__nbe-0p05__nbmin-0p1__lex-from-prev__ls-0p001,stages_bg_stages_morphtok_mv_BGMTI1_BGMTI2_BGMTI3_BGMTI4_BGMTI5__ps-0p1__bias-0p1__cb-0p1__nbm-lhs-parsed__nbe-0p05__nbmin-0p1__lex-from-prev__ls-0p001__05_BGMTI5
mv,BGMTI,5,0.1,0.01,0.05,0.686077,0.273555,-7.630571,stages_bg_stages_morphtok_mv_BGMTI1_BGMTI2_BGMTI3_BGMTI4_BGMTI5__ps-0p1__bias-0p1__cb-0p1__nbm-lhs-parsed__nbe-0p05__nbmin-0p1__lex-from-prev__ls-0p01,stages_bg_stages_morphtok_mv_BGMTI1_BGMTI2_BGMTI3_BGMTI4_BGMTI5__ps-0p1__bias-0p1__cb-0p1__nbm-lhs-parsed__nbe-0p05__nbmin-0p1__lex-from-prev__ls-0p01__05_BGMTI5
mv,BGMTI,5,0.1,0.1,0.05,0.680350,0.280993,-7.623425,stages_bg_stages_morphtok_mv_BGMTI1_BGMTI2_BGMTI3_BGMTI4_BGMTI5__ps-0p1__bias-0p1__cb-0p1__nbm-lhs-parsed__nbe-0p05__nbmin-0p1__lex-from-prev__ls-0p1,stages_bg_stages_morphtok_mv_BGMTI1_BGMTI2_BGMTI3_BGMTI4_BGMTI5__ps-0p1__bias-0p1__cb-0p1__nbm-lhs-parsed__nbe-0p05__nbmin-0p1__lex-from-prev__ls-0p1__05_BGMTI5
mv,BGMTI,5,0.2,0.0,0.001,0.680400,0.292371,-7.622667,stages_bg_stages_morphtok_mv_BGMTI1_BGMTI2_BGMTI3_BGMTI4_BGMTI5__ps-0p2__bias-0p1__cb-0p1__nbm-lhs-parsed__nbe-0p001__nbmin-0p1__lex-from-prev__ls-0p0,stages_bg_stages_morphtok_mv_BGMTI1_BGMTI2_BGMTI3_BGMTI4_BGMTI5__ps-0p2__bias-0p1__cb-0p1__nbm-lhs-parsed__nbe-0p001__nbmin-0p1__lex-from-prev__ls-0p0__05_BGMTI5
mv,BGMTI,5,0.2,0.001,0.001,0.694184,0.292234,-7.623497,stages_bg_stages_morphtok_mv_BGMTI1_BGMTI2_BGMTI3_BGMTI4_BGMTI5__ps-0p2__bias-0p1__cb-0p1__nbm-lhs-parsed__nbe-0p001__nbmin-0p1__lex-from-prev__ls-0p001,stages_bg_stages_morphtok_mv_BGMTI1_BGMTI2_BGMTI3_BGMTI4_BGMTI5__ps-0p2__bias-0p1__cb-0p1__nbm-lhs-parsed__nbe-0p001__nbmin-0p1__lex-from-prev__ls-0p001__05_BGMTI5
mv,BGMTI,5,0.2,0.01,0.001,0.693059,0.292656,-7.620041,stages_bg_stages_morphtok_mv_BGMTI1_BGMTI2_BGMTI3_BGMTI4_BGMTI5__ps-0p2__bias-0p1__cb-0p1__nbm-lhs-parsed__nbe-0p001__nbmin-0p1__lex-from-prev__ls-0p01,stages_bg_stages_morphtok_mv_BGMTI1_BGMTI2_BGMTI3_BGMTI4_BGMTI5__ps-0p2__bias-0p1__cb-0p1__nbm-lhs-parsed__nbe-0p001__nbmin-0p1__lex-from-prev__ls-0p01__05_BGMTI5
mv,BGMTI,5,0.2,0.1,0.001,0.691808,0.299925,-7.609256,stages_bg_stages_morphtok_mv_BGMTI1_BGMTI2_BGMTI3_BGMTI4_BGMTI5__ps-0p2__bias-0p1__cb-0p1__nbm-lhs-parsed__nbe-0p001__nbmin-0p1__lex-from-prev__ls-0p1,stages_bg_stages_morphtok_mv_BGMTI1_BGMTI2_BGMTI3_BGMTI4_BGMTI5__ps-0p2__bias-0p1__cb-0p1__nbm-lhs-parsed__nbe-0p001__nbmin-0p1__lex-from-prev__ls-0p1__05_BGMTI5
mv,BGMTI,5,0.2,0.0,0.005,0.682187,0.287931,-7.622399,stages_bg_stages_morphtok_mv_BGMTI1_BGMTI2_BGMTI3_BGMTI4_BGMTI5__ps-0p2__bias-0p1__cb-0p1__nbm-lhs-parsed__nbe-0p005__nbmin-0p1__lex-from-prev__ls-0p0,stages_bg_stages_morphtok_mv_BGMTI1_BGMTI2_BGMTI3_BGMTI4_BGMTI5__ps-0p2__bias-0p1__cb-0p1__nbm-lhs-parsed__nbe-0p005__nbmin-0p1__lex-from-prev__ls-0p0__05_BGMTI5
mv,BGMTI,5,0.2,0.001,0.005,0.679171,0.287828,-7.623057,stages_bg_stages_morphtok_mv_BGMTI1_BGMTI2_BGMTI3_BGMTI4_BGMTI5__ps-0p2__bias-0p1__cb-0p1__nbm-lhs-parsed__nbe-0p005__nbmin-0p1__lex-from-prev__ls-0p001,stages_bg_stages_morphtok_mv_BGMTI1_BGMTI2_BGMTI3_BGMTI4_BGMTI5__ps-0p2__bias-0p1__cb-0p1__nbm-lhs-parsed__nbe-0p005__nbmin-0p1__lex-from-prev__ls-0p001__05_BGMTI5
mv,BGMTI,5,0.2,0.01,0.005,0.682840,0.288310,-7.619517,stages_bg_stages_morphtok_mv_BGMTI1_BGMTI2_BGMTI3_BGMTI4_BGMTI5__ps-0p2__bias-0p1__cb-0p1__nbm-lhs-parsed__nbe-0p005__nbmin-0p1__lex-from-prev__ls-0p01,stages_bg_stages_morphtok_mv_BGMTI1_BGMTI2_BGMTI3_BGMTI4_BGMTI5__ps-0p2__bias-0p1__cb-0p1__nbm-lhs-parsed__nbe-0p005__nbmin-0p1__lex-from-prev__ls-0p01__05_BGMTI5
mv,BGMTI,5,0.2,0.1,0.005,0.691928,0.295726,-7.608918,stages_bg_stages_morphtok_mv_BGMTI1_BGMTI2_BGMTI3_BGMTI4_BGMTI5__ps-0p2__bias-0p1__cb-0p1__nbm-lhs-parsed__nbe-0p005__nbmin-0p1__lex-from-prev__ls-0p1,stages_bg_stages_morphtok_mv_BGMTI1_BGMTI2_BGMTI3_BGMTI4_BGMTI5__ps-0p2__bias-0p1__cb-0p1__nbm-lhs-parsed__nbe-0p005__nbmin-0p1__lex-from-prev__ls-0p1__05_BGMTI5
mv,BGMTI,5,0.2,0.0,0.01,0.684057,0.284378,-7.622201,stages_bg_stages_morphtok_mv_BGMTI1_BGMTI2_BGMTI3_BGMTI4_BGMTI5__ps-0p2__bias-0p1__cb-0p1__nbm-lhs-parsed__nbe-0p01__nbmin-0p1__lex-from-prev__ls-0p0,stages_bg_stages_morphtok_mv_BGMTI1_BGMTI2_BGMTI3_BGMTI4_BGMTI5__ps-0p2__bias-0p1__cb-0p1__nbm-lhs-parsed__nbe-0p01__nbmin-0p1__lex-from-prev__ls-0p0__05_BGMTI5
mv,BGMTI,5,0.2,0.001,0.01,0.684381,0.284299,-7.622171,stages_bg_stages_morphtok_mv_BGMTI1_BGMTI2_BGMTI3_BGMTI4_BGMTI5__ps-0p2__bias-0p1__cb-0p1__nbm-lhs-parsed__nbe-0p01__nbmin-0p1__lex-from-prev__ls-0p001,stages_bg_stages_morphtok_mv_BGMTI1_BGMTI2_BGMTI3_BGMTI4_BGMTI5__ps-0p2__bias-0p1__cb-0p1__nbm-lhs-parsed__nbe-0p01__nbmin-0p1__lex-from-prev__ls-0p001__05_BGMTI5
mv,BGMTI,5,0.2,0.01,0.01,0.681515,0.284835,-7.618516,stages_bg_stages_morphtok_mv_BGMTI1_BGMTI2_BGMTI3_BGMTI4_BGMTI5__ps-0p2__bias-0p1__cb-0p1__nbm-lhs-parsed__nbe-0p01__nbmin-0p1__lex-from-prev__ls-0p01,stages_bg_stages_morphtok_mv_BGMTI1_BGMTI2_BGMTI3_BGMTI4_BGMTI5__ps-0p2__bias-0p1__cb-0p1__nbm-lhs-parsed__nbe-0p01__nbmin-0p1__lex-from-prev__ls-0p01__05_BGMTI5
mv,BGMTI,5,0.2,0.1,0.01,0.676830,0.292404,-7.608243,stages_bg_stages_morphtok_mv_BGMTI1_BGMTI2_BGMTI3_BGMTI4_BGMTI5__ps-0p2__bias-0p1__cb-0p1__nbm-lhs-parsed__nbe-0p01__nbmin-0p1__lex-from-prev__ls-0p1,stages_bg_stages_morphtok_mv_BGMTI1_BGMTI2_BGMTI3_BGMTI4_BGMTI5__ps-0p2__bias-0p1__cb-0p1__nbm-lhs-parsed__nbe-0p01__nbmin-0p1__lex-from-prev__ls-0p1__05_BGMTI5
mv,BGMTI,5,0.2,0.0,0.05,0.678761,0.270259,-7.618819,stages_bg_stages_morphtok_mv_BGMTI1_BGMTI2_BGMTI3_BGMTI4_BGMTI5__ps-0p2__bias-0p1__cb-0p1__nbm-lhs-parsed__nbe-0p05__nbmin-0p1__lex-from-prev__ls-0p0,stages_bg_stages_morphtok_mv_BGMTI1_BGMTI2_BGMTI3_BGMTI4_BGMTI5__ps-0p2__bias-0p1__cb-0p1__nbm-lhs-parsed__nbe-0p05__nbmin-0p1__lex-from-prev__ls-0p0__05_BGMTI5
mv,BGMTI,5,0.2,0.001,0.05,0.677507,0.270240,-7.618560,stages_bg_stages_morphtok_mv_BGMTI1_BGMTI2_BGMTI3_BGMTI4_BGMTI5__ps-0p2__bias-0p1__cb-0p1__nbm-lhs-parsed__nbe-0p05__nbmin-0p1__lex-from-prev__ls-0p001,stages_bg_stages_morphtok_mv_BGMTI1_BGMTI2_BGMTI3_BGMTI4_BGMTI5__ps-0p2__bias-0p1__cb-0p1__nbm-lhs-parsed__nbe-0p05__nbmin-0p1__lex-from-prev__ls-0p001__05_BGMTI5
mv,BGMTI,5,0.2,0.01,0.05,0.681870,0.270952,-7.613871,stages_bg_stages_morphtok_mv_BGMTI1_BGMTI2_BGMTI3_BGMTI4_BGMTI5__ps-0p2__bias-0p1__cb-0p1__nbm-lhs-parsed__nbe-0p05__nbmin-0p1__lex-from-prev__ls-0p01,stages_bg_stages_morphtok_mv_BGMTI1_BGMTI2_BGMTI3_BGMTI4_BGMTI5__ps-0p2__bias-0p1__cb-0p1__nbm-lhs-parsed__nbe-0p05__nbmin-0p1__lex-from-prev__ls-0p01__05_BGMTI5
mv,BGMTI,5,0.2,0.1,0.05,0.674945,0.278855,-7.605764,stages_bg_stages_morphtok_mv_BGMTI1_BGMTI2_BGMTI3_BGMTI4_BGMTI5__ps-0p2__bias-0p1__cb-0p1__nbm-lhs-parsed__nbe-0p05__nbmin-0p1__lex-from-prev__ls-0p1,stages_bg_stages_morphtok_mv_BGMTI1_BGMTI2_BGMTI3_BGMTI4_BGMTI5__ps-0p2__bias-0p1__cb-0p1__nbm-lhs-parsed__nbe-0p05__nbmin-0p1__lex-from-prev__ls-0p1__05_BGMTI5
mv,BGMTMMM,5,0.001,0.0,0.001,0.683407,0.290436,-7.647338,stages_bg_stages_morphtok_mv_BGMTMMM1_BGMTMMM2_BGMTMMM3_BGMTMMM4_BGMTMMM5__ps-0p001__bias-0p1__cb-0p1__nbm-lhs-parsed__nbe-0p001__nbmin-0p1__lex-from-prev__ls-0p0,stages_bg_stages_morphtok_mv_BGMTMMM1_BGMTMMM2_BGMTMMM3_BGMTMMM4_BGMTMMM5__ps-0p001__bias-0p1__cb-0p1__nbm-lhs-parsed__nbe-0p001__nbmin-0p1__lex-from-prev__ls-0p0__05_BGMTMMM5
mv,BGMTMMM,5,0.001,0.001,0.001,0.682845,0.289991,-7.643920,stages_bg_stages_morphtok_mv_BGMTMMM1_BGMTMMM2_BGMTMMM3_BGMTMMM4_BGMTMMM5__ps-0p001__bias-0p1__cb-0p1__nbm-lhs-parsed__nbe-0p001__nbmin-0p1__lex-from-prev__ls-0p001,stages_bg_stages_morphtok_mv_BGMTMMM1_BGMTMMM2_BGMTMMM3_BGMTMMM4_BGMTMMM5__ps-0p001__bias-0p1__cb-0p1__nbm-lhs-parsed__nbe-0p001__nbmin-0p1__lex-from-prev__ls-0p001__05_BGMTMMM5
mv,BGMTMMM,5,0.001,0.01,0.001,0.685009,0.290771,-7.643503,stages_bg_stages_morphtok_mv_BGMTMMM1_BGMTMMM2_BGMTMMM3_BGMTMMM4_BGMTMMM5__ps-0p001__bias-0p1__cb-0p1__nbm-lhs-parsed__nbe-0p001__nbmin-0p1__lex-from-prev__ls-0p01,stages_bg_stages_morphtok_mv_BGMTMMM1_BGMTMMM2_BGMTMMM3_BGMTMMM4_BGMTMMM5__ps-0p001__bias-0p1__cb-0p1__nbm-lhs-parsed__nbe-0p001__nbmin-0p1__lex-from-prev__ls-0p01__05_BGMTMMM5
mv,BGMTMMM,5,0.001,0.1,0.001,0.680063,0.302041,-7.646080,stages_bg_stages_morphtok_mv_BGMTMMM1_BGMTMMM2_BGMTMMM3_BGMTMMM4_BGMTMMM5__ps-0p001__bias-0p1__cb-0p1__nbm-lhs-parsed__nbe-0p001__nbmin-0p1__lex-from-prev__ls-0p1,stages_bg_stages_morphtok_mv_BGMTMMM1_BGMTMMM2_BGMTMMM3_BGMTMMM4_BGMTMMM5__ps-0p001__bias-0p1__cb-0p1__nbm-lhs-parsed__nbe-0p001__nbmin-0p1__lex-from-prev__ls-0p1__05_BGMTMMM5
mv,BGMTMMM,5,0.001,0.0,0.005,0.682988,0.290429,-7.647339,stages_bg_stages_morphtok_mv_BGMTMMM1_BGMTMMM2_BGMTMMM3_BGMTMMM4_BGMTMMM5__ps-0p001__bias-0p1__cb-0p1__nbm-lhs-parsed__nbe-0p005__nbmin-0p1__lex-from-prev__ls-0p0,stages_bg_stages_morphtok_mv_BGMTMMM1_BGMTMMM2_BGMTMMM3_BGMTMMM4_BGMTMMM5__ps-0p001__bias-0p1__cb-0p1__nbm-lhs-parsed__nbe-0p005__nbmin-0p1__lex-from-prev__ls-0p0__05_BGMTMMM5
mv,BGMTMMM,5,0.001,0.001,0.005,0.682845,0.289984,-7.643920,stages_bg_stages_morphtok_mv_BGMTMMM1_BGMTMMM2_BGMTMMM3_BGMTMMM4_BGMTMMM5__ps-0p001__bias-0p1__cb-0p1__nbm-lhs-parsed__nbe-0p005__nbmin-0p1__lex-from-prev__ls-0p001,stages_bg_stages_morphtok_mv_BGMTMMM1_BGMTMMM2_BGMTMMM3_BGMTMMM4_BGMTMMM5__ps-0p001__bias-0p1__cb-0p1__nbm-lhs-parsed__nbe-0p005__nbmin-0p1__lex-from-prev__ls-0p001__05_BGMTMMM5
mv,BGMTMMM,5,0.001,0.01,0.005,0.683963,0.290764,-7.643504,stages_bg_stages_morphtok_mv_BGMTMMM1_BGMTMMM2_BGMTMMM3_BGMTMMM4_BGMTMMM5__ps-0p001__bias-0p1__cb-0p1__nbm-lhs-parsed__nbe-0p005__nbmin-0p1__lex-from-prev__ls-0p01,stages_bg_stages_morphtok_mv_BGMTMMM1_BGMTMMM2_BGMTMMM3_BGMTMMM4_BGMTMMM5__ps-0p001__bias-0p1__cb-0p1__nbm-lhs-parsed__nbe-0p005__nbmin-0p1__lex-from-prev__ls-0p01__05_BGMTMMM5
mv,BGMTMMM,5,0.001,0.1,0.005,0.679226,0.302036,-7.646081,stages_bg_stages_morphtok_mv_BGMTMMM1_BGMTMMM2_BGMTMMM3_BGMTMMM4_BGMTMMM5__ps-0p001__bias-0p1__cb-0p1__nbm-lhs-parsed__nbe-0p005__nbmin-0p1__lex-from-prev__ls-0p1,stages_bg_stages_morphtok_mv_BGMTMMM1_BGMTMMM2_BGMTMMM3_BGMTMMM4_BGMTMMM5__ps-0p001__bias-0p1__cb-0p1__nbm-lhs-parsed__nbe-0p005__nbmin-0p1__lex-from-prev__ls-0p1__05_BGMTMMM5
mv,BGMTMMM,5,0.001,0.0,0.01,0.684662,0.290418,-7.647347,stages_bg_stages_morphtok_mv_BGMTMMM1_BGMTMMM2_BGMTMMM3_BGMTMMM4_BGMTMMM5__ps-0p001__bias-0p1__cb-0p1__nbm-lhs-parsed__nbe-0p01__nbmin-0p1__lex-from-prev__ls-0p0,stages_bg_stages_morphtok_mv_BGMTMMM1_BGMTMMM2_BGMTMMM3_BGMTMMM4_BGMTMMM5__ps-0p001__bias-0p1__cb-0p1__nbm-lhs-parsed__nbe-0p01__nbmin-0p1__lex-from-prev__ls-0p0__05_BGMTMMM5
mv,BGMTMMM,5,0.001,0.001,0.01,0.681590,0.289973,-7.643929,stages_bg_stages_morphtok_mv_BGMTMMM1_BGMTMMM2_BGMTMMM3_BGMTMMM4_BGMTMMM5__ps-0p001__bias-0p1__cb-0p1__nbm-lhs-parsed__nbe-0p01__nbmin-0p1__lex-from-prev__ls-0p001,stages_bg_stages_morphtok_mv_BGMTMMM1_BGMTMMM2_BGMTMMM3_BGMTMMM4_BGMTMMM5__ps-0p001__bias-0p1__cb-0p1__nbm-lhs-parsed__nbe-0p01__nbmin-0p1__lex-from-prev__ls-0p001__05_BGMTMMM5
mv,BGMTMMM,5,0.001,0.01,0.01,0.681870,0.290753,-7.643507,stages_bg_stages_morphtok_mv_BGMTMMM1_BGMTMMM2_BGMTMMM3_BGMTMMM4_BGMTMMM5__ps-0p001__bias-0p1__cb-0p1__nbm-lhs-parsed__nbe-0p01__nbmin-0p1__lex-from-prev__ls-0p01,stages_bg_stages_morphtok_mv_BGMTMMM1_BGMTMMM2_BGMTMMM3_BGMTMMM4_BGMTMMM5__ps-0p001__bias-0p1__cb-0p1__nbm-lhs-parsed__nbe-0p01__nbmin-0p1__lex-from-prev__ls-0p01__05_BGMTMMM5
mv,BGMTMMM,5,0.001,0.1,0.01,0.680691,0.302026,-7.646092,stages_bg_stages_morphtok_mv_BGMTMMM1_BGMTMMM2_BGMTMMM3_BGMTMMM4_BGMTMMM5__ps-0p001__bias-0p1__cb-0p1__nbm-lhs-parsed__nbe-0p01__nbmin-0p1__lex-from-prev__ls-0p1,stages_bg_stages_morphtok_mv_BGMTMMM1_BGMTMMM2_BGMTMMM3_BGMTMMM4_BGMTMMM5__ps-0p001__bias-0p1__cb-0p1__nbm-lhs-parsed__nbe-0p01__nbmin-0p1__lex-from-prev__ls-0p1__05_BGMTMMM5
mv,BGMTMMM,5,0.001,0.0,0.05,0.683616,0.290300,-7.647429,stages_bg_stages_morphtok_mv_BGMTMMM1_BGMTMMM2_BGMTMMM3_BGMTMMM4_BGMTMMM5__ps-0p001__bias-0p1__cb-0p1__nbm-lhs-parsed__nbe-0p05__nbmin-0p1__lex-from-prev__ls-0p0,stages_bg_stages_morphtok_mv_BGMTMMM1_BGMTMMM2_BGMTMMM3_BGMTMMM4_BGMTMMM5__ps-0p001__bias-0p1__cb-0p1__nbm-lhs-parsed__nbe-0p05__nbmin-0p1__lex-from-prev__ls-0p0__05_BGMTMMM5
mv,BGMTMMM,5,0.001,0.001,0.05,0.684376,0.289854,-7.644017,stages_bg_stages_morphtok_mv_BGMTMMM1_BGMTMMM2_BGMTMMM3_BGMTMMM4_BGMTMMM5__ps-0p001__bias-0p1__cb-0p1__nbm-lhs-parsed__nbe-0p05__nbmin-0p1__lex-from-prev__ls-0p001,stages_bg_stages_morphtok_mv_BGMTMMM1_BGMTMMM2_BGMTMMM3_BGMTMMM4_BGMTMMM5__ps-0p001__bias-0p1__cb-0p1__nbm-lhs-parsed__nbe-0p05__nbmin-0p1__lex-from-prev__ls-0p001__05_BGMTMMM5
mv,BGMTMMM,5,0.001,0.01,0.05,0.683192,0.290632,-7.643582,stages_bg_stages_morphtok_mv_BGMTMMM1_BGMTMMM2_BGMTMMM3_BGMTMMM4_BGMTMMM5__ps-0p001__bias-0p1__cb-0p1__nbm-lhs-parsed__nbe-0p05__nbmin-0p1__lex-from-prev__ls-0p01,stages_bg_stages_morphtok_mv_BGMTMMM1_BGMTMMM2_BGMTMMM3_BGMTMMM4_BGMTMMM5__ps-0p001__bias-0p1__cb-0p1__nbm-lhs-parsed__nbe-0p05__nbmin-0p1__lex-from-prev__ls-0p01__05_BGMTMMM5
mv,BGMTMMM,5,0.001,0.1,0.05,0.679778,0.301898,-7.646175,stages_bg_stages_morphtok_mv_BGMTMMM1_BGMTMMM2_BGMTMMM3_BGMTMMM4_BGMTMMM5__ps-0p001__bias-0p1__cb-0p1__nbm-lhs-parsed__nbe-0p05__nbmin-0p1__lex-from-prev__ls-0p1,stages_bg_stages_morphtok_mv_BGMTMMM1_BGMTMMM2_BGMTMMM3_BGMTMMM4_BGMTMMM5__ps-0p001__bias-0p1__cb-0p1__nbm-lhs-parsed__nbe-0p05__nbmin-0p1__lex-from-prev__ls-0p1__05_BGMTMMM5
mv,BGMTMMM,5,0.005,0.0,0.001,0.678470,0.294208,-7.646945,stages_bg_stages_morphtok_mv_BGMTMMM1_BGMTMMM2_BGMTMMM3_BGMTMMM4_BGMTMMM5__ps-0p005__bias-0p1__cb-0p1__nbm-lhs-parsed__nbe-0p001__nbmin-0p1__lex-from-prev__ls-0p0,stages_bg_stages_morphtok_mv_BGMTMMM1_BGMTMMM2_BGMTMMM3_BGMTMMM4_BGMTMMM5__ps-0p005__bias-0p1__cb-0p1__nbm-lhs-parsed__nbe-0p001__nbmin-0p1__lex-from-prev__ls-0p0__05_BGMTMMM5
mv,BGMTMMM,5,0.005,0.001,0.001,0.676936,0.293753,-7.643468,stages_bg_stages_morphtok_mv_BGMTMMM1_BGMTMMM2_BGMTMMM3_BGMTMMM4_BGMTMMM5__ps-0p005__bias-0p1__cb-0p1__nbm-lhs-parsed__nbe-0p001__nbmin-0p1__lex-from-prev__ls-0p001,stages_bg_stages_morphtok_mv_BGMTMMM1_BGMTMMM2_BGMTMMM3_BGMTMMM4_BGMTMMM5__ps-0p005__bias-0p1__cb-0p1__nbm-lhs-parsed__nbe-0p001__nbmin-0p1__lex-from-prev__ls-0p001__05_BGMTMMM5
mv,BGMTMMM,5,0.005,0.01,0.001,0.678897,0.294485,-7.643330,stages_bg_stages_morphtok_mv_BGMTMMM1_BGMTMMM2_BGMTMMM3_BGMTMMM4_BGMTMMM5__ps-0p005__bias-0p1__cb-0p1__nbm-lhs-parsed__nbe-0p001__nbmin-0p1__lex-from-prev__ls-0p01,stages_bg_stages_morphtok_mv_BGMTMMM1_BGMTMMM2_BGMTMMM3_BGMTMMM4_BGMTMMM5__ps-0p005__bias-0p1__cb-0p1__nbm-lhs-parsed__nbe-0p001__nbmin-0p1__lex-from-prev__ls-0p01__05_BGMTMMM5
mv,BGMTMMM,5,0.005,0.1,0.001,0.678747,0.305882,-7.645040,stages_bg_stages_morphtok_mv_BGMTMMM1_BGMTMMM2_BGMTMMM3_BGMTMMM4_BGMTMMM5__ps-0p005__bias-0p1__cb-0p1__nbm-lhs-parsed__nbe-0p001__nbmin-0p1__lex-from-prev__ls-0p1,stages_bg_stages_morphtok_mv_BGMTMMM1_BGMTMMM2_BGMTMMM3_BGMTMMM4_BGMTMMM5__ps-0p005__bias-0p1__cb-0p1__nbm-lhs-parsed__nbe-0p001__nbmin-0p1__lex-from-prev__ls-0p1__05_BGMTMMM5
mv,BGMTMMM,5,0.005,0.0,0.005,0.677771,0.294096,-7.646959,stages_bg_stages_morphtok_mv_BGMTMMM1_BGMTMMM2_BGMTMMM3_BGMTMMM4_BGMTMMM5__ps-0p005__bias-0p1__cb-0p1__nbm-lhs-parsed__nbe-0p005__nbmin-0p1__lex-from-prev__ls-0p0,stages_bg_stages_morphtok_mv_BGMTMMM1_BGMTMMM2_BGMTMMM3_BGMTMMM4_BGMTMMM5__ps-0p005__bias-0p1__cb-0p1__nbm-lhs-parsed__nbe-0p005__nbmin-0p1__lex-from-prev__ls-0p0__05_BGMTMMM5
mv,BGMTMMM,5,0.005,0.001,0.005,0.679443,0.293640,-7.643483,stages_bg_stages_morphtok_mv_BGMTMMM1_BGMTMMM2_BGMTMMM3_BGMTMMM4_BGMTMMM5__ps-0p005__bias-0p1__cb-0p1__nbm-lhs-parsed__nbe-0p005__nbmin-0p1__lex-from-prev__ls-0p001,stages_bg_stages_morphtok_mv_BGMTMMM1_BGMTMMM2_BGMTMMM3_BGMTMMM4_BGMTMMM5__ps-0p005__bias-0p1__cb-0p1__nbm-lhs-parsed__nbe-0p005__nbmin-0p1__lex-from-prev__ls-0p001__05_BGMTMMM5
mv,BGMTMMM,5,0.005,0.01,0.005,0.679669,0.294373,-7.643352,stages_bg_stages_morphtok_mv_BGMTMMM1_BGMTMMM2_BGMTMMM3_BGMTMMM4_BGMTMMM5__ps-0p005__bias-0p1__cb-0p1__nbm-lhs-parsed__nbe-0p005__nbmin-0p1__lex-from-prev__ls-0p01,stages_bg_stages_morphtok_mv_BGMTMMM1_BGMTMMM2_BGMTMMM3_BGMTMMM4_BGMTMMM5__ps-0p005__bias-0p1__cb-0p1__nbm-lhs-parsed__nbe-0p005__nbmin-0p1__lex-from-prev__ls-0p01__05_BGMTMMM5
mv,BGMTMMM,5,0.005,0.1,0.005,0.679233,0.305768,-7.645081,stages_bg_stages_morphtok_mv_BGMTMMM1_BGMTMMM2_BGMTMMM3_BGMTMMM4_BGMTMMM5__ps-0p005__bias-0p1__cb-0p1__nbm-lhs-parsed__nbe-0p005__nbmin-0p1__lex-from-prev__ls-0p1,stages_bg_stages_morphtok_mv_BGMTMMM1_BGMTMMM2_BGMTMMM3_BGMTMMM4_BGMTMMM5__ps-0p005__bias-0p1__cb-0p1__nbm-lhs-parsed__nbe-0p005__nbmin-0p1__lex-from-prev__ls-0p1__05_BGMTMMM5
mv,BGMTMMM,5,0.005,0.0,0.01,0.680067,0.293857,-7.646944,stages_bg_stages_morphtok_mv_BGMTMMM1_BGMTMMM2_BGMTMMM3_BGMTMMM4_BGMTMMM5__ps-0p005__bias-0p1__cb-0p1__nbm-lhs-parsed__nbe-0p01__nbmin-0p1__lex-from-prev__ls-0p0,stages_bg_stages_morphtok_mv_BGMTMMM1_BGMTMMM2_BGMTMMM3_BGMTMMM4_BGMTMMM5__ps-0p005__bias-0p1__cb-0p1__nbm-lhs-parsed__nbe-0p01__nbmin-0p1__lex-from-prev__ls-0p0__05_BGMTMMM5
mv,BGMTMMM,5,0.005,0.001,0.01,0.679652,0.293403,-7.643473,stages_bg_stages_morphtok_mv_BGMTMMM1_BGMTMMM2_BGMTMMM3_BGMTMMM4_BGMTMMM5__ps-0p005__bias-0p1__cb-0p1__nbm-lhs-parsed__nbe-0p01__nbmin-0p1__lex-from-prev__ls-0p001,stages_bg_stages_morphtok_mv_BGMTMMM1_BGMTMMM2_BGMTMMM3_BGMTMMM4_BGMTMMM5__ps-0p005__bias-0p1__cb-0p1__nbm-lhs-parsed__nbe-0p01__nbmin-0p1__lex-from-prev__ls-0p001__05_BGMTMMM5
mv,BGMTMMM,5,0.005,0.01,0.01,0.681547,0.294123,-7.643389,stages_bg_stages_morphtok_mv_BGMTMMM1_BGMTMMM2_BGMTMMM3_BGMTMMM4_BGMTMMM5__ps-0p005__bias-0p1__cb-0p1__nbm-lhs-parsed__nbe-0p01__nbmin-0p1__lex-from-prev__ls-0p01,stages_bg_stages_morphtok_mv_BGMTMMM1_BGMTMMM2_BGMTMMM3_BGMTMMM4_BGMTMMM5__ps-0p005__bias-0p1__cb-0p1__nbm-lhs-parsed__nbe-0p01__nbmin-0p1__lex-from-prev__ls-0p01__05_BGMTMMM5
mv,BGMTMMM,5,0.005,0.1,0.01,0.680071,0.305445,-7.645124,stages_bg_stages_morphtok_mv_BGMTMMM1_BGMTMMM2_BGMTMMM3_BGMTMMM4_BGMTMMM5__ps-0p005__bias-0p1__cb-0p1__nbm-lhs-parsed__nbe-0p01__nbmin-0p1__lex-from-prev__ls-0p1,stages_bg_stages_morphtok_mv_BGMTMMM1_BGMTMMM2_BGMTMMM3_BGMTMMM4_BGMTMMM5__ps-0p005__bias-0p1__cb-0p1__nbm-lhs-parsed__nbe-0p01__nbmin-0p1__lex-from-prev__ls-0p1__05_BGMTMMM5
mv,BGMTMMM,5,0.005,0.0,0.05,0.683136,0.291100,-7.646968,stages_bg_stages_morphtok_mv_BGMTMMM1_BGMTMMM2_BGMTMMM3_BGMTMMM4_BGMTMMM5__ps-0p005__bias-0p1__cb-0p1__nbm-lhs-parsed__nbe-0p05__nbmin-0p1__lex-from-prev__ls-0p0,stages_bg_stages_morphtok_mv_BGMTMMM1_BGMTMMM2_BGMTMMM3_BGMTMMM4_BGMTMMM5__ps-0p005__bias-0p1__cb-0p1__nbm-lhs-parsed__nbe-0p05__nbmin-0p1__lex-from-prev__ls-0p0__05_BGMTMMM5
mv,BGMTMMM,5,0.005,0.001,0.05,0.680281,0.290880,-7.643327,stages_bg_stages_morphtok_mv_BGMTMMM1_BGMTMMM2_BGMTMMM3_BGMTMMM4_BGMTMMM5__ps-0p005__bias-0p1__cb-0p1__nbm-lhs-parsed__nbe-0p05__nbmin-0p1__lex-from-prev__ls-0p001,stages_bg_stages_morphtok_mv_BGMTMMM1_BGMTMMM2_BGMTMMM3_BGMTMMM4_BGMTMMM5__ps-0p005__bias-0p1__cb-0p1__nbm-lhs-parsed__nbe-0p05__nbmin-0p1__lex-from-prev__ls-0p001__05_BGMTMMM5
mv,BGMTMMM,5,0.005,0.01,0.05,0.681399,0.291087,-7.643547,stages_bg_stages_morphtok_mv_BGMTMMM1_BGMTMMM2_BGMTMMM3_BGMTMMM4_BGMTMMM5__ps-0p005__bias-0p1__cb-0p1__nbm-lhs-parsed__nbe-0p05__nbmin-0p1__lex-from-prev__ls-0p01,stages_bg_stages_morphtok_mv_BGMTMMM1_BGMTMMM2_BGMTMMM3_BGMTMMM4_BGMTMMM5__ps-0p005__bias-0p1__cb-0p1__nbm-lhs-parsed__nbe-0p05__nbmin-0p1__lex-from-prev__ls-0p01__05_BGMTMMM5
mv,BGMTMMM,5,0.005,0.1,0.05,0.677348,0.301158,-7.645304,stages_bg_stages_morphtok_mv_BGMTMMM1_BGMTMMM2_BGMTMMM3_BGMTMMM4_BGMTMMM5__ps-0p005__bias-0p1__cb-0p1__nbm-lhs-parsed__nbe-0p05__nbmin-0p1__lex-from-prev__ls-0p1,stages_bg_stages_morphtok_mv_BGMTMMM1_BGMTMMM2_BGMTMMM3_BGMTMMM4_BGMTMMM5__ps-0p005__bias-0p1__cb-0p1__nbm-lhs-parsed__nbe-0p05__nbmin-0p1__lex-from-prev__ls-0p1__05_BGMTMMM5
mv,BGMTMMM,5,0.01,0.0,0.001,0.680967,0.292505,-7.646825,stages_bg_stages_morphtok_mv_BGMTMMM1_BGMTMMM2_BGMTMMM3_BGMTMMM4_BGMTMMM5__ps-0p01__bias-0p1__cb-0p1__nbm-lhs-parsed__nbe-0p001__nbmin-0p1__lex-from-prev__ls-0p0,stages_bg_stages_morphtok_mv_BGMTMMM1_BGMTMMM2_BGMTMMM3_BGMTMMM4_BGMTMMM5__ps-0p01__bias-0p1__cb-0p1__nbm-lhs-parsed__nbe-0p001__nbmin-0p1__lex-from-prev__ls-0p0__05_BGMTMMM5
mv,BGMTMMM,5,0.01,0.001,0.001,0.678598,0.292061,-7.643145,stages_bg_stages_morphtok_mv_BGMTMMM1_BGMTMMM2_BGMTMMM3_BGMTMMM4_BGMTMMM5__ps-0p01__bias-0p1__cb-0p1__nbm-lhs-parsed__nbe-0p001__nbmin-0p1__lex-from-prev__ls-0p001,stages_bg_stages_morphtok_mv_BGMTMMM1_BGMTMMM2_BGMTMMM3_BGMTMMM4_BGMTMMM5__ps-0p01__bias-0p1__cb-0p1__nbm-lhs-parsed__nbe-0p001__nbmin-0p1__lex-from-prev__ls-0p001__05_BGMTMMM5
mv,BGMTMMM,5,0.01,0.01,0.001,0.680758,0.292892,-7.643216,stages_bg_stages_morphtok_mv_BGMTMMM1_BGMTMMM2_BGMTMMM3_BGMTMMM4_BGMTMMM5__ps-0p01__bias-0p1__cb-0p1__nbm-lhs-parsed__nbe-0p001__nbmin-0p1__lex-from-prev__ls-0p01,stages_bg_stages_morphtok_mv_BGMTMMM1_BGMTMMM2_BGMTMMM3_BGMTMMM4_BGMTMMM5__ps-0p01__bias-0p1__cb-0p1__nbm-lhs-parsed__nbe-0p001__nbmin-0p1__lex-from-prev__ls-0p01__05_BGMTMMM5
mv,BGMTMMM,5,0.01,0.1,0.001,0.676009,0.304847,-7.643352,stages_bg_stages_morphtok_mv_BGMTMMM1_BGMTMMM2_BGMTMMM3_BGMTMMM4_BGMTMMM5__ps-0p01__bias-0p1__cb-0p1__nbm-lhs-parsed__nbe-0p001__nbmin-0p1__lex-from-prev__ls-0p1,stages_bg_stages_morphtok_mv_BGMTMMM1_BGMTMMM2_BGMTMMM3_BGMTMMM4_BGMTMMM5__ps-0p01__bias-0p1__cb-0p1__nbm-lhs-parsed__nbe-0p001__nbmin-0p1__lex-from-prev__ls-0p1__05_BGMTMMM5
mv,BGMTMMM,5,0.01,0.0,0.005,0.681385,0.292107,-7.646877,stages_bg_stages_morphtok_mv_BGMTMMM1_BGMTMMM2_BGMTMMM3_BGMTMMM4_BGMTMMM5__ps-0p01__bias-0p1__cb-0p1__nbm-lhs-parsed__nbe-0p005__nbmin-0p1__lex-from-prev__ls-0p0,stages_bg_stages_morphtok_mv_BGMTMMM1_BGMTMMM2_BGMTMMM3_BGMTMMM4_BGMTMMM5__ps-0p01__bias-0p1__cb-0p1__nbm-lhs-parsed__nbe-0p005__nbmin-0p1__lex-from-prev__ls-0p0__05_BGMTMMM5
mv,BGMTMMM,5,0.01,0.001,0.005,0.679853,0.291661,-7.643209,stages_bg_stages_morphtok_mv_BGMTMMM1_BGMTMMM2_BGMTMMM3_BGMTMMM4_BGMTMMM5__ps-0p01__bias-0p1__cb-0p1__nbm-lhs-parsed__nbe-0p005__nbmin-0p1__lex-from-prev__ls-0p001,stages_bg_stages_morphtok_mv_BGMTMMM1_BGMTMMM2_BGMTMMM3_BGMTMMM4_BGMTMMM5__ps-0p01__bias-0p1__cb-0p1__nbm-lhs-parsed__nbe-0p005__nbmin-0p1__lex-from-prev__ls-0p001__05_BGMTMMM5
mv,BGMTMMM,5,0.01,0.01,0.005,0.680339,0.292490,-7.643266,stages_bg_stages_morphtok_mv_BGMTMMM1_BGMTMMM2_BGMTMMM3_BGMTMMM4_BGMTMMM5__ps-0p01__bias-0p1__cb-0p1__nbm-lhs-parsed__nbe-0p005__nbmin-0p1__lex-from-prev__ls-0p01,stages_bg_stages_morphtok_mv_BGMTMMM1_BGMTMMM2_BGMTMMM3_BGMTMMM4_BGMTMMM5__ps-0p01__bias-0p1__cb-0p1__nbm-lhs-parsed__nbe-0p005__nbmin-0p1__lex-from-prev__ls-0p01__05_BGMTMMM5
mv,BGMTMMM,5,0.01,0.1,0.005,0.678030,0.304435,-7.643460,stages_bg_stages_morphtok_mv_BGMTMMM1_BGMTMMM2_BGMTMMM3_BGMTMMM4_BGMTMMM5__ps-0p01__bias-0p1__cb-0p1__nbm-lhs-parsed__nbe-0p005__nbmin-0p1__lex-from-prev__ls-0p1,stages_bg_stages_morphtok_mv_BGMTMMM1_BGMTMMM2_BGMTMMM3_BGMTMMM4_BGMTMMM5__ps-0p01__bias-0p1__cb-0p1__nbm-lhs-parsed__nbe-0p005__nbmin-0p1__lex-from-prev__ls-0p1__05_BGMTMMM5
mv,BGMTMMM,5,0.01,0.0,0.01,0.680967,0.291047,-7.646932,stages_bg_stages_morphtok_mv_BGMTMMM1_BGMTMMM2_BGMTMMM3_BGMTMMM4_BGMTMMM5__ps-0p01__bias-0p1__cb-0p1__nbm-lhs-parsed__nbe-0p01__nbmin-0p1__lex-from-prev__ls-0p0,stages_bg_stages_morphtok_mv_BGMTMMM1_BGMTMMM2_BGMTMMM3_BGMTMMM4_BGMTMMM5__ps-0p01__bias-0p1__cb-0p1__nbm-lhs-parsed__nbe-0p01__nbmin-0p1__lex-from-prev__ls-0p0__05_BGMTMMM5
mv,BGMTMMM,5,0.01,0.001,0.01,0.682294,0.290728,-7.643275,stages_bg_stages_morphtok_mv_BGMTMMM1_BGMTMMM2_BGMTMMM3_BGMTMMM4_BGMTMMM5__ps-0p01__bias-0p1__cb-0p1__nbm-lhs-parsed__nbe-0p01__nbmin-0p1__lex-from-prev__ls-0p001,stages_bg_stages_morphtok_mv_BGMTMMM1_BGMTMMM2_BGMTMMM3_BGMTMMM4_BGMTMMM5__ps-0p01__bias-0p1__cb-0p1__nbm-lhs-parsed__nbe-0p01__nbmin-0p1__lex-from-prev__ls-0p001__05_BGMTMMM5
mv,BGMTMMM,5,0.01,0.01,0.01,0.679707,0.291378,-7.643322,stages_bg_stages_morphtok_mv_BGMTMMM1_BGMTMMM2_BGMTMMM3_BGMTMMM4_BGMTMMM5__ps-0p01__bias-0p1__cb-0p1__nbm-lhs-parsed__nbe-0p01__nbmin-0p1__lex-from-prev__ls-0p01,stages_bg_stages_morphtok_mv_BGMTMMM1_BGMTMMM2_BGMTMMM3_BGMTMMM4_BGMTMMM5__ps-0p01__bias-0p1__cb-0p1__nbm-lhs-parsed__nbe-0p01__nbmin-0p1__lex-from-prev__ls-0p01__05_BGMTMMM5
mv,BGMTMMM,5,0.01,0.1,0.01,0.677821,0.302654,-7.643568,stages_bg_stages_morphtok_mv_BGMTMMM1_BGMTMMM2_BGMTMMM3_BGMTMMM4_BGMTMMM5__ps-0p01__bias-0p1__cb-0p1__nbm-lhs-parsed__nbe-0p01__nbmin-0p1__lex-from-prev__ls-0p1,stages_bg_stages_morphtok_mv_BGMTMMM1_BGMTMMM2_BGMTMMM3_BGMTMMM4_BGMTMMM5__ps-0p01__bias-0p1__cb-0p1__nbm-lhs-parsed__nbe-0p01__nbmin-0p1__lex-from-prev__ls-0p1__05_BGMTMMM5
mv,BGMTMMM,5,0.01,0.0,0.05,0.682702,0.285536,-7.647220,stages_bg_stages_morphtok_mv_BGMTMMM1_BGMTMMM2_BGMTMMM3_BGMTMMM4_BGMTMMM5__ps-0p01__bias-0p1__cb-0p1__nbm-lhs-parsed__nbe-0p05__nbmin-0p1__lex-from-prev__ls-0p0,stages_bg_stages_morphtok_mv_BGMTMMM1_BGMTMMM2_BGMTMMM3_BGMTMMM4_BGMTMMM5__ps-0p01__bias-0p1__cb-0p1__nbm-lhs-parsed__nbe-0p05__nbmin-0p1__lex-from-prev__ls-0p0__05_BGMTMMM5
mv,BGMTMMM,5,0.01,0.001,0.05,0.682432,0.285551,-7.643606,stages_bg_stages_morphtok_mv_BGMTMMM1_BGMTMMM2_BGMTMMM3_BGMTMMM4_BGMTMMM5__ps-0p01__bias-0p1__cb-0p1__nbm-lhs-parsed__nbe-0p05__nbmin-0p1__lex-from-prev__ls-0p001,stages_bg_stages_morphtok_mv_BGMTMMM1_BGMTMMM2_BGMTMMM3_BGMTMMM4_BGMTMMM5__ps-0p01__bias-0p1__cb-0p1__nbm-lhs-parsed__nbe-0p05__nbmin-0p1__lex-from-prev__ls-0p001__05_BGMTMMM5
mv,BGMTMMM,5,0.01,0.01,0.05,0.682213,0.285720,-7.643608,stages_bg_stages_morphtok_mv_BGMTMMM1_BGMTMMM2_BGMTMMM3_BGMTMMM4_BGMTMMM5__ps-0p01__bias-0p1__cb-0p1__nbm-lhs-parsed__nbe-0p05__nbmin-0p1__lex-from-prev__ls-0p01,stages_bg_stages_morphtok_mv_BGMTMMM1_BGMTMMM2_BGMTMMM3_BGMTMMM4_BGMTMMM5__ps-0p01__bias-0p1__cb-0p1__nbm-lhs-parsed__nbe-0p05__nbmin-0p1__lex-from-prev__ls-0p01__05_BGMTMMM5
mv,BGMTMMM,5,0.01,0.1,0.05,0.678586,0.296403,-7.644165,stages_bg_stages_morphtok_mv_BGMTMMM1_BGMTMMM2_BGMTMMM3_BGMTMMM4_BGMTMMM5__ps-0p01__bias-0p1__cb-0p1__nbm-lhs-parsed__nbe-0p05__nbmin-0p1__lex-from-prev__ls-0p1,stages_bg_stages_morphtok_mv_BGMTMMM1_BGMTMMM2_BGMTMMM3_BGMTMMM4_BGMTMMM5__ps-0p01__bias-0p1__cb-0p1__nbm-lhs-parsed__nbe-0p05__nbmin-0p1__lex-from-prev__ls-0p1__05_BGMTMMM5
mv,BGMTMMM,5,0.05,0.0,0.001,0.680913,0.300966,-7.644881,stages_bg_stages_morphtok_mv_BGMTMMM1_BGMTMMM2_BGMTMMM3_BGMTMMM4_BGMTMMM5__ps-0p05__bias-0p1__cb-0p1__nbm-lhs-parsed__nbe-0p001__nbmin-0p1__lex-from-prev__ls-0p0,stages_bg_stages_morphtok_mv_BGMTMMM1_BGMTMMM2_BGMTMMM3_BGMTMMM4_BGMTMMM5__ps-0p05__bias-0p1__cb-0p1__nbm-lhs-parsed__nbe-0p001__nbmin-0p1__lex-from-prev__ls-0p0__05_BGMTMMM5
mv,BGMTMMM,5,0.05,0.001,0.001,0.677719,0.300683,-7.643115,stages_bg_stages_morphtok_mv_BGMTMMM1_BGMTMMM2_BGMTMMM3_BGMTMMM4_BGMTMMM5__ps-0p05__bias-0p1__cb-0p1__nbm-lhs-parsed__nbe-0p001__nbmin-0p1__lex-from-prev__ls-0p001,stages_bg_stages_morphtok_mv_BGMTMMM1_BGMTMMM2_BGMTMMM3_BGMTMMM4_BGMTMMM5__ps-0p05__bias-0p1__cb-0p1__nbm-lhs-parsed__nbe-0p001__nbmin-0p1__lex-from-prev__ls-0p001__05_BGMTMMM5
mv,BGMTMMM,5,0.05,0.01,0.001,0.681193,0.301329,-7.641379,stages_bg_stages_morphtok_mv_BGMTMMM1_BGMTMMM2_BGMTMMM3_BGMTMMM4_BGMTMMM5__ps-0p05__bias-0p1__cb-0p1__nbm-lhs-parsed__nbe-0p001__nbmin-0p1__lex-from-prev__ls-0p01,stages_bg_stages_morphtok_mv_BGMTMMM1_BGMTMMM2_BGMTMMM3_BGMTMMM4_BGMTMMM5__ps-0p05__bias-0p1__cb-0p1__nbm-lhs-parsed__nbe-0p001__nbmin-0p1__lex-from-prev__ls-0p01__05_BGMTMMM5
mv,BGMTMMM,5,0.05,0.1,0.001,0.679257,0.311958,-7.635623,stages_bg_stages_morphtok_mv_BGMTMMM1_BGMTMMM2_BGMTMMM3_BGMTMMM4_BGMTMMM5__ps-0p05__bias-0p1__cb-0p1__nbm-lhs-parsed__nbe-0p001__nbmin-0p1__lex-from-prev__ls-0p1,stages_bg_stages_morphtok_mv_BGMTMMM1_BGMTMMM2_BGMTMMM3_BGMTMMM4_BGMTMMM5__ps-0p05__bias-0p1__cb-0p1__nbm-lhs-parsed__nbe-0p001__nbmin-0p1__lex-from-prev__ls-0p1__05_BGMTMMM5
mv,BGMTMMM,5,0.05,0.0,0.005,0.680642,0.294978,-7.644887,stages_bg_stages_morphtok_mv_BGMTMMM1_BGMTMMM2_BGMTMMM3_BGMTMMM4_BGMTMMM5__ps-0p05__bias-0p1__cb-0p1__nbm-lhs-parsed__nbe-0p005__nbmin-0p1__lex-from-prev__ls-0p0,stages_bg_stages_morphtok_mv_BGMTMMM1_BGMTMMM2_BGMTMMM3_BGMTMMM4_BGMTMMM5__ps-0p05__bias-0p1__cb-0p1__nbm-lhs-parsed__nbe-0p005__nbmin-0p1__lex-from-prev__ls-0p0__05_BGMTMMM5
mv,BGMTMMM,5,0.05,0.001,0.005,0.678553,0.295267,-7.643198,stages_bg_stages_morphtok_mv_BGMTMMM1_BGMTMMM2_BGMTMMM3_BGMTMMM4_BGMTMMM5__ps-0p05__bias-0p1__cb-0p1__nbm-lhs-parsed__nbe-0p005__nbmin-0p1__lex-from-prev__ls-0p001,stages_bg_stages_morphtok_mv_BGMTMMM1_BGMTMMM2_BGMTMMM3_BGMTMMM4_BGMTMMM5__ps-0p05__bias-0p1__cb-0p1__nbm-lhs-parsed__nbe-0p005__nbmin-0p1__lex-from-prev__ls-0p001__05_BGMTMMM5
mv,BGMTMMM,5,0.05,0.01,0.005,0.681126,0.295863,-7.641423,stages_bg_stages_morphtok_mv_BGMTMMM1_BGMTMMM2_BGMTMMM3_BGMTMMM4_BGMTMMM5__ps-0p05__bias-0p1__cb-0p1__nbm-lhs-parsed__nbe-0p005__nbmin-0p1__lex-from-prev__ls-0p01,stages_bg_stages_morphtok_mv_BGMTMMM1_BGMTMMM2_BGMTMMM3_BGMTMMM4_BGMTMMM5__ps-0p05__bias-0p1__cb-0p1__nbm-lhs-parsed__nbe-0p005__nbmin-0p1__lex-from-prev__ls-0p01__05_BGMTMMM5
mv,BGMTMMM,5,0.05,0.1,0.005,0.678489,0.306015,-7.635730,stages_bg_stages_morphtok_mv_BGMTMMM1_BGMTMMM2_BGMTMMM3_BGMTMMM4_BGMTMMM5__ps-0p05__bias-0p1__cb-0p1__nbm-lhs-parsed__nbe-0p005__nbmin-0p1__lex-from-prev__ls-0p1,stages_bg_stages_morphtok_mv_BGMTMMM1_BGMTMMM2_BGMTMMM3_BGMTMMM4_BGMTMMM5__ps-0p05__bias-0p1__cb-0p1__nbm-lhs-parsed__nbe-0p005__nbmin-0p1__lex-from-prev__ls-0p1__05_BGMTMMM5
mv,BGMTMMM,5,0.05,0.0,0.01,0.681268,0.291148,-7.644937,stages_bg_stages_morphtok_mv_BGMTMMM1_BGMTMMM2_BGMTMMM3_BGMTMMM4_BGMTMMM5__ps-0p05__bias-0p1__cb-0p1__nbm-lhs-parsed__nbe-0p01__nbmin-0p1__lex-from-prev__ls-0p0,stages_bg_stages_morphtok_mv_BGMTMMM1_BGMTMMM2_BGMTMMM3_BGMTMMM4_BGMTMMM5__ps-0p05__bias-0p1__cb-0p1__nbm-lhs-parsed__nbe-0p01__nbmin-0p1__lex-from-prev__ls-0p0__05_BGMTMMM5
mv,BGMTMMM,5,0.05,0.001,0.01,0.680918,0.291514,-7.643294,stages_bg_stages_morphtok_mv_BGMTMMM1_BGMTMMM2_BGMTMMM3_BGMTMMM4_BGMTMMM5__ps-0p05__bias-0p1__cb-0p1__nbm-lhs-parsed__nbe-0p01__nbmin-0p1__lex-from-prev__ls-0p001,stages_bg_stages_morphtok_mv_BGMTMMM1_BGMTMMM2_BGMTMMM3_BGMTMMM4_BGMTMMM5__ps-0p05__bias-0p1__cb-0p1__nbm-lhs-parsed__nbe-0p01__nbmin-0p1__lex-from-prev__ls-0p001__05_BGMTMMM5
mv,BGMTMMM,5,0.05,0.01,0.01,0.681685,0.292043,-7.641487,stages_bg_stages_morphtok_mv_BGMTMMM1_BGMTMMM2_BGMTMMM3_BGMTMMM4_BGMTMMM5__ps-0p05__bias-0p1__cb-0p1__nbm-lhs-parsed__nbe-0p01__nbmin-0p1__lex-from-prev__ls-0p01,stages_bg_stages_morphtok_mv_BGMTMMM1_BGMTMMM2_BGMTMMM3_BGMTMMM4_BGMTMMM5__ps-0p05__bias-0p1__cb-0p1__nbm-lhs-parsed__nbe-0p01__nbmin-0p1__lex-from-prev__ls-0p01__05_BGMTMMM5
mv,BGMTMMM,5,0.05,0.1,0.01,0.678201,0.302164,-7.636261,stages_bg_stages_morphtok_mv_BGMTMMM1_BGMTMMM2_BGMTMMM3_BGMTMMM4_BGMTMMM5__ps-0p05__bias-0p1__cb-0p1__nbm-lhs-parsed__nbe-0p01__nbmin-0p1__lex-from-prev__ls-0p1,stages_bg_stages_morphtok_mv_BGMTMMM1_BGMTMMM2_BGMTMMM3_BGMTMMM4_BGMTMMM5__ps-0p05__bias-0p1__cb-0p1__nbm-lhs-parsed__nbe-0p01__nbmin-0p1__lex-from-prev__ls-0p1__05_BGMTMMM5
mv,BGMTMMM,5,0.05,0.0,0.05,0.680146,0.280177,-7.646294,stages_bg_stages_morphtok_mv_BGMTMMM1_BGMTMMM2_BGMTMMM3_BGMTMMM4_BGMTMMM5__ps-0p05__bias-0p1__cb-0p1__nbm-lhs-parsed__nbe-0p05__nbmin-0p1__lex-from-prev__ls-0p0,stages_bg_stages_morphtok_mv_BGMTMMM1_BGMTMMM2_BGMTMMM3_BGMTMMM4_BGMTMMM5__ps-0p05__bias-0p1__cb-0p1__nbm-lhs-parsed__nbe-0p05__nbmin-0p1__lex-from-prev__ls-0p0__05_BGMTMMM5
mv,BGMTMMM,5,0.05,0.001,0.05,0.681804,0.280173,-7.644114,stages_bg_stages_morphtok_mv_BGMTMMM1_BGMTMMM2_BGMTMMM3_BGMTMMM4_BGMTMMM5__ps-0p05__bias-0p1__cb-0p1__nbm-lhs-parsed__nbe-0p05__nbmin-0p1__lex-from-prev__ls-0p001,stages_bg_stages_morphtok_mv_BGMTMMM1_BGMTMMM2_BGMTMMM3_BGMTMMM4_BGMTMMM5__ps-0p05__bias-0p1__cb-0p1__nbm-lhs-parsed__nbe-0p05__nbmin-0p1__lex-from-prev__ls-0p001__05_BGMTMMM5
mv,BGMTMMM,5,0.05,0.01,0.05,0.682571,0.280561,-7.642242,stages_bg_stages_morphtok_mv_BGMTMMM1_BGMTMMM2_BGMTMMM3_BGMTMMM4_BGMTMMM5__ps-0p05__bias-0p1__cb-0p1__nbm-lhs-parsed__nbe-0p05__nbmin-0p1__lex-from-prev__ls-0p01,stages_bg_stages_morphtok_mv_BGMTMMM1_BGMTMMM2_BGMTMMM3_BGMTMMM4_BGMTMMM5__ps-0p05__bias-0p1__cb-0p1__nbm-lhs-parsed__nbe-0p05__nbmin-0p1__lex-from-prev__ls-0p01__05_BGMTMMM5
mv,BGMTMMM,5,0.05,0.1,0.05,0.679111,0.290575,-7.637256,stages_bg_stages_morphtok_mv_BGMTMMM1_BGMTMMM2_BGMTMMM3_BGMTMMM4_BGMTMMM5__ps-0p05__bias-0p1__cb-0p1__nbm-lhs-parsed__nbe-0p05__nbmin-0p1__lex-from-prev__ls-0p1,stages_bg_stages_morphtok_mv_BGMTMMM1_BGMTMMM2_BGMTMMM3_BGMTMMM4_BGMTMMM5__ps-0p05__bias-0p1__cb-0p1__nbm-lhs-parsed__nbe-0p05__nbmin-0p1__lex-from-prev__ls-0p1__05_BGMTMMM5
mv,BGMTMMM,5,0.1,0.0,0.001,0.685494,0.302082,-7.641928,stages_bg_stages_morphtok_mv_BGMTMMM1_BGMTMMM2_BGMTMMM3_BGMTMMM4_BGMTMMM5__ps-0p1__bias-0p1__cb-0p1__nbm-lhs-parsed__nbe-0p001__nbmin-0p1__lex-from-prev__ls-0p0,stages_bg_stages_morphtok_mv_BGMTMMM1_BGMTMMM2_BGMTMMM3_BGMTMMM4_BGMTMMM5__ps-0p1__bias-0p1__cb-0p1__nbm-lhs-parsed__nbe-0p001__nbmin-0p1__lex-from-prev__ls-0p0__05_BGMTMMM5
mv,BGMTMMM,5,0.1,0.001,0.001,0.682434,0.302179,-7.637925,stages_bg_stages_morphtok_mv_BGMTMMM1_BGMTMMM2_BGMTMMM3_BGMTMMM4_BGMTMMM5__ps-0p1__bias-0p1__cb-0p1__nbm-lhs-parsed__nbe-0p001__nbmin-0p1__lex-from-prev__ls-0p001,stages_bg_stages_morphtok_mv_BGMTMMM1_BGMTMMM2_BGMTMMM3_BGMTMMM4_BGMTMMM5__ps-0p1__bias-0p1__cb-0p1__nbm-lhs-parsed__nbe-0p001__nbmin-0p1__lex-from-prev__ls-0p001__05_BGMTMMM5
mv,BGMTMMM,5,0.1,0.01,0.001,0.684934,0.302804,-7.638469,stages_bg_stages_morphtok_mv_BGMTMMM1_BGMTMMM2_BGMTMMM3_BGMTMMM4_BGMTMMM5__ps-0p1__bias-0p1__cb-0p1__nbm-lhs-parsed__nbe-0p001__nbmin-0p1__lex-from-prev__ls-0p01,stages_bg_stages_morphtok_mv_BGMTMMM1_BGMTMMM2_BGMTMMM3_BGMTMMM4_BGMTMMM5__ps-0p1__bias-0p1__cb-0p1__nbm-lhs-parsed__nbe-0p001__nbmin-0p1__lex-from-prev__ls-0p01__05_BGMTMMM5
mv,BGMTMMM,5,0.1,0.1,0.001,0.682476,0.310598,-7.629737,stages_bg_stages_morphtok_mv_BGMTMMM1_BGMTMMM2_BGMTMMM3_BGMTMMM4_BGMTMMM5__ps-0p1__bias-0p1__cb-0p1__nbm-lhs-parsed__nbe-0p001__nbmin-0p1__lex-from-prev__ls-0p1,stages_bg_stages_morphtok_mv_BGMTMMM1_BGMTMMM2_BGMTMMM3_BGMTMMM4_BGMTMMM5__ps-0p1__bias-0p1__cb-0p1__nbm-lhs-parsed__nbe-0p001__nbmin-0p1__lex-from-prev__ls-0p1__05_BGMTMMM5
mv,BGMTMMM,5,0.1,0.0,0.005,0.686405,0.293821,-7.639811,stages_bg_stages_morphtok_mv_BGMTMMM1_BGMTMMM2_BGMTMMM3_BGMTMMM4_BGMTMMM5__ps-0p1__bias-0p1__cb-0p1__nbm-lhs-parsed__nbe-0p005__nbmin-0p1__lex-from-prev__ls-0p0,stages_bg_stages_morphtok_mv_BGMTMMM1_BGMTMMM2_BGMTMMM3_BGMTMMM4_BGMTMMM5__ps-0p1__bias-0p1__cb-0p1__nbm-lhs-parsed__nbe-0p005__nbmin-0p1__lex-from-prev__ls-0p0__05_BGMTMMM5
mv,BGMTMMM,5,0.1,0.001,0.005,0.685220,0.294227,-7.637851,stages_bg_stages_morphtok_mv_BGMTMMM1_BGMTMMM2_BGMTMMM3_BGMTMMM4_BGMTMMM5__ps-0p1__bias-0p1__cb-0p1__nbm-lhs-parsed__nbe-0p005__nbmin-0p1__lex-from-prev__ls-0p001,stages_bg_stages_morphtok_mv_BGMTMMM1_BGMTMMM2_BGMTMMM3_BGMTMMM4_BGMTMMM5__ps-0p1__bias-0p1__cb-0p1__nbm-lhs-parsed__nbe-0p005__nbmin-0p1__lex-from-prev__ls-0p001__05_BGMTMMM5
mv,BGMTMMM,5,0.1,0.01,0.005,0.685780,0.294700,-7.638328,stages_bg_stages_morphtok_mv_BGMTMMM1_BGMTMMM2_BGMTMMM3_BGMTMMM4_BGMTMMM5__ps-0p1__bias-0p1__cb-0p1__nbm-lhs-parsed__nbe-0p005__nbmin-0p1__lex-from-prev__ls-0p01,stages_bg_stages_morphtok_mv_BGMTMMM1_BGMTMMM2_BGMTMMM3_BGMTMMM4_BGMTMMM5__ps-0p1__bias-0p1__cb-0p1__nbm-lhs-parsed__nbe-0p005__nbmin-0p1__lex-from-prev__ls-0p01__05_BGMTMMM5
mv,BGMTMMM,5,0.1,0.1,0.005,0.683316,0.302814,-7.629931,stages_bg_stages_morphtok_mv_BGMTMMM1_BGMTMMM2_BGMTMMM3_BGMTMMM4_BGMTMMM5__ps-0p1__bias-0p1__cb-0p1__nbm-lhs-parsed__nbe-0p005__nbmin-0p1__lex-from-prev__ls-0p1,stages_bg_stages_morphtok_mv_BGMTMMM1_BGMTMMM2_BGMTMMM3_BGMTMMM4_BGMTMMM5__ps-0p1__bias-0p1__cb-0p1__nbm-lhs-parsed__nbe-0p005__nbmin-0p1__lex-from-prev__ls-0p1__05_BGMTMMM5
mv,BGMTMMM,5,0.1,0.0,0.01,0.686894,0.289304,-7.639596,stages_bg_stages_morphtok_mv_BGMTMMM1_BGMTMMM2_BGMTMMM3_BGMTMMM4_BGMTMMM5__ps-0p1__bias-0p1__cb-0p1__nbm-lhs-parsed__nbe-0p01__nbmin-0p1__lex-from-prev__ls-0p0,stages_bg_stages_morphtok_mv_BGMTMMM1_BGMTMMM2_BGMTMMM3_BGMTMMM4_BGMTMMM5__ps-0p1__bias-0p1__cb-0p1__nbm-lhs-parsed__nbe-0p01__nbmin-0p1__lex-from-prev__ls-0p0__05_BGMTMMM5
mv,BGMTMMM,5,0.1,0.001,0.01,0.684660,0.289531,-7.637680,stages_bg_stages_morphtok_mv_BGMTMMM1_BGMTMMM2_BGMTMMM3_BGMTMMM4_BGMTMMM5__ps-0p1__bias-0p1__cb-0p1__nbm-lhs-parsed__nbe-0p01__nbmin-0p1__lex-from-prev__ls-0p001,stages_bg_stages_morphtok_mv_BGMTMMM1_BGMTMMM2_BGMTMMM3_BGMTMMM4_BGMTMMM5__ps-0p1__bias-0p1__cb-0p1__nbm-lhs-parsed__nbe-0p01__nbmin-0p1__lex-from-prev__ls-0p001__05_BGMTMMM5
mv,BGMTMMM,5,0.1,0.01,0.01,0.684315,0.289924,-7.638134,stages_bg_stages_morphtok_mv_BGMTMMM1_BGMTMMM2_BGMTMMM3_BGMTMMM4_BGMTMMM5__ps-0p1__bias-0p1__cb-0p1__nbm-lhs-parsed__nbe-0p01__nbmin-0p1__lex-from-prev__ls-0p01,stages_bg_stages_morphtok_mv_BGMTMMM1_BGMTMMM2_BGMTMMM3_BGMTMMM4_BGMTMMM5__ps-0p1__bias-0p1__cb-0p1__nbm-lhs-parsed__nbe-0p01__nbmin-0p1__lex-from-prev__ls-0p01__05_BGMTMMM5
mv,BGMTMMM,5,0.1,0.1,0.01,0.684094,0.298060,-7.630003,stages_bg_stages_morphtok_mv_BGMTMMM1_BGMTMMM2_BGMTMMM3_BGMTMMM4_BGMTMMM5__ps-0p1__bias-0p1__cb-0p1__nbm-lhs-parsed__nbe-0p01__nbmin-0p1__lex-from-prev__ls-0p1,stages_bg_stages_morphtok_mv_BGMTMMM1_BGMTMMM2_BGMTMMM3_BGMTMMM4_BGMTMMM5__ps-0p1__bias-0p1__cb-0p1__nbm-lhs-parsed__nbe-0p01__nbmin-0p1__lex-from-prev__ls-0p1__05_BGMTMMM5
mv,BGMTMMM,5,0.1,0.0,0.05,0.683135,0.276444,-7.640218,stages_bg_stages_morphtok_mv_BGMTMMM1_BGMTMMM2_BGMTMMM3_BGMTMMM4_BGMTMMM5__ps-0p1__bias-0p1__cb-0p1__nbm-lhs-parsed__nbe-0p05__nbmin-0p1__lex-from-prev__ls-0p0,stages_bg_stages_morphtok_mv_BGMTMMM1_BGMTMMM2_BGMTMMM3_BGMTMMM4_BGMTMMM5__ps-0p1__bias-0p1__cb-0p1__nbm-lhs-parsed__nbe-0p05__nbmin-0p1__lex-from-prev__ls-0p0__05_BGMTMMM5
mv,BGMTMMM,5,0.1,0.001,0.05,0.681387,0.276322,-7.637774,stages_bg_stages_morphtok_mv_BGMTMMM1_BGMTMMM2_BGMTMMM3_BGMTMMM4_BGMTMMM5__ps-0p1__bias-0p1__cb-0p1__nbm-lhs-parsed__nbe-0p05__nbmin-0p1__lex-from-prev__ls-0p001,stages_bg_stages_morphtok_mv_BGMTMMM1_BGMTMMM2_BGMTMMM3_BGMTMMM4_BGMTMMM5__ps-0p1__bias-0p1__cb-0p1__nbm-lhs-parsed__nbe-0p05__nbmin-0p1__lex-from-prev__ls-0p001__05_BGMTMMM5
mv,BGMTMMM,5,0.1,0.01,0.05,0.685911,0.276504,-7.638353,stages_bg_stages_morphtok_mv_BGMTMMM1_BGMTMMM2_BGMTMMM3_BGMTMMM4_BGMTMMM5__ps-0p1__bias-0p1__cb-0p1__nbm-lhs-parsed__nbe-0p05__nbmin-0p1__lex-from-prev__ls-0p01,stages_bg_stages_morphtok_mv_BGMTMMM1_BGMTMMM2_BGMTMMM3_BGMTMMM4_BGMTMMM5__ps-0p1__bias-0p1__cb-0p1__nbm-lhs-parsed__nbe-0p05__nbmin-0p1__lex-from-prev__ls-0p01__05_BGMTMMM5
mv,BGMTMMM,5,0.1,0.1,0.05,0.680534,0.283609,-7.631445,stages_bg_stages_morphtok_mv_BGMTMMM1_BGMTMMM2_BGMTMMM3_BGMTMMM4_BGMTMMM5__ps-0p1__bias-0p1__cb-0p1__nbm-lhs-parsed__nbe-0p05__nbmin-0p1__lex-from-prev__ls-0p1,stages_bg_stages_morphtok_mv_BGMTMMM1_BGMTMMM2_BGMTMMM3_BGMTMMM4_BGMTMMM5__ps-0p1__bias-0p1__cb-0p1__nbm-lhs-parsed__nbe-0p05__nbmin-0p1__lex-from-prev__ls-0p1__05_BGMTMMM5
mv,BGMTMMM,5,0.2,0.0,0.001,0.679348,0.301864,-7.632529,stages_bg_stages_morphtok_mv_BGMTMMM1_BGMTMMM2_BGMTMMM3_BGMTMMM4_BGMTMMM5__ps-0p2__bias-0p1__cb-0p1__nbm-lhs-parsed__nbe-0p001__nbmin-0p1__lex-from-prev__ls-0p0,stages_bg_stages_morphtok_mv_BGMTMMM1_BGMTMMM2_BGMTMMM3_BGMTMMM4_BGMTMMM5__ps-0p2__bias-0p1__cb-0p1__nbm-lhs-parsed__nbe-0p001__nbmin-0p1__lex-from-prev__ls-0p0__05_BGMTMMM5
mv,BGMTMMM,5,0.2,0.001,0.001,0.677460,0.302758,-7.630093,stages_bg_stages_morphtok_mv_BGMTMMM1_BGMTMMM2_BGMTMMM3_BGMTMMM4_BGMTMMM5__ps-0p2__bias-0p1__cb-0p1__nbm-lhs-parsed__nbe-0p001__nbmin-0p1__lex-from-prev__ls-0p001,stages_bg_stages_morphtok_mv_BGMTMMM1_BGMTMMM2_BGMTMMM3_BGMTMMM4_BGMTMMM5__ps-0p2__bias-0p1__cb-0p1__nbm-lhs-parsed__nbe-0p001__nbmin-0p1__lex-from-prev__ls-0p001__05_BGMTMMM5
mv,BGMTMMM,5,0.2,0.01,0.001,0.678299,0.303210,-7.631113,stages_bg_stages_morphtok_mv_BGMTMMM1_BGMTMMM2_BGMTMMM3_BGMTMMM4_BGMTMMM5__ps-0p2__bias-0p1__cb-0p1__nbm-lhs-parsed__nbe-0p001__nbmin-0p1__lex-from-prev__ls-0p01,stages_bg_stages_morphtok_mv_BGMTMMM1_BGMTMMM2_BGMTMMM3_BGMTMMM4_BGMTMMM5__ps-0p2__bias-0p1__cb-0p1__nbm-lhs-parsed__nbe-0p001__nbmin-0p1__lex-from-prev__ls-0p01__05_BGMTMMM5
mv,BGMTMMM,5,0.2,0.1,0.001,0.685726,0.309306,-7.620445,stages_bg_stages_morphtok_mv_BGMTMMM1_BGMTMMM2_BGMTMMM3_BGMTMMM4_BGMTMMM5__ps-0p2__bias-0p1__cb-0p1__nbm-lhs-parsed__nbe-0p001__nbmin-0p1__lex-from-prev__ls-0p1,stages_bg_stages_morphtok_mv_BGMTMMM1_BGMTMMM2_BGMTMMM3_BGMTMMM4_BGMTMMM5__ps-0p2__bias-0p1__cb-0p1__nbm-lhs-parsed__nbe-0p001__nbmin-0p1__lex-from-prev__ls-0p1__05_BGMTMMM5
mv,BGMTMMM,5,0.2,0.0,0.005,0.681642,0.292414,-7.631362,stages_bg_stages_morphtok_mv_BGMTMMM1_BGMTMMM2_BGMTMMM3_BGMTMMM4_BGMTMMM5__ps-0p2__bias-0p1__cb-0p1__nbm-lhs-parsed__nbe-0p005__nbmin-0p1__lex-from-prev__ls-0p0,stages_bg_stages_morphtok_mv_BGMTMMM1_BGMTMMM2_BGMTMMM3_BGMTMMM4_BGMTMMM5__ps-0p2__bias-0p1__cb-0p1__nbm-lhs-parsed__nbe-0p005__nbmin-0p1__lex-from-prev__ls-0p0__05_BGMTMMM5
mv,BGMTMMM,5,0.2,0.001,0.005,0.679131,0.293110,-7.628865,stages_bg_stages_morphtok_mv_BGMTMMM1_BGMTMMM2_BGMTMMM3_BGMTMMM4_BGMTMMM5__ps-0p2__bias-0p1__cb-0p1__nbm-lhs-parsed__nbe-0p005__nbmin-0p1__lex-from-prev__ls-0p001,stages_bg_stages_morphtok_mv_BGMTMMM1_BGMTMMM2_BGMTMMM3_BGMTMMM4_BGMTMMM5__ps-0p2__bias-0p1__cb-0p1__nbm-lhs-parsed__nbe-0p005__nbmin-0p1__lex-from-prev__ls-0p001__05_BGMTMMM5
mv,BGMTMMM,5,0.2,0.01,0.005,0.678508,0.293239,-7.630038,stages_bg_stages_morphtok_mv_BGMTMMM1_BGMTMMM2_BGMTMMM3_BGMTMMM4_BGMTMMM5__ps-0p2__bias-0p1__cb-0p1__nbm-lhs-parsed__nbe-0p005__nbmin-0p1__lex-from-prev__ls-0p01,stages_bg_stages_morphtok_mv_BGMTMMM1_BGMTMMM2_BGMTMMM3_BGMTMMM4_BGMTMMM5__ps-0p2__bias-0p1__cb-0p1__nbm-lhs-parsed__nbe-0p005__nbmin-0p1__lex-from-prev__ls-0p01__05_BGMTMMM5
mv,BGMTMMM,5,0.2,0.1,0.005,0.685648,0.299187,-7.620015,stages_bg_stages_morphtok_mv_BGMTMMM1_BGMTMMM2_BGMTMMM3_BGMTMMM4_BGMTMMM5__ps-0p2__bias-0p1__cb-0p1__nbm-lhs-parsed__nbe-0p005__nbmin-0p1__lex-from-prev__ls-0p1,stages_bg_stages_morphtok_mv_BGMTMMM1_BGMTMMM2_BGMTMMM3_BGMTMMM4_BGMTMMM5__ps-0p2__bias-0p1__cb-0p1__nbm-lhs-parsed__nbe-0p005__nbmin-0p1__lex-from-prev__ls-0p1__05_BGMTMMM5
mv,BGMTMMM,5,0.2,0.0,0.01,0.681918,0.287485,-7.630862,stages_bg_stages_morphtok_mv_BGMTMMM1_BGMTMMM2_BGMTMMM3_BGMTMMM4_BGMTMMM5__ps-0p2__bias-0p1__cb-0p1__nbm-lhs-parsed__nbe-0p01__nbmin-0p1__lex-from-prev__ls-0p0,stages_bg_stages_morphtok_mv_BGMTMMM1_BGMTMMM2_BGMTMMM3_BGMTMMM4_BGMTMMM5__ps-0p2__bias-0p1__cb-0p1__nbm-lhs-parsed__nbe-0p01__nbmin-0p1__lex-from-prev__ls-0p0__05_BGMTMMM5
mv,BGMTMMM,5,0.2,0.001,0.01,0.679829,0.288060,-7.628761,stages_bg_stages_morphtok_mv_BGMTMMM1_BGMTMMM2_BGMTMMM3_BGMTMMM4_BGMTMMM5__ps-0p2__bias-0p1__cb-0p1__nbm-lhs-parsed__nbe-0p01__nbmin-0p1__lex-from-prev__ls-0p001,stages_bg_stages_morphtok_mv_BGMTMMM1_BGMTMMM2_BGMTMMM3_BGMTMMM4_BGMTMMM5__ps-0p2__bias-0p1__cb-0p1__nbm-lhs-parsed__nbe-0p01__nbmin-0p1__lex-from-prev__ls-0p001__05_BGMTMMM5
mv,BGMTMMM,5,0.2,0.01,0.01,0.681709,0.288107,-7.629506,stages_bg_stages_morphtok_mv_BGMTMMM1_BGMTMMM2_BGMTMMM3_BGMTMMM4_BGMTMMM5__ps-0p2__bias-0p1__cb-0p1__nbm-lhs-parsed__nbe-0p01__nbmin-0p1__lex-from-prev__ls-0p01,stages_bg_stages_morphtok_mv_BGMTMMM1_BGMTMMM2_BGMTMMM3_BGMTMMM4_BGMTMMM5__ps-0p2__bias-0p1__cb-0p1__nbm-lhs-parsed__nbe-0p01__nbmin-0p1__lex-from-prev__ls-0p01__05_BGMTMMM5
mv,BGMTMMM,5,0.2,0.1,0.01,0.686283,0.293705,-7.619730,stages_bg_stages_morphtok_mv_BGMTMMM1_BGMTMMM2_BGMTMMM3_BGMTMMM4_BGMTMMM5__ps-0p2__bias-0p1__cb-0p1__nbm-lhs-parsed__nbe-0p01__nbmin-0p1__lex-from-prev__ls-0p1,stages_bg_stages_morphtok_mv_BGMTMMM1_BGMTMMM2_BGMTMMM3_BGMTMMM4_BGMTMMM5__ps-0p2__bias-0p1__cb-0p1__nbm-lhs-parsed__nbe-0p01__nbmin-0p1__lex-from-prev__ls-0p1__05_BGMTMMM5
mv,BGMTMMM,5,0.2,0.0,0.05,0.681441,0.273667,-7.629731,stages_bg_stages_morphtok_mv_BGMTMMM1_BGMTMMM2_BGMTMMM3_BGMTMMM4_BGMTMMM5__ps-0p2__bias-0p1__cb-0p1__nbm-lhs-parsed__nbe-0p05__nbmin-0p1__lex-from-prev__ls-0p0,stages_bg_stages_morphtok_mv_BGMTMMM1_BGMTMMM2_BGMTMMM3_BGMTMMM4_BGMTMMM5__ps-0p2__bias-0p1__cb-0p1__nbm-lhs-parsed__nbe-0p05__nbmin-0p1__lex-from-prev__ls-0p0__05_BGMTMMM5
mv,BGMTMMM,5,0.2,0.001,0.05,0.680882,0.273987,-7.629603,stages_bg_stages_morphtok_mv_BGMTMMM1_BGMTMMM2_BGMTMMM3_BGMTMMM4_BGMTMMM5__ps-0p2__bias-0p1__cb-0p1__nbm-lhs-parsed__nbe-0p05__nbmin-0p1__lex-from-prev__ls-0p001,stages_bg_stages_morphtok_mv_BGMTMMM1_BGMTMMM2_BGMTMMM3_BGMTMMM4_BGMTMMM5__ps-0p2__bias-0p1__cb-0p1__nbm-lhs-parsed__nbe-0p05__nbmin-0p1__lex-from-prev__ls-0p001__05_BGMTMMM5
mv,BGMTMMM,5,0.2,0.01,0.05,0.683039,0.274188,-7.627895,stages_bg_stages_morphtok_mv_BGMTMMM1_BGMTMMM2_BGMTMMM3_BGMTMMM4_BGMTMMM5__ps-0p2__bias-0p1__cb-0p1__nbm-lhs-parsed__nbe-0p05__nbmin-0p1__lex-from-prev__ls-0p01,stages_bg_stages_morphtok_mv_BGMTMMM1_BGMTMMM2_BGMTMMM3_BGMTMMM4_BGMTMMM5__ps-0p2__bias-0p1__cb-0p1__nbm-lhs-parsed__nbe-0p05__nbmin-0p1__lex-from-prev__ls-0p01__05_BGMTMMM5
mv,BGMTMMM,5,0.2,0.1,0.05,0.685930,0.279411,-7.620359,stages_bg_stages_morphtok_mv_BGMTMMM1_BGMTMMM2_BGMTMMM3_BGMTMMM4_BGMTMMM5__ps-0p2__bias-0p1__cb-0p1__nbm-lhs-parsed__nbe-0p05__nbmin-0p1__lex-from-prev__ls-0p1,stages_bg_stages_morphtok_mv_BGMTMMM1_BGMTMMM2_BGMTMMM3_BGMTMMM4_BGMTMMM5__ps-0p2__bias-0p1__cb-0p1__nbm-lhs-parsed__nbe-0p05__nbmin-0p1__lex-from-prev__ls-0p1__05_BGMTMMM5
