grammar,base,stage,s_p,s_l,eta,f1,JSD,mll,dir,file
merged_min5,BGMTG,1,0.005,0.1,0.005,0.407461,0.496034,-8.108002,stages_bg_stages_morphtok_min5_BGMTG1_BGMTG2_BGMTG3_BGMTG4_BGMTG5__ps-0p005__bias-0p1__cb-0p1__nbm-lhs-parsed__nbe-0p005__nbmin-0p1__lex-from-prev__ls-0p1,stages_bg_stages_morphtok_min5_BGMTG1_BGMTG2_BGMTG3_BGMTG4_BGMTG5__ps-0p005__bias-0p1__cb-0p1__nbm-lhs-parsed__nbe-0p005__nbmin-0p1__lex-from-prev__ls-0p1__01_BGMTG1
merged_min5,BGMTG,1,0.005,0.1,0.01,0.407461,0.496034,-8.108002,stages_bg_stages_morphtok_min5_BGMTG1_BGMTG2_BGMTG3_BGMTG4_BGMTG5__ps-0p005__bias-0p1__cb-0p1__nbm-lhs-parsed__nbe-0p01__nbmin-0p1__lex-from-prev__ls-0p1,stages_bg_stages_morphtok_min5_BGMTG1_BGMTG2_BGMTG3_BGMTG4_BGMTG5__ps-0p005__bias-0p1__cb-0p1__nbm-lhs-parsed__nbe-0p01__nbmin-0p1__lex-from-prev__ls-0p1__01_BGMTG1
merged_min5,BGMTG,1,0.01,0.01,0.001,0.407461,0.496034,-8.108002,stages_bg_stages_morphtok_min5_BGMTG1_BGMTG2_BGMTG3_BGMTG4_BGMTG5__ps-0p01__bias-0p1__cb-0p1__nbm-lhs-parsed__nbe-0p001__nbmin-0p1__lex-from-prev__ls-0p01,stages_bg_stages_morphtok_min5_BGMTG1_BGMTG2_BGMTG3_BGMTG4_BGMTG5__ps-0p01__bias-0p1__cb-0p1__nbm-lhs-parsed__nbe-0p001__nbmin-0p1__lex-from-prev__ls-0p01__01_BGMTG1
merged_min5,BGMTG,1,0.01,0.01,0.005,0.407461,0.496034,-8.108002,stages_bg_stages_morphtok_min5_BGMTG1_BGMTG2_BGMTG3_BGMTG4_BGMTG5__ps-0p01__bias-0p1__cb-0p1__nbm-lhs-parsed__nbe-0p005__nbmin-0p1__lex-from-prev__ls-0p01,stages_bg_stages_morphtok_min5_BGMTG1_BGMTG2_BGMTG3_BGMTG4_BGMTG5__ps-0p01__bias-0p1__cb-0p1__nbm-lhs-parsed__nbe-0p005__nbmin-0p1__lex-from-prev__ls-0p01__01_BGMTG1
merged_min5,BGMTG,1,0.01,0.01,0.01,0.407461,0.496034,-8.108002,stages_bg_stages_morphtok_min5_BGMTG1_BGMTG2_BGMTG3_BGMTG4_BGMTG5__ps-0p01__bias-0p1__cb-0p1__nbm-lhs-parsed__nbe-0p01__nbmin-0p1__lex-from-prev__ls-0p01,stages_bg_stages_morphtok_min5_BGMTG1_BGMTG2_BGMTG3_BGMTG4_BGMTG5__ps-0p01__bias-0p1__cb-0p1__nbm-lhs-parsed__nbe-0p01__nbmin-0p1__lex-from-prev__ls-0p01__01_BGMTG1
merged_min5,BGMTG,1,0.01,0.01,0.05,0.407461,0.496034,-8.108002,stages_bg_stages_morphtok_min5_BGMTG1_BGMTG2_BGMTG3_BGMTG4_BGMTG5__ps-0p01__bias-0p1__cb-0p1__nbm-lhs-parsed__nbe-0p05__nbmin-0p1__lex-from-prev__ls-0p01,stages_bg_stages_morphtok_min5_BGMTG1_BGMTG2_BGMTG3_BGMTG4_BGMTG5__ps-0p01__bias-0p1__cb-0p1__nbm-lhs-parsed__nbe-0p05__nbmin-0p1__lex-from-prev__ls-0p01__01_BGMTG1
merged_min5,BGMTG,1,0.05,0.001,0.001,0.407461,0.496034,-8.108002,stages_bg_stages_morphtok_min5_BGMTG1_BGMTG2_BGMTG3_BGMTG4_BGMTG5__ps-0p05__bias-0p1__cb-0p1__nbm-lhs-parsed__nbe-0p001__nbmin-0p1__lex-from-prev__ls-0p001,stages_bg_stages_morphtok_min5_BGMTG1_BGMTG2_BGMTG3_BGMTG4_BGMTG5__ps-0p05__bias-0p1__cb-0p1__nbm-lhs-parsed__nbe-0p001__nbmin-0p1__lex-from-prev__ls-0p001__01_BGMTG1
merged_min5,BGMTG,1,0.05,0.01,0.001,0.407461,0.496034,-8.108002,stages_bg_stages_morphtok_min5_BGMTG1_BGMTG2_BGMTG3_BGMTG4_BGMTG5__ps-0p05__bias-0p1__cb-0p1__nbm-lhs-parsed__nbe-0p001__nbmin-0p1__lex-from-prev__ls-0p01,stages_bg_stages_morphtok_min5_BGMTG1_BGMTG2_BGMTG3_BGMTG4_BGMTG5__ps-0p05__bias-0p1__cb-0p1__nbm-lhs-parsed__nbe-0p001__nbmin-0p1__lex-from-prev__ls-0p01__01_BGMTG1
merged_min5,BGMTG,1,0.05,0.1,0.001,0.407461,0.496034,-8.108002,stages_bg_stages_morphtok_min5_BGMTG1_BGMTG2_BGMTG3_BGMTG4_BGMTG5__ps-0p05__bias-0p1__cb-0p1__nbm-lhs-parsed__nbe-0p001__nbmin-0p1__lex-from-prev__ls-0p1,stages_bg_stages_morphtok_min5_BGMTG1_BGMTG2_BGMTG3_BGMTG4_BGMTG5__ps-0p05__bias-0p1__cb-0p1__nbm-lhs-parsed__nbe-0p001__nbmin-0p1__lex-from-prev__ls-0p1__01_BGMTG1
merged_min5,BGMTG,1,0.05,0.001,0.005,0.407461,0.496034,-8.108002,stages_bg_stages_morphtok_min5_BGMTG1_BGMTG2_BGMTG3_BGMTG4_BGMTG5__ps-0p05__bias-0p1__cb-0p1__nbm-lhs-parsed__nbe-0p005__nbmin-0p1__lex-from-prev__ls-0p001,stages_bg_stages_morphtok_min5_BGMTG1_BGMTG2_BGMTG3_BGMTG4_BGMTG5__ps-0p05__bias-0p1__cb-0p1__nbm-lhs-parsed__nbe-0p005__nbmin-0p1__lex-from-prev__ls-0p001__01_BGMTG1
merged_min5,BGMTG,1,0.05,0.1,0.005,0.407461,0.496034,-8.108002,stages_bg_stages_morphtok_min5_BGMTG1_BGMTG2_BGMTG3_BGMTG4_BGMTG5__ps-0p05__bias-0p1__cb-0p1__nbm-lhs-parsed__nbe-0p005__nbmin-0p1__lex-from-prev__ls-0p1,stages_bg_stages_morphtok_min5_BGMTG1_BGMTG2_BGMTG3_BGMTG4_BGMTG5__ps-0p05__bias-0p1__cb-0p1__nbm-lhs-parsed__nbe-0p005__nbmin-0p1__lex-from-prev__ls-0p1__01_BGMTG1
merged_min5,BGMTG,1,0.05,0.001,0.01,0.407461,0.496034,-8.108002,stages_bg_stages_morphtok_min5_BGMTG1_BGMTG2_BGMTG3_BGMTG4_BGMTG5__ps-0p05__bias-0p1__cb-0p1__nbm-lhs-parsed__nbe-0p01__nbmin-0p1__lex-from-prev__ls-0p001,stages_bg_stages_morphtok_min5_BGMTG1_BGMTG2_BGMTG3_BGMTG4_BGMTG5__ps-0p05__bias-0p1__cb-0p1__nbm-lhs-parsed__nbe-0p01__nbmin-0p1__lex-from-prev__ls-0p001__01_BGMTG1
merged_min5,BGMTG,1,0.05,0.1,0.01,0.407461,0.496034,-8.108002,stages_bg_stages_morphtok_min5_BGMTG1_BGMTG2_BGMTG3_BGMTG4_BGMTG5__ps-0p05__bias-0p1__cb-0p1__nbm-lhs-parsed__nbe-0p01__nbmin-0p1__lex-from-prev__ls-0p1,stages_bg_stages_morphtok_min5_BGMTG1_BGMTG2_BGMTG3_BGMTG4_BGMTG5__ps-0p05__bias-0p1__cb-0p1__nbm-lhs-parsed__nbe-0p01__nbmin-0p1__lex-from-prev__ls-0p1__01_BGMTG1
merged_min5,BGMTG,1,0.05,0.001,0.05,0.407461,0.496034,-8.108002,stages_bg_stages_morphtok_min5_BGMTG1_BGMTG2_BGMTG3_BGMTG4_BGMTG5__ps-0p05__bias-0p1__cb-0p1__nbm-lhs-parsed__nbe-0p05__nbmin-0p1__lex-from-prev__ls-0p001,stages_bg_stages_morphtok_min5_BGMTG1_BGMTG2_BGMTG3_BGMTG4_BGMTG5__ps-0p05__bias-0p1__cb-0p1__nbm-lhs-parsed__nbe-0p05__nbmin-0p1__lex-from-prev__ls-0p001__01_BGMTG1
merged_min5,BGMTG,1,0.05,0.01,0.05,0.407461,0.496034,-8.108002,stages_bg_stages_morphtok_min5_BGMTG1_BGMTG2_BGMTG3_BGMTG4_BGMTG5__ps-0p05__bias-0p1__cb-0p1__nbm-lhs-parsed__nbe-0p05__nbmin-0p1__lex-from-prev__ls-0p01,stages_bg_stages_morphtok_min5_BGMTG1_BGMTG2_BGMTG3_BGMTG4_BGMTG5__ps-0p05__bias-0p1__cb-0p1__nbm-lhs-parsed__nbe-0p05__nbmin-0p1__lex-from-prev__ls-0p01__01_BGMTG1
merged_min5,BGMTG,1,0.05,0.1,0.05,0.407461,0.496034,-8.108002,stages_bg_stages_morphtok_min5_BGMTG1_BGMTG2_BGMTG3_BGMTG4_BGMTG5__ps-0p05__bias-0p1__cb-0p1__nbm-lhs-parsed__nbe-0p05__nbmin-0p1__lex-from-prev__ls-0p1,stages_bg_stages_morphtok_min5_BGMTG1_BGMTG2_BGMTG3_BGMTG4_BGMTG5__ps-0p05__bias-0p1__cb-0p1__nbm-lhs-parsed__nbe-0p05__nbmin-0p1__lex-from-prev__ls-0p1__01_BGMTG1
merged_min5,BGMTG,1,0.1,0.01,0.001,0.407461,0.496034,-8.108002,stages_bg_stages_morphtok_min5_BGMTG1_BGMTG2_BGMTG3_BGMTG4_BGMTG5__ps-0p1__bias-0p1__cb-0p1__nbm-lhs-parsed__nbe-0p001__nbmin-0p1__lex-from-prev__ls-0p01,stages_bg_stages_morphtok_min5_BGMTG1_BGMTG2_BGMTG3_BGMTG4_BGMTG5__ps-0p1__bias-0p1__cb-0p1__nbm-lhs-parsed__nbe-0p001__nbmin-0p1__lex-from-prev__ls-0p01__01_BGMTG1
merged_min5,BGMTG,1,0.1,0.1,0.001,0.407461,0.496034,-8.108002,stages_bg_stages_morphtok_min5_BGMTG1_BGMTG2_BGMTG3_BGMTG4_BGMTG5__ps-0p1__bias-0p1__cb-0p1__nbm-lhs-parsed__nbe-0p001__nbmin-0p1__lex-from-prev__ls-0p1,stages_bg_stages_morphtok_min5_BGMTG1_BGMTG2_BGMTG3_BGMTG4_BGMTG5__ps-0p1__bias-0p1__cb-0p1__nbm-lhs-parsed__nbe-0p001__nbmin-0p1__lex-from-prev__ls-0p1__01_BGMTG1
merged_min5,BGMTG,1,0.1,0.1,0.005,0.407461,0.496034,-8.108002,stages_bg_stages_morphtok_min5_BGMTG1_BGMTG2_BGMTG3_BGMTG4_BGMTG5__ps-0p1__bias-0p1__cb-0p1__nbm-lhs-parsed__nbe-0p005__nbmin-0p1__lex-from-prev__ls-0p1,stages_bg_stages_morphtok_min5_BGMTG1_BGMTG2_BGMTG3_BGMTG4_BGMTG5__ps-0p1__bias-0p1__cb-0p1__nbm-lhs-parsed__nbe-0p005__nbmin-0p1__lex-from-prev__ls-0p1__01_BGMTG1
merged_min5,BGMTG,1,0.1,0.1,0.05,0.407461,0.496034,-8.108002,stages_bg_stages_morphtok_min5_BGMTG1_BGMTG2_BGMTG3_BGMTG4_BGMTG5__ps-0p1__bias-0p1__cb-0p1__nbm-lhs-parsed__nbe-0p05__nbmin-0p1__lex-from-prev__ls-0p1,stages_bg_stages_morphtok_min5_BGMTG1_BGMTG2_BGMTG3_BGMTG4_BGMTG5__ps-0p1__bias-0p1__cb-0p1__nbm-lhs-parsed__nbe-0p05__nbmin-0p1__lex-from-prev__ls-0p1__01_BGMTG1
merged_min5,BGMTG,2,0.005,0.1,0.005,0.491943,0.309578,-7.581367,stages_bg_stages_morphtok_min5_BGMTG1_BGMTG2_BGMTG3_BGMTG4_BGMTG5__ps-0p005__bias-0p1__cb-0p1__nbm-lhs-parsed__nbe-0p005__nbmin-0p1__lex-from-prev__ls-0p1,stages_bg_stages_morphtok_min5_BGMTG1_BGMTG2_BGMTG3_BGMTG4_BGMTG5__ps-0p005__bias-0p1__cb-0p1__nbm-lhs-parsed__nbe-0p005__nbmin-0p1__lex-from-prev__ls-0p1__02_BGMTG2
merged_min5,BGMTG,2,0.005,0.1,0.01,0.491943,0.309548,-7.581368,stages_bg_stages_morphtok_min5_BGMTG1_BGMTG2_BGMTG3_BGMTG4_BGMTG5__ps-0p005__bias-0p1__cb-0p1__nbm-lhs-parsed__nbe-0p01__nbmin-0p1__lex-from-prev__ls-0p1,stages_bg_stages_morphtok_min5_BGMTG1_BGMTG2_BGMTG3_BGMTG4_BGMTG5__ps-0p005__bias-0p1__cb-0p1__nbm-lhs-parsed__nbe-0p01__nbmin-0p1__lex-from-prev__ls-0p1__02_BGMTG2
merged_min5,BGMTG,2,0.01,0.01,0.001,0.491303,0.306604,-7.593097,stages_bg_stages_morphtok_min5_BGMTG1_BGMTG2_BGMTG3_BGMTG4_BGMTG5__ps-0p01__bias-0p1__cb-0p1__nbm-lhs-parsed__nbe-0p001__nbmin-0p1__lex-from-prev__ls-0p01,stages_bg_stages_morphtok_min5_BGMTG1_BGMTG2_BGMTG3_BGMTG4_BGMTG5__ps-0p01__bias-0p1__cb-0p1__nbm-lhs-parsed__nbe-0p001__nbmin-0p1__lex-from-prev__ls-0p01__02_BGMTG2
merged_min5,BGMTG,2,0.01,0.01,0.005,0.491658,0.306566,-7.593098,stages_bg_stages_morphtok_min5_BGMTG1_BGMTG2_BGMTG3_BGMTG4_BGMTG5__ps-0p01__bias-0p1__cb-0p1__nbm-lhs-parsed__nbe-0p005__nbmin-0p1__lex-from-prev__ls-0p01,stages_bg_stages_morphtok_min5_BGMTG1_BGMTG2_BGMTG3_BGMTG4_BGMTG5__ps-0p01__bias-0p1__cb-0p1__nbm-lhs-parsed__nbe-0p005__nbmin-0p1__lex-from-prev__ls-0p01__02_BGMTG2
merged_min5,BGMTG,2,0.01,0.01,0.01,0.492013,0.306504,-7.593098,stages_bg_stages_morphtok_min5_BGMTG1_BGMTG2_BGMTG3_BGMTG4_BGMTG5__ps-0p01__bias-0p1__cb-0p1__nbm-lhs-parsed__nbe-0p01__nbmin-0p1__lex-from-prev__ls-0p01,stages_bg_stages_morphtok_min5_BGMTG1_BGMTG2_BGMTG3_BGMTG4_BGMTG5__ps-0p01__bias-0p1__cb-0p1__nbm-lhs-parsed__nbe-0p01__nbmin-0p1__lex-from-prev__ls-0p01__02_BGMTG2
merged_min5,BGMTG,2,0.01,0.01,0.05,0.491658,0.306025,-7.593095,stages_bg_stages_morphtok_min5_BGMTG1_BGMTG2_BGMTG3_BGMTG4_BGMTG5__ps-0p01__bias-0p1__cb-0p1__nbm-lhs-parsed__nbe-0p05__nbmin-0p1__lex-from-prev__ls-0p01,stages_bg_stages_morphtok_min5_BGMTG1_BGMTG2_BGMTG3_BGMTG4_BGMTG5__ps-0p01__bias-0p1__cb-0p1__nbm-lhs-parsed__nbe-0p05__nbmin-0p1__lex-from-prev__ls-0p01__02_BGMTG2
merged_min5,BGMTG,2,0.05,0.001,0.001,0.494051,0.306415,-7.581541,stages_bg_stages_morphtok_min5_BGMTG1_BGMTG2_BGMTG3_BGMTG4_BGMTG5__ps-0p05__bias-0p1__cb-0p1__nbm-lhs-parsed__nbe-0p001__nbmin-0p1__lex-from-prev__ls-0p001,stages_bg_stages_morphtok_min5_BGMTG1_BGMTG2_BGMTG3_BGMTG4_BGMTG5__ps-0p05__bias-0p1__cb-0p1__nbm-lhs-parsed__nbe-0p001__nbmin-0p1__lex-from-prev__ls-0p001__02_BGMTG2
merged_min5,BGMTG,2,0.05,0.01,0.001,0.494406,0.306353,-7.590235,stages_bg_stages_morphtok_min5_BGMTG1_BGMTG2_BGMTG3_BGMTG4_BGMTG5__ps-0p05__bias-0p1__cb-0p1__nbm-lhs-parsed__nbe-0p001__nbmin-0p1__lex-from-prev__ls-0p01,stages_bg_stages_morphtok_min5_BGMTG1_BGMTG2_BGMTG3_BGMTG4_BGMTG5__ps-0p05__bias-0p1__cb-0p1__nbm-lhs-parsed__nbe-0p001__nbmin-0p1__lex-from-prev__ls-0p01__02_BGMTG2
merged_min5,BGMTG,2,0.05,0.1,0.001,0.495050,0.309555,-7.579025,stages_bg_stages_morphtok_min5_BGMTG1_BGMTG2_BGMTG3_BGMTG4_BGMTG5__ps-0p05__bias-0p1__cb-0p1__nbm-lhs-parsed__nbe-0p001__nbmin-0p1__lex-from-prev__ls-0p1,stages_bg_stages_morphtok_min5_BGMTG1_BGMTG2_BGMTG3_BGMTG4_BGMTG5__ps-0p05__bias-0p1__cb-0p1__nbm-lhs-parsed__nbe-0p001__nbmin-0p1__lex-from-prev__ls-0p1__02_BGMTG2
merged_min5,BGMTG,2,0.05,0.001,0.005,0.494406,0.306155,-7.581537,stages_bg_stages_morphtok_min5_BGMTG1_BGMTG2_BGMTG3_BGMTG4_BGMTG5__ps-0p05__bias-0p1__cb-0p1__nbm-lhs-parsed__nbe-0p005__nbmin-0p1__lex-from-prev__ls-0p001,stages_bg_stages_morphtok_min5_BGMTG1_BGMTG2_BGMTG3_BGMTG4_BGMTG5__ps-0p05__bias-0p1__cb-0p1__nbm-lhs-parsed__nbe-0p005__nbmin-0p1__lex-from-prev__ls-0p001__02_BGMTG2
merged_min5,BGMTG,2,0.05,0.1,0.005,0.495050,0.309272,-7.579015,stages_bg_stages_morphtok_min5_BGMTG1_BGMTG2_BGMTG3_BGMTG4_BGMTG5__ps-0p05__bias-0p1__cb-0p1__nbm-lhs-parsed__nbe-0p005__nbmin-0p1__lex-from-prev__ls-0p1,stages_bg_stages_morphtok_min5_BGMTG1_BGMTG2_BGMTG3_BGMTG4_BGMTG5__ps-0p05__bias-0p1__cb-0p1__nbm-lhs-parsed__nbe-0p005__nbmin-0p1__lex-from-prev__ls-0p1__02_BGMTG2
merged_min5,BGMTG,2,0.05,0.001,0.01,0.494406,0.305846,-7.581540,stages_bg_stages_morphtok_min5_BGMTG1_BGMTG2_BGMTG3_BGMTG4_BGMTG5__ps-0p05__bias-0p1__cb-0p1__nbm-lhs-parsed__nbe-0p01__nbmin-0p1__lex-from-prev__ls-0p001,stages_bg_stages_morphtok_min5_BGMTG1_BGMTG2_BGMTG3_BGMTG4_BGMTG5__ps-0p05__bias-0p1__cb-0p1__nbm-lhs-parsed__nbe-0p01__nbmin-0p1__lex-from-prev__ls-0p001__02_BGMTG2
merged_min5,BGMTG,2,0.05,0.1,0.01,0.495228,0.308935,-7.579000,stages_bg_stages_morphtok_min5_BGMTG1_BGMTG2_BGMTG3_BGMTG4_BGMTG5__ps-0p05__bias-0p1__cb-0p1__nbm-lhs-parsed__nbe-0p01__nbmin-0p1__lex-from-prev__ls-0p1,stages_bg_stages_morphtok_min5_BGMTG1_BGMTG2_BGMTG3_BGMTG4_BGMTG5__ps-0p05__bias-0p1__cb-0p1__nbm-lhs-parsed__nbe-0p01__nbmin-0p1__lex-from-prev__ls-0p1__02_BGMTG2
merged_min5,BGMTG,2,0.05,0.001,0.05,0.492893,0.303755,-7.581100,stages_bg_stages_morphtok_min5_BGMTG1_BGMTG2_BGMTG3_BGMTG4_BGMTG5__ps-0p05__bias-0p1__cb-0p1__nbm-lhs-parsed__nbe-0p05__nbmin-0p1__lex-from-prev__ls-0p001,stages_bg_stages_morphtok_min5_BGMTG1_BGMTG2_BGMTG3_BGMTG4_BGMTG5__ps-0p05__bias-0p1__cb-0p1__nbm-lhs-parsed__nbe-0p05__nbmin-0p1__lex-from-prev__ls-0p001__02_BGMTG2
merged_min5,BGMTG,2,0.05,0.01,0.05,0.493959,0.303632,-7.589742,stages_bg_stages_morphtok_min5_BGMTG1_BGMTG2_BGMTG3_BGMTG4_BGMTG5__ps-0p05__bias-0p1__cb-0p1__nbm-lhs-parsed__nbe-0p05__nbmin-0p1__lex-from-prev__ls-0p01,stages_bg_stages_morphtok_min5_BGMTG1_BGMTG2_BGMTG3_BGMTG4_BGMTG5__ps-0p05__bias-0p1__cb-0p1__nbm-lhs-parsed__nbe-0p05__nbmin-0p1__lex-from-prev__ls-0p01__02_BGMTG2
merged_min5,BGMTG,2,0.05,0.1,0.05,0.495578,0.306675,-7.578424,stages_bg_stages_morphtok_min5_BGMTG1_BGMTG2_BGMTG3_BGMTG4_BGMTG5__ps-0p05__bias-0p1__cb-0p1__nbm-lhs-parsed__nbe-0p05__nbmin-0p1__lex-from-prev__ls-0p1,stages_bg_stages_morphtok_min5_BGMTG1_BGMTG2_BGMTG3_BGMTG4_BGMTG5__ps-0p05__bias-0p1__cb-0p1__nbm-lhs-parsed__nbe-0p05__nbmin-0p1__lex-from-prev__ls-0p1__02_BGMTG2
merged_min5,BGMTG,2,0.1,0.01,0.001,0.494139,0.306176,-7.586837,stages_bg_stages_morphtok_min5_BGMTG1_BGMTG2_BGMTG3_BGMTG4_BGMTG5__ps-0p1__bias-0p1__cb-0p1__nbm-lhs-parsed__nbe-0p001__nbmin-0p1__lex-from-prev__ls-0p01,stages_bg_stages_morphtok_min5_BGMTG1_BGMTG2_BGMTG3_BGMTG4_BGMTG5__ps-0p1__bias-0p1__cb-0p1__nbm-lhs-parsed__nbe-0p001__nbmin-0p1__lex-from-prev__ls-0p01__02_BGMTG2
merged_min5,BGMTG,2,0.1,0.1,0.001,0.494176,0.309665,-7.576251,stages_bg_stages_morphtok_min5_BGMTG1_BGMTG2_BGMTG3_BGMTG4_BGMTG5__ps-0p1__bias-0p1__cb-0p1__nbm-lhs-parsed__nbe-0p001__nbmin-0p1__lex-from-prev__ls-0p1,stages_bg_stages_morphtok_min5_BGMTG1_BGMTG2_BGMTG3_BGMTG4_BGMTG5__ps-0p1__bias-0p1__cb-0p1__nbm-lhs-parsed__nbe-0p001__nbmin-0p1__lex-from-prev__ls-0p1__02_BGMTG2
merged_min5,BGMTG,2,0.1,0.1,0.005,0.494442,0.309074,-7.576229,stages_bg_stages_morphtok_min5_BGMTG1_BGMTG2_BGMTG3_BGMTG4_BGMTG5__ps-0p1__bias-0p1__cb-0p1__nbm-lhs-parsed__nbe-0p005__nbmin-0p1__lex-from-prev__ls-0p1,stages_bg_stages_morphtok_min5_BGMTG1_BGMTG2_BGMTG3_BGMTG4_BGMTG5__ps-0p1__bias-0p1__cb-0p1__nbm-lhs-parsed__nbe-0p005__nbmin-0p1__lex-from-prev__ls-0p1__02_BGMTG2
merged_min5,BGMTG,2,0.1,0.1,0.05,0.494521,0.304706,-7.574776,stages_bg_stages_morphtok_min5_BGMTG1_BGMTG2_BGMTG3_BGMTG4_BGMTG5__ps-0p1__bias-0p1__cb-0p1__nbm-lhs-parsed__nbe-0p05__nbmin-0p1__lex-from-prev__ls-0p1,stages_bg_stages_morphtok_min5_BGMTG1_BGMTG2_BGMTG3_BGMTG4_BGMTG5__ps-0p1__bias-0p1__cb-0p1__nbm-lhs-parsed__nbe-0p05__nbmin-0p1__lex-from-prev__ls-0p1__02_BGMTG2
merged_min5,BGMTG,3,0.005,0.1,0.005,0.601760,0.269310,-7.571379,stages_bg_stages_morphtok_min5_BGMTG1_BGMTG2_BGMTG3_BGMTG4_BGMTG5__ps-0p005__bias-0p1__cb-0p1__nbm-lhs-parsed__nbe-0p005__nbmin-0p1__lex-from-prev__ls-0p1,stages_bg_stages_morphtok_min5_BGMTG1_BGMTG2_BGMTG3_BGMTG4_BGMTG5__ps-0p005__bias-0p1__cb-0p1__nbm-lhs-parsed__nbe-0p005__nbmin-0p1__lex-from-prev__ls-0p1__03_BGMTG3
merged_min5,BGMTG,3,0.005,0.1,0.01,0.601525,0.269255,-7.571261,stages_bg_stages_morphtok_min5_BGMTG1_BGMTG2_BGMTG3_BGMTG4_BGMTG5__ps-0p005__bias-0p1__cb-0p1__nbm-lhs-parsed__nbe-0p01__nbmin-0p1__lex-from-prev__ls-0p1,stages_bg_stages_morphtok_min5_BGMTG1_BGMTG2_BGMTG3_BGMTG4_BGMTG5__ps-0p005__bias-0p1__cb-0p1__nbm-lhs-parsed__nbe-0p01__nbmin-0p1__lex-from-prev__ls-0p1__03_BGMTG3
merged_min5,BGMTG,3,0.01,0.01,0.001,0.600282,0.265657,-7.570555,stages_bg_stages_morphtok_min5_BGMTG1_BGMTG2_BGMTG3_BGMTG4_BGMTG5__ps-0p01__bias-0p1__cb-0p1__nbm-lhs-parsed__nbe-0p001__nbmin-0p1__lex-from-prev__ls-0p01,stages_bg_stages_morphtok_min5_BGMTG1_BGMTG2_BGMTG3_BGMTG4_BGMTG5__ps-0p01__bias-0p1__cb-0p1__nbm-lhs-parsed__nbe-0p001__nbmin-0p1__lex-from-prev__ls-0p01__03_BGMTG3
merged_min5,BGMTG,3,0.01,0.01,0.005,0.600518,0.265583,-7.570418,stages_bg_stages_morphtok_min5_BGMTG1_BGMTG2_BGMTG3_BGMTG4_BGMTG5__ps-0p01__bias-0p1__cb-0p1__nbm-lhs-parsed__nbe-0p005__nbmin-0p1__lex-from-prev__ls-0p01,stages_bg_stages_morphtok_min5_BGMTG1_BGMTG2_BGMTG3_BGMTG4_BGMTG5__ps-0p01__bias-0p1__cb-0p1__nbm-lhs-parsed__nbe-0p005__nbmin-0p1__lex-from-prev__ls-0p01__03_BGMTG3
merged_min5,BGMTG,3,0.01,0.01,0.01,0.600518,0.265499,-7.570274,stages_bg_stages_morphtok_min5_BGMTG1_BGMTG2_BGMTG3_BGMTG4_BGMTG5__ps-0p01__bias-0p1__cb-0p1__nbm-lhs-parsed__nbe-0p01__nbmin-0p1__lex-from-prev__ls-0p01,stages_bg_stages_morphtok_min5_BGMTG1_BGMTG2_BGMTG3_BGMTG4_BGMTG5__ps-0p01__bias-0p1__cb-0p1__nbm-lhs-parsed__nbe-0p01__nbmin-0p1__lex-from-prev__ls-0p01__03_BGMTG3
merged_min5,BGMTG,3,0.01,0.01,0.05,0.599812,0.265009,-7.569564,stages_bg_stages_morphtok_min5_BGMTG1_BGMTG2_BGMTG3_BGMTG4_BGMTG5__ps-0p01__bias-0p1__cb-0p1__nbm-lhs-parsed__nbe-0p05__nbmin-0p1__lex-from-prev__ls-0p01,stages_bg_stages_morphtok_min5_BGMTG1_BGMTG2_BGMTG3_BGMTG4_BGMTG5__ps-0p01__bias-0p1__cb-0p1__nbm-lhs-parsed__nbe-0p05__nbmin-0p1__lex-from-prev__ls-0p01__03_BGMTG3
merged_min5,BGMTG,3,0.05,0.001,0.001,0.599765,0.265156,-7.561627,stages_bg_stages_morphtok_min5_BGMTG1_BGMTG2_BGMTG3_BGMTG4_BGMTG5__ps-0p05__bias-0p1__cb-0p1__nbm-lhs-parsed__nbe-0p001__nbmin-0p1__lex-from-prev__ls-0p001,stages_bg_stages_morphtok_min5_BGMTG1_BGMTG2_BGMTG3_BGMTG4_BGMTG5__ps-0p05__bias-0p1__cb-0p1__nbm-lhs-parsed__nbe-0p001__nbmin-0p1__lex-from-prev__ls-0p001__03_BGMTG3
merged_min5,BGMTG,3,0.05,0.01,0.001,0.599295,0.265321,-7.566491,stages_bg_stages_morphtok_min5_BGMTG1_BGMTG2_BGMTG3_BGMTG4_BGMTG5__ps-0p05__bias-0p1__cb-0p1__nbm-lhs-parsed__nbe-0p001__nbmin-0p1__lex-from-prev__ls-0p01,stages_bg_stages_morphtok_min5_BGMTG1_BGMTG2_BGMTG3_BGMTG4_BGMTG5__ps-0p05__bias-0p1__cb-0p1__nbm-lhs-parsed__nbe-0p001__nbmin-0p1__lex-from-prev__ls-0p01__03_BGMTG3
merged_min5,BGMTG,3,0.05,0.1,0.001,0.599367,0.268210,-7.565706,stages_bg_stages_morphtok_min5_BGMTG1_BGMTG2_BGMTG3_BGMTG4_BGMTG5__ps-0p05__bias-0p1__cb-0p1__nbm-lhs-parsed__nbe-0p001__nbmin-0p1__lex-from-prev__ls-0p1,stages_bg_stages_morphtok_min5_BGMTG1_BGMTG2_BGMTG3_BGMTG4_BGMTG5__ps-0p05__bias-0p1__cb-0p1__nbm-lhs-parsed__nbe-0p001__nbmin-0p1__lex-from-prev__ls-0p1__03_BGMTG3
merged_min5,BGMTG,3,0.05,0.001,0.005,0.600329,0.264843,-7.561173,stages_bg_stages_morphtok_min5_BGMTG1_BGMTG2_BGMTG3_BGMTG4_BGMTG5__ps-0p05__bias-0p1__cb-0p1__nbm-lhs-parsed__nbe-0p005__nbmin-0p1__lex-from-prev__ls-0p001,stages_bg_stages_morphtok_min5_BGMTG1_BGMTG2_BGMTG3_BGMTG4_BGMTG5__ps-0p05__bias-0p1__cb-0p1__nbm-lhs-parsed__nbe-0p005__nbmin-0p1__lex-from-prev__ls-0p001__03_BGMTG3
merged_min5,BGMTG,3,0.05,0.1,0.005,0.599648,0.267842,-7.565288,stages_bg_stages_morphtok_min5_BGMTG1_BGMTG2_BGMTG3_BGMTG4_BGMTG5__ps-0p05__bias-0p1__cb-0p1__nbm-lhs-parsed__nbe-0p005__nbmin-0p1__lex-from-prev__ls-0p1,stages_bg_stages_morphtok_min5_BGMTG1_BGMTG2_BGMTG3_BGMTG4_BGMTG5__ps-0p05__bias-0p1__cb-0p1__nbm-lhs-parsed__nbe-0p005__nbmin-0p1__lex-from-prev__ls-0p1__03_BGMTG3
merged_min5,BGMTG,3,0.05,0.001,0.01,0.600493,0.264531,-7.560876,stages_bg_stages_morphtok_min5_BGMTG1_BGMTG2_BGMTG3_BGMTG4_BGMTG5__ps-0p05__bias-0p1__cb-0p1__nbm-lhs-parsed__nbe-0p01__nbmin-0p1__lex-from-prev__ls-0p001,stages_bg_stages_morphtok_min5_BGMTG1_BGMTG2_BGMTG3_BGMTG4_BGMTG5__ps-0p05__bias-0p1__cb-0p1__nbm-lhs-parsed__nbe-0p01__nbmin-0p1__lex-from-prev__ls-0p001__03_BGMTG3
merged_min5,BGMTG,3,0.05,0.1,0.01,0.600023,0.267470,-7.564953,stages_bg_stages_morphtok_min5_BGMTG1_BGMTG2_BGMTG3_BGMTG4_BGMTG5__ps-0p05__bias-0p1__cb-0p1__nbm-lhs-parsed__nbe-0p01__nbmin-0p1__lex-from-prev__ls-0p1,stages_bg_stages_morphtok_min5_BGMTG1_BGMTG2_BGMTG3_BGMTG4_BGMTG5__ps-0p05__bias-0p1__cb-0p1__nbm-lhs-parsed__nbe-0p01__nbmin-0p1__lex-from-prev__ls-0p1__03_BGMTG3
merged_min5,BGMTG,3,0.05,0.001,0.05,0.598683,0.263079,-7.559982,stages_bg_stages_morphtok_min5_BGMTG1_BGMTG2_BGMTG3_BGMTG4_BGMTG5__ps-0p05__bias-0p1__cb-0p1__nbm-lhs-parsed__nbe-0p05__nbmin-0p1__lex-from-prev__ls-0p001,stages_bg_stages_morphtok_min5_BGMTG1_BGMTG2_BGMTG3_BGMTG4_BGMTG5__ps-0p05__bias-0p1__cb-0p1__nbm-lhs-parsed__nbe-0p05__nbmin-0p1__lex-from-prev__ls-0p001__03_BGMTG3
merged_min5,BGMTG,3,0.05,0.01,0.05,0.598707,0.263157,-7.564730,stages_bg_stages_morphtok_min5_BGMTG1_BGMTG2_BGMTG3_BGMTG4_BGMTG5__ps-0p05__bias-0p1__cb-0p1__nbm-lhs-parsed__nbe-0p05__nbmin-0p1__lex-from-prev__ls-0p01,stages_bg_stages_morphtok_min5_BGMTG1_BGMTG2_BGMTG3_BGMTG4_BGMTG5__ps-0p05__bias-0p1__cb-0p1__nbm-lhs-parsed__nbe-0p05__nbmin-0p1__lex-from-prev__ls-0p01__03_BGMTG3
merged_min5,BGMTG,3,0.05,0.1,0.05,0.597323,0.265636,-7.563763,stages_bg_stages_morphtok_min5_BGMTG1_BGMTG2_BGMTG3_BGMTG4_BGMTG5__ps-0p05__bias-0p1__cb-0p1__nbm-lhs-parsed__nbe-0p05__nbmin-0p1__lex-from-prev__ls-0p1,stages_bg_stages_morphtok_min5_BGMTG1_BGMTG2_BGMTG3_BGMTG4_BGMTG5__ps-0p05__bias-0p1__cb-0p1__nbm-lhs-parsed__nbe-0p05__nbmin-0p1__lex-from-prev__ls-0p1__03_BGMTG3
merged_min5,BGMTG,3,0.1,0.01,0.001,0.595459,0.265779,-7.567112,stages_bg_stages_morphtok_min5_BGMTG1_BGMTG2_BGMTG3_BGMTG4_BGMTG5__ps-0p1__bias-0p1__cb-0p1__nbm-lhs-parsed__nbe-0p001__nbmin-0p1__lex-from-prev__ls-0p01,stages_bg_stages_morphtok_min5_BGMTG1_BGMTG2_BGMTG3_BGMTG4_BGMTG5__ps-0p1__bias-0p1__cb-0p1__nbm-lhs-parsed__nbe-0p001__nbmin-0p1__lex-from-prev__ls-0p01__03_BGMTG3
merged_min5,BGMTG,3,0.1,0.1,0.001,0.593559,0.268694,-7.566498,stages_bg_stages_morphtok_min5_BGMTG1_BGMTG2_BGMTG3_BGMTG4_BGMTG5__ps-0p1__bias-0p1__cb-0p1__nbm-lhs-parsed__nbe-0p001__nbmin-0p1__lex-from-prev__ls-0p1,stages_bg_stages_morphtok_min5_BGMTG1_BGMTG2_BGMTG3_BGMTG4_BGMTG5__ps-0p1__bias-0p1__cb-0p1__nbm-lhs-parsed__nbe-0p001__nbmin-0p1__lex-from-prev__ls-0p1__03_BGMTG3
merged_min5,BGMTG,3,0.1,0.1,0.005,0.594004,0.267970,-7.566036,stages_bg_stages_morphtok_min5_BGMTG1_BGMTG2_BGMTG3_BGMTG4_BGMTG5__ps-0p1__bias-0p1__cb-0p1__nbm-lhs-parsed__nbe-0p005__nbmin-0p1__lex-from-prev__ls-0p1,stages_bg_stages_morphtok_min5_BGMTG1_BGMTG2_BGMTG3_BGMTG4_BGMTG5__ps-0p1__bias-0p1__cb-0p1__nbm-lhs-parsed__nbe-0p005__nbmin-0p1__lex-from-prev__ls-0p1__03_BGMTG3
merged_min5,BGMTG,3,0.1,0.1,0.05,0.593647,0.264245,-7.564351,stages_bg_stages_morphtok_min5_BGMTG1_BGMTG2_BGMTG3_BGMTG4_BGMTG5__ps-0p1__bias-0p1__cb-0p1__nbm-lhs-parsed__nbe-0p05__nbmin-0p1__lex-from-prev__ls-0p1,stages_bg_stages_morphtok_min5_BGMTG1_BGMTG2_BGMTG3_BGMTG4_BGMTG5__ps-0p1__bias-0p1__cb-0p1__nbm-lhs-parsed__nbe-0p05__nbmin-0p1__lex-from-prev__ls-0p1__03_BGMTG3
merged_min5,BGMTG,4,0.005,0.1,0.005,0.626220,0.246247,-7.650757,stages_bg_stages_morphtok_min5_BGMTG1_BGMTG2_BGMTG3_BGMTG4_BGMTG5__ps-0p005__bias-0p1__cb-0p1__nbm-lhs-parsed__nbe-0p005__nbmin-0p1__lex-from-prev__ls-0p1,stages_bg_stages_morphtok_min5_BGMTG1_BGMTG2_BGMTG3_BGMTG4_BGMTG5__ps-0p005__bias-0p1__cb-0p1__nbm-lhs-parsed__nbe-0p005__nbmin-0p1__lex-from-prev__ls-0p1__04_BGMTG4
merged_min5,BGMTG,4,0.005,0.1,0.01,0.626444,0.246306,-7.650713,stages_bg_stages_morphtok_min5_BGMTG1_BGMTG2_BGMTG3_BGMTG4_BGMTG5__ps-0p005__bias-0p1__cb-0p1__nbm-lhs-parsed__nbe-0p01__nbmin-0p1__lex-from-prev__ls-0p1,stages_bg_stages_morphtok_min5_BGMTG1_BGMTG2_BGMTG3_BGMTG4_BGMTG5__ps-0p005__bias-0p1__cb-0p1__nbm-lhs-parsed__nbe-0p01__nbmin-0p1__lex-from-prev__ls-0p1__04_BGMTG4
merged_min5,BGMTG,4,0.01,0.01,0.001,0.626079,0.238468,-7.652791,stages_bg_stages_morphtok_min5_BGMTG1_BGMTG2_BGMTG3_BGMTG4_BGMTG5__ps-0p01__bias-0p1__cb-0p1__nbm-lhs-parsed__nbe-0p001__nbmin-0p1__lex-from-prev__ls-0p01,stages_bg_stages_morphtok_min5_BGMTG1_BGMTG2_BGMTG3_BGMTG4_BGMTG5__ps-0p01__bias-0p1__cb-0p1__nbm-lhs-parsed__nbe-0p001__nbmin-0p1__lex-from-prev__ls-0p01__04_BGMTG4
merged_min5,BGMTG,4,0.01,0.01,0.005,0.625855,0.238663,-7.652728,stages_bg_stages_morphtok_min5_BGMTG1_BGMTG2_BGMTG3_BGMTG4_BGMTG5__ps-0p01__bias-0p1__cb-0p1__nbm-lhs-parsed__nbe-0p005__nbmin-0p1__lex-from-prev__ls-0p01,stages_bg_stages_morphtok_min5_BGMTG1_BGMTG2_BGMTG3_BGMTG4_BGMTG5__ps-0p01__bias-0p1__cb-0p1__nbm-lhs-parsed__nbe-0p005__nbmin-0p1__lex-from-prev__ls-0p01__04_BGMTG4
merged_min5,BGMTG,4,0.01,0.01,0.01,0.626079,0.238678,-7.652625,stages_bg_stages_morphtok_min5_BGMTG1_BGMTG2_BGMTG3_BGMTG4_BGMTG5__ps-0p01__bias-0p1__cb-0p1__nbm-lhs-parsed__nbe-0p01__nbmin-0p1__lex-from-prev__ls-0p01,stages_bg_stages_morphtok_min5_BGMTG1_BGMTG2_BGMTG3_BGMTG4_BGMTG5__ps-0p01__bias-0p1__cb-0p1__nbm-lhs-parsed__nbe-0p01__nbmin-0p1__lex-from-prev__ls-0p01__04_BGMTG4
merged_min5,BGMTG,4,0.01,0.01,0.05,0.626668,0.238068,-7.651737,stages_bg_stages_morphtok_min5_BGMTG1_BGMTG2_BGMTG3_BGMTG4_BGMTG5__ps-0p01__bias-0p1__cb-0p1__nbm-lhs-parsed__nbe-0p05__nbmin-0p1__lex-from-prev__ls-0p01,stages_bg_stages_morphtok_min5_BGMTG1_BGMTG2_BGMTG3_BGMTG4_BGMTG5__ps-0p01__bias-0p1__cb-0p1__nbm-lhs-parsed__nbe-0p05__nbmin-0p1__lex-from-prev__ls-0p01__04_BGMTG4
merged_min5,BGMTG,4,0.05,0.001,0.001,0.630637,0.240285,-7.654242,stages_bg_stages_morphtok_min5_BGMTG1_BGMTG2_BGMTG3_BGMTG4_BGMTG5__ps-0p05__bias-0p1__cb-0p1__nbm-lhs-parsed__nbe-0p001__nbmin-0p1__lex-from-prev__ls-0p001,stages_bg_stages_morphtok_min5_BGMTG1_BGMTG2_BGMTG3_BGMTG4_BGMTG5__ps-0p05__bias-0p1__cb-0p1__nbm-lhs-parsed__nbe-0p001__nbmin-0p1__lex-from-prev__ls-0p001__04_BGMTG4
merged_min5,BGMTG,4,0.05,0.01,0.001,0.629588,0.240971,-7.646040,stages_bg_stages_morphtok_min5_BGMTG1_BGMTG2_BGMTG3_BGMTG4_BGMTG5__ps-0p05__bias-0p1__cb-0p1__nbm-lhs-parsed__nbe-0p001__nbmin-0p1__lex-from-prev__ls-0p01,stages_bg_stages_morphtok_min5_BGMTG1_BGMTG2_BGMTG3_BGMTG4_BGMTG5__ps-0p05__bias-0p1__cb-0p1__nbm-lhs-parsed__nbe-0p001__nbmin-0p1__lex-from-prev__ls-0p01__04_BGMTG4
merged_min5,BGMTG,4,0.05,0.1,0.001,0.630907,0.246696,-7.640941,stages_bg_stages_morphtok_min5_BGMTG1_BGMTG2_BGMTG3_BGMTG4_BGMTG5__ps-0p05__bias-0p1__cb-0p1__nbm-lhs-parsed__nbe-0p001__nbmin-0p1__lex-from-prev__ls-0p1,stages_bg_stages_morphtok_min5_BGMTG1_BGMTG2_BGMTG3_BGMTG4_BGMTG5__ps-0p05__bias-0p1__cb-0p1__nbm-lhs-parsed__nbe-0p001__nbmin-0p1__lex-from-prev__ls-0p1__04_BGMTG4
merged_min5,BGMTG,4,0.05,0.001,0.005,0.630483,0.240110,-7.653962,stages_bg_stages_morphtok_min5_BGMTG1_BGMTG2_BGMTG3_BGMTG4_BGMTG5__ps-0p05__bias-0p1__cb-0p1__nbm-lhs-parsed__nbe-0p005__nbmin-0p1__lex-from-prev__ls-0p001,stages_bg_stages_morphtok_min5_BGMTG1_BGMTG2_BGMTG3_BGMTG4_BGMTG5__ps-0p05__bias-0p1__cb-0p1__nbm-lhs-parsed__nbe-0p005__nbmin-0p1__lex-from-prev__ls-0p001__04_BGMTG4
merged_min5,BGMTG,4,0.05,0.1,0.005,0.630683,0.246419,-7.640845,stages_bg_stages_morphtok_min5_BGMTG1_BGMTG2_BGMTG3_BGMTG4_BGMTG5__ps-0p05__bias-0p1__cb-0p1__nbm-lhs-parsed__nbe-0p005__nbmin-0p1__lex-from-prev__ls-0p1,stages_bg_stages_morphtok_min5_BGMTG1_BGMTG2_BGMTG3_BGMTG4_BGMTG5__ps-0p05__bias-0p1__cb-0p1__nbm-lhs-parsed__nbe-0p005__nbmin-0p1__lex-from-prev__ls-0p1__04_BGMTG4
merged_min5,BGMTG,4,0.05,0.001,0.01,0.630931,0.239736,-7.652206,stages_bg_stages_morphtok_min5_BGMTG1_BGMTG2_BGMTG3_BGMTG4_BGMTG5__ps-0p05__bias-0p1__cb-0p1__nbm-lhs-parsed__nbe-0p01__nbmin-0p1__lex-from-prev__ls-0p001,stages_bg_stages_morphtok_min5_BGMTG1_BGMTG2_BGMTG3_BGMTG4_BGMTG5__ps-0p05__bias-0p1__cb-0p1__nbm-lhs-parsed__nbe-0p01__nbmin-0p1__lex-from-prev__ls-0p001__04_BGMTG4
merged_min5,BGMTG,4,0.05,0.1,0.01,0.631426,0.245985,-7.639980,stages_bg_stages_morphtok_min5_BGMTG1_BGMTG2_BGMTG3_BGMTG4_BGMTG5__ps-0p05__bias-0p1__cb-0p1__nbm-lhs-parsed__nbe-0p01__nbmin-0p1__lex-from-prev__ls-0p1,stages_bg_stages_morphtok_min5_BGMTG1_BGMTG2_BGMTG3_BGMTG4_BGMTG5__ps-0p05__bias-0p1__cb-0p1__nbm-lhs-parsed__nbe-0p01__nbmin-0p1__lex-from-prev__ls-0p1__04_BGMTG4
merged_min5,BGMTG,4,0.05,0.001,0.05,0.631285,0.238532,-7.648625,stages_bg_stages_morphtok_min5_BGMTG1_BGMTG2_BGMTG3_BGMTG4_BGMTG5__ps-0p05__bias-0p1__cb-0p1__nbm-lhs-parsed__nbe-0p05__nbmin-0p1__lex-from-prev__ls-0p001,stages_bg_stages_morphtok_min5_BGMTG1_BGMTG2_BGMTG3_BGMTG4_BGMTG5__ps-0p05__bias-0p1__cb-0p1__nbm-lhs-parsed__nbe-0p05__nbmin-0p1__lex-from-prev__ls-0p001__04_BGMTG4
merged_min5,BGMTG,4,0.05,0.01,0.05,0.629638,0.239142,-7.641998,stages_bg_stages_morphtok_min5_BGMTG1_BGMTG2_BGMTG3_BGMTG4_BGMTG5__ps-0p05__bias-0p1__cb-0p1__nbm-lhs-parsed__nbe-0p05__nbmin-0p1__lex-from-prev__ls-0p01,stages_bg_stages_morphtok_min5_BGMTG1_BGMTG2_BGMTG3_BGMTG4_BGMTG5__ps-0p05__bias-0p1__cb-0p1__nbm-lhs-parsed__nbe-0p05__nbmin-0p1__lex-from-prev__ls-0p01__04_BGMTG4
merged_min5,BGMTG,4,0.05,0.1,0.05,0.629090,0.244301,-7.638285,stages_bg_stages_morphtok_min5_BGMTG1_BGMTG2_BGMTG3_BGMTG4_BGMTG5__ps-0p05__bias-0p1__cb-0p1__nbm-lhs-parsed__nbe-0p05__nbmin-0p1__lex-from-prev__ls-0p1,stages_bg_stages_morphtok_min5_BGMTG1_BGMTG2_BGMTG3_BGMTG4_BGMTG5__ps-0p05__bias-0p1__cb-0p1__nbm-lhs-parsed__nbe-0p05__nbmin-0p1__lex-from-prev__ls-0p1__04_BGMTG4
merged_min5,BGMTG,4,0.1,0.01,0.001,0.627037,0.245369,-7.644253,stages_bg_stages_morphtok_min5_BGMTG1_BGMTG2_BGMTG3_BGMTG4_BGMTG5__ps-0p1__bias-0p1__cb-0p1__nbm-lhs-parsed__nbe-0p001__nbmin-0p1__lex-from-prev__ls-0p01,stages_bg_stages_morphtok_min5_BGMTG1_BGMTG2_BGMTG3_BGMTG4_BGMTG5__ps-0p1__bias-0p1__cb-0p1__nbm-lhs-parsed__nbe-0p001__nbmin-0p1__lex-from-prev__ls-0p01__04_BGMTG4
merged_min5,BGMTG,4,0.1,0.1,0.001,0.622152,0.250766,-7.642939,stages_bg_stages_morphtok_min5_BGMTG1_BGMTG2_BGMTG3_BGMTG4_BGMTG5__ps-0p1__bias-0p1__cb-0p1__nbm-lhs-parsed__nbe-0p001__nbmin-0p1__lex-from-prev__ls-0p1,stages_bg_stages_morphtok_min5_BGMTG1_BGMTG2_BGMTG3_BGMTG4_BGMTG5__ps-0p1__bias-0p1__cb-0p1__nbm-lhs-parsed__nbe-0p001__nbmin-0p1__lex-from-prev__ls-0p1__04_BGMTG4
merged_min5,BGMTG,4,0.1,0.1,0.005,0.621405,0.249983,-7.641910,stages_bg_stages_morphtok_min5_BGMTG1_BGMTG2_BGMTG3_BGMTG4_BGMTG5__ps-0p1__bias-0p1__cb-0p1__nbm-lhs-parsed__nbe-0p005__nbmin-0p1__lex-from-prev__ls-0p1,stages_bg_stages_morphtok_min5_BGMTG1_BGMTG2_BGMTG3_BGMTG4_BGMTG5__ps-0p1__bias-0p1__cb-0p1__nbm-lhs-parsed__nbe-0p005__nbmin-0p1__lex-from-prev__ls-0p1__04_BGMTG4
merged_min5,BGMTG,4,0.1,0.1,0.05,0.618268,0.244806,-7.638762,stages_bg_stages_morphtok_min5_BGMTG1_BGMTG2_BGMTG3_BGMTG4_BGMTG5__ps-0p1__bias-0p1__cb-0p1__nbm-lhs-parsed__nbe-0p05__nbmin-0p1__lex-from-prev__ls-0p1,stages_bg_stages_morphtok_min5_BGMTG1_BGMTG2_BGMTG3_BGMTG4_BGMTG5__ps-0p1__bias-0p1__cb-0p1__nbm-lhs-parsed__nbe-0p05__nbmin-0p1__lex-from-prev__ls-0p1__04_BGMTG4
merged_min5,BGMTG,5,0.005,0.1,0.005,0.635910,0.249323,-7.621618,stages_bg_stages_morphtok_min5_BGMTG1_BGMTG2_BGMTG3_BGMTG4_BGMTG5__ps-0p005__bias-0p1__cb-0p1__nbm-lhs-parsed__nbe-0p005__nbmin-0p1__lex-from-prev__ls-0p1,stages_bg_stages_morphtok_min5_BGMTG1_BGMTG2_BGMTG3_BGMTG4_BGMTG5__ps-0p005__bias-0p1__cb-0p1__nbm-lhs-parsed__nbe-0p005__nbmin-0p1__lex-from-prev__ls-0p1__05_BGMTG5
merged_min5,BGMTG,5,0.005,0.1,0.01,0.635245,0.249289,-7.621467,stages_bg_stages_morphtok_min5_BGMTG1_BGMTG2_BGMTG3_BGMTG4_BGMTG5__ps-0p005__bias-0p1__cb-0p1__nbm-lhs-parsed__nbe-0p01__nbmin-0p1__lex-from-prev__ls-0p1,stages_bg_stages_morphtok_min5_BGMTG1_BGMTG2_BGMTG3_BGMTG4_BGMTG5__ps-0p005__bias-0p1__cb-0p1__nbm-lhs-parsed__nbe-0p01__nbmin-0p1__lex-from-prev__ls-0p1__05_BGMTG5
merged_min5,BGMTG,5,0.01,0.01,0.001,0.636414,0.243796,-7.627023,stages_bg_stages_morphtok_min5_BGMTG1_BGMTG2_BGMTG3_BGMTG4_BGMTG5__ps-0p01__bias-0p1__cb-0p1__nbm-lhs-parsed__nbe-0p001__nbmin-0p1__lex-from-prev__ls-0p01,stages_bg_stages_morphtok_min5_BGMTG1_BGMTG2_BGMTG3_BGMTG4_BGMTG5__ps-0p01__bias-0p1__cb-0p1__nbm-lhs-parsed__nbe-0p001__nbmin-0p1__lex-from-prev__ls-0p01__05_BGMTG5
merged_min5,BGMTG,5,0.01,0.01,0.005,0.636927,0.243893,-7.626557,stages_bg_stages_morphtok_min5_BGMTG1_BGMTG2_BGMTG3_BGMTG4_BGMTG5__ps-0p01__bias-0p1__cb-0p1__nbm-lhs-parsed__nbe-0p005__nbmin-0p1__lex-from-prev__ls-0p01,stages_bg_stages_morphtok_min5_BGMTG1_BGMTG2_BGMTG3_BGMTG4_BGMTG5__ps-0p01__bias-0p1__cb-0p1__nbm-lhs-parsed__nbe-0p005__nbmin-0p1__lex-from-prev__ls-0p01__05_BGMTG5
merged_min5,BGMTG,5,0.01,0.01,0.01,0.636635,0.243903,-7.626198,stages_bg_stages_morphtok_min5_BGMTG1_BGMTG2_BGMTG3_BGMTG4_BGMTG5__ps-0p01__bias-0p1__cb-0p1__nbm-lhs-parsed__nbe-0p01__nbmin-0p1__lex-from-prev__ls-0p01,stages_bg_stages_morphtok_min5_BGMTG1_BGMTG2_BGMTG3_BGMTG4_BGMTG5__ps-0p01__bias-0p1__cb-0p1__nbm-lhs-parsed__nbe-0p01__nbmin-0p1__lex-from-prev__ls-0p01__05_BGMTG5
merged_min5,BGMTG,5,0.01,0.01,0.05,0.635448,0.243435,-7.624695,stages_bg_stages_morphtok_min5_BGMTG1_BGMTG2_BGMTG3_BGMTG4_BGMTG5__ps-0p01__bias-0p1__cb-0p1__nbm-lhs-parsed__nbe-0p05__nbmin-0p1__lex-from-prev__ls-0p01,stages_bg_stages_morphtok_min5_BGMTG1_BGMTG2_BGMTG3_BGMTG4_BGMTG5__ps-0p01__bias-0p1__cb-0p1__nbm-lhs-parsed__nbe-0p05__nbmin-0p1__lex-from-prev__ls-0p01__05_BGMTG5
merged_min5,BGMTG,5,0.05,0.001,0.001,0.636675,0.248296,-7.622171,stages_bg_stages_morphtok_min5_BGMTG1_BGMTG2_BGMTG3_BGMTG4_BGMTG5__ps-0p05__bias-0p1__cb-0p1__nbm-lhs-parsed__nbe-0p001__nbmin-0p1__lex-from-prev__ls-0p001,stages_bg_stages_morphtok_min5_BGMTG1_BGMTG2_BGMTG3_BGMTG4_BGMTG5__ps-0p05__bias-0p1__cb-0p1__nbm-lhs-parsed__nbe-0p001__nbmin-0p1__lex-from-prev__ls-0p001__05_BGMTG5
merged_min5,BGMTG,5,0.05,0.01,0.001,0.636595,0.248239,-7.622121,stages_bg_stages_morphtok_min5_BGMTG1_BGMTG2_BGMTG3_BGMTG4_BGMTG5__ps-0p05__bias-0p1__cb-0p1__nbm-lhs-parsed__nbe-0p001__nbmin-0p1__lex-from-prev__ls-0p01,stages_bg_stages_morphtok_min5_BGMTG1_BGMTG2_BGMTG3_BGMTG4_BGMTG5__ps-0p05__bias-0p1__cb-0p1__nbm-lhs-parsed__nbe-0p001__nbmin-0p1__lex-from-prev__ls-0p01__05_BGMTG5
merged_min5,BGMTG,5,0.05,0.1,0.001,0.642101,0.250733,-7.608928,stages_bg_stages_morphtok_min5_BGMTG1_BGMTG2_BGMTG3_BGMTG4_BGMTG5__ps-0p05__bias-0p1__cb-0p1__nbm-lhs-parsed__nbe-0p001__nbmin-0p1__lex-from-prev__ls-0p1,stages_bg_stages_morphtok_min5_BGMTG1_BGMTG2_BGMTG3_BGMTG4_BGMTG5__ps-0p05__bias-0p1__cb-0p1__nbm-lhs-parsed__nbe-0p001__nbmin-0p1__lex-from-prev__ls-0p1__05_BGMTG5
merged_min5,BGMTG,5,0.05,0.001,0.005,0.635559,0.248138,-7.621245,stages_bg_stages_morphtok_min5_BGMTG1_BGMTG2_BGMTG3_BGMTG4_BGMTG5__ps-0p05__bias-0p1__cb-0p1__nbm-lhs-parsed__nbe-0p005__nbmin-0p1__lex-from-prev__ls-0p001,stages_bg_stages_morphtok_min5_BGMTG1_BGMTG2_BGMTG3_BGMTG4_BGMTG5__ps-0p05__bias-0p1__cb-0p1__nbm-lhs-parsed__nbe-0p005__nbmin-0p1__lex-from-prev__ls-0p001__05_BGMTG5
merged_min5,BGMTG,5,0.05,0.1,0.005,0.640592,0.249915,-7.608272,stages_bg_stages_morphtok_min5_BGMTG1_BGMTG2_BGMTG3_BGMTG4_BGMTG5__ps-0p05__bias-0p1__cb-0p1__nbm-lhs-parsed__nbe-0p005__nbmin-0p1__lex-from-prev__ls-0p1,stages_bg_stages_morphtok_min5_BGMTG1_BGMTG2_BGMTG3_BGMTG4_BGMTG5__ps-0p05__bias-0p1__cb-0p1__nbm-lhs-parsed__nbe-0p005__nbmin-0p1__lex-from-prev__ls-0p1__05_BGMTG5
merged_min5,BGMTG,5,0.05,0.001,0.01,0.634956,0.247797,-7.619547,stages_bg_stages_morphtok_min5_BGMTG1_BGMTG2_BGMTG3_BGMTG4_BGMTG5__ps-0p05__bias-0p1__cb-0p1__nbm-lhs-parsed__nbe-0p01__nbmin-0p1__lex-from-prev__ls-0p001,stages_bg_stages_morphtok_min5_BGMTG1_BGMTG2_BGMTG3_BGMTG4_BGMTG5__ps-0p05__bias-0p1__cb-0p1__nbm-lhs-parsed__nbe-0p01__nbmin-0p1__lex-from-prev__ls-0p001__05_BGMTG5
merged_min5,BGMTG,5,0.05,0.1,0.01,0.638956,0.249100,-7.607126,stages_bg_stages_morphtok_min5_BGMTG1_BGMTG2_BGMTG3_BGMTG4_BGMTG5__ps-0p05__bias-0p1__cb-0p1__nbm-lhs-parsed__nbe-0p01__nbmin-0p1__lex-from-prev__ls-0p1,stages_bg_stages_morphtok_min5_BGMTG1_BGMTG2_BGMTG3_BGMTG4_BGMTG5__ps-0p05__bias-0p1__cb-0p1__nbm-lhs-parsed__nbe-0p01__nbmin-0p1__lex-from-prev__ls-0p1__05_BGMTG5
merged_min5,BGMTG,5,0.05,0.001,0.05,0.636796,0.246231,-7.613070,stages_bg_stages_morphtok_min5_BGMTG1_BGMTG2_BGMTG3_BGMTG4_BGMTG5__ps-0p05__bias-0p1__cb-0p1__nbm-lhs-parsed__nbe-0p05__nbmin-0p1__lex-from-prev__ls-0p001,stages_bg_stages_morphtok_min5_BGMTG1_BGMTG2_BGMTG3_BGMTG4_BGMTG5__ps-0p05__bias-0p1__cb-0p1__nbm-lhs-parsed__nbe-0p05__nbmin-0p1__lex-from-prev__ls-0p001__05_BGMTG5
merged_min5,BGMTG,5,0.05,0.01,0.05,0.637460,0.245846,-7.612970,stages_bg_stages_morphtok_min5_BGMTG1_BGMTG2_BGMTG3_BGMTG4_BGMTG5__ps-0p05__bias-0p1__cb-0p1__nbm-lhs-parsed__nbe-0p05__nbmin-0p1__lex-from-prev__ls-0p01,stages_bg_stages_morphtok_min5_BGMTG1_BGMTG2_BGMTG3_BGMTG4_BGMTG5__ps-0p05__bias-0p1__cb-0p1__nbm-lhs-parsed__nbe-0p05__nbmin-0p1__lex-from-prev__ls-0p01__05_BGMTG5
merged_min5,BGMTG,5,0.05,0.1,0.05,0.641564,0.245965,-7.604413,stages_bg_stages_morphtok_min5_BGMTG1_BGMTG2_BGMTG3_BGMTG4_BGMTG5__ps-0p05__bias-0p1__cb-0p1__nbm-lhs-parsed__nbe-0p05__nbmin-0p1__lex-from-prev__ls-0p1,stages_bg_stages_morphtok_min5_BGMTG1_BGMTG2_BGMTG3_BGMTG4_BGMTG5__ps-0p05__bias-0p1__cb-0p1__nbm-lhs-parsed__nbe-0p05__nbmin-0p1__lex-from-prev__ls-0p1__05_BGMTG5
merged_min5,BGMTG,5,0.1,0.01,0.001,0.635729,0.252085,-7.624169,stages_bg_stages_morphtok_min5_BGMTG1_BGMTG2_BGMTG3_BGMTG4_BGMTG5__ps-0p1__bias-0p1__cb-0p1__nbm-lhs-parsed__nbe-0p001__nbmin-0p1__lex-from-prev__ls-0p01,stages_bg_stages_morphtok_min5_BGMTG1_BGMTG2_BGMTG3_BGMTG4_BGMTG5__ps-0p1__bias-0p1__cb-0p1__nbm-lhs-parsed__nbe-0p001__nbmin-0p1__lex-from-prev__ls-0p01__05_BGMTG5
merged_min5,BGMTG,5,0.1,0.1,0.001,0.637209,0.253746,-7.610235,stages_bg_stages_morphtok_min5_BGMTG1_BGMTG2_BGMTG3_BGMTG4_BGMTG5__ps-0p1__bias-0p1__cb-0p1__nbm-lhs-parsed__nbe-0p001__nbmin-0p1__lex-from-prev__ls-0p1,stages_bg_stages_morphtok_min5_BGMTG1_BGMTG2_BGMTG3_BGMTG4_BGMTG5__ps-0p1__bias-0p1__cb-0p1__nbm-lhs-parsed__nbe-0p001__nbmin-0p1__lex-from-prev__ls-0p1__05_BGMTG5
merged_min5,BGMTG,5,0.1,0.1,0.005,0.635678,0.252238,-7.608529,stages_bg_stages_morphtok_min5_BGMTG1_BGMTG2_BGMTG3_BGMTG4_BGMTG5__ps-0p1__bias-0p1__cb-0p1__nbm-lhs-parsed__nbe-0p005__nbmin-0p1__lex-from-prev__ls-0p1,stages_bg_stages_morphtok_min5_BGMTG1_BGMTG2_BGMTG3_BGMTG4_BGMTG5__ps-0p1__bias-0p1__cb-0p1__nbm-lhs-parsed__nbe-0p005__nbmin-0p1__lex-from-prev__ls-0p1__05_BGMTG5
merged_min5,BGMTG,5,0.1,0.1,0.05,0.635920,0.243856,-7.603653,stages_bg_stages_morphtok_min5_BGMTG1_BGMTG2_BGMTG3_BGMTG4_BGMTG5__ps-0p1__bias-0p1__cb-0p1__nbm-lhs-parsed__nbe-0p05__nbmin-0p1__lex-from-prev__ls-0p1,stages_bg_stages_morphtok_min5_BGMTG1_BGMTG2_BGMTG3_BGMTG4_BGMTG5__ps-0p1__bias-0p1__cb-0p1__nbm-lhs-parsed__nbe-0p05__nbmin-0p1__lex-from-prev__ls-0p1__05_BGMTG5
merged_min5,BGMTI,1,0.001,0.1,0.001,0.431535,0.521610,-6.493048,stages_bg_stages_morphtok_min5_BGMTI1_BGMTI2_BGMTI3_BGMTI4_BGMTI5__ps-0p001__bias-0p1__cb-0p1__nbm-lhs-parsed__nbe-0p001__nbmin-0p1__lex-from-prev__ls-0p1,stages_bg_stages_morphtok_min5_BGMTI1_BGMTI2_BGMTI3_BGMTI4_BGMTI5__ps-0p001__bias-0p1__cb-0p1__nbm-lhs-parsed__nbe-0p001__nbmin-0p1__lex-from-prev__ls-0p1__01_BGMTI1
merged_min5,BGMTI,1,0.001,0.1,0.005,0.431535,0.521610,-6.493048,stages_bg_stages_morphtok_min5_BGMTI1_BGMTI2_BGMTI3_BGMTI4_BGMTI5__ps-0p001__bias-0p1__cb-0p1__nbm-lhs-parsed__nbe-0p005__nbmin-0p1__lex-from-prev__ls-0p1,stages_bg_stages_morphtok_min5_BGMTI1_BGMTI2_BGMTI3_BGMTI4_BGMTI5__ps-0p001__bias-0p1__cb-0p1__nbm-lhs-parsed__nbe-0p005__nbmin-0p1__lex-from-prev__ls-0p1__01_BGMTI1
merged_min5,BGMTI,1,0.001,0.1,0.01,0.431535,0.521610,-6.493048,stages_bg_stages_morphtok_min5_BGMTI1_BGMTI2_BGMTI3_BGMTI4_BGMTI5__ps-0p001__bias-0p1__cb-0p1__nbm-lhs-parsed__nbe-0p01__nbmin-0p1__lex-from-prev__ls-0p1,stages_bg_stages_morphtok_min5_BGMTI1_BGMTI2_BGMTI3_BGMTI4_BGMTI5__ps-0p001__bias-0p1__cb-0p1__nbm-lhs-parsed__nbe-0p01__nbmin-0p1__lex-from-prev__ls-0p1__01_BGMTI1
merged_min5,BGMTI,1,0.001,0.1,0.05,0.431535,0.521610,-6.493048,stages_bg_stages_morphtok_min5_BGMTI1_BGMTI2_BGMTI3_BGMTI4_BGMTI5__ps-0p001__bias-0p1__cb-0p1__nbm-lhs-parsed__nbe-0p05__nbmin-0p1__lex-from-prev__ls-0p1,stages_bg_stages_morphtok_min5_BGMTI1_BGMTI2_BGMTI3_BGMTI4_BGMTI5__ps-0p001__bias-0p1__cb-0p1__nbm-lhs-parsed__nbe-0p05__nbmin-0p1__lex-from-prev__ls-0p1__01_BGMTI1
merged_min5,BGMTI,1,0.005,0.1,0.001,0.431535,0.521610,-6.493048,stages_bg_stages_morphtok_min5_BGMTI1_BGMTI2_BGMTI3_BGMTI4_BGMTI5__ps-0p005__bias-0p1__cb-0p1__nbm-lhs-parsed__nbe-0p001__nbmin-0p1__lex-from-prev__ls-0p1,stages_bg_stages_morphtok_min5_BGMTI1_BGMTI2_BGMTI3_BGMTI4_BGMTI5__ps-0p005__bias-0p1__cb-0p1__nbm-lhs-parsed__nbe-0p001__nbmin-0p1__lex-from-prev__ls-0p1__01_BGMTI1
merged_min5,BGMTI,1,0.005,0.1,0.005,0.431535,0.521610,-6.493048,stages_bg_stages_morphtok_min5_BGMTI1_BGMTI2_BGMTI3_BGMTI4_BGMTI5__ps-0p005__bias-0p1__cb-0p1__nbm-lhs-parsed__nbe-0p005__nbmin-0p1__lex-from-prev__ls-0p1,stages_bg_stages_morphtok_min5_BGMTI1_BGMTI2_BGMTI3_BGMTI4_BGMTI5__ps-0p005__bias-0p1__cb-0p1__nbm-lhs-parsed__nbe-0p005__nbmin-0p1__lex-from-prev__ls-0p1__01_BGMTI1
merged_min5,BGMTI,1,0.005,0.1,0.01,0.431535,0.521610,-6.493048,stages_bg_stages_morphtok_min5_BGMTI1_BGMTI2_BGMTI3_BGMTI4_BGMTI5__ps-0p005__bias-0p1__cb-0p1__nbm-lhs-parsed__nbe-0p01__nbmin-0p1__lex-from-prev__ls-0p1,stages_bg_stages_morphtok_min5_BGMTI1_BGMTI2_BGMTI3_BGMTI4_BGMTI5__ps-0p005__bias-0p1__cb-0p1__nbm-lhs-parsed__nbe-0p01__nbmin-0p1__lex-from-prev__ls-0p1__01_BGMTI1
merged_min5,BGMTI,1,0.005,0.1,0.05,0.431535,0.521610,-6.493048,stages_bg_stages_morphtok_min5_BGMTI1_BGMTI2_BGMTI3_BGMTI4_BGMTI5__ps-0p005__bias-0p1__cb-0p1__nbm-lhs-parsed__nbe-0p05__nbmin-0p1__lex-from-prev__ls-0p1,stages_bg_stages_morphtok_min5_BGMTI1_BGMTI2_BGMTI3_BGMTI4_BGMTI5__ps-0p005__bias-0p1__cb-0p1__nbm-lhs-parsed__nbe-0p05__nbmin-0p1__lex-from-prev__ls-0p1__01_BGMTI1
merged_min5,BGMTI,1,0.01,0.1,0.001,0.431535,0.521610,-6.493048,stages_bg_stages_morphtok_min5_BGMTI1_BGMTI2_BGMTI3_BGMTI4_BGMTI5__ps-0p01__bias-0p1__cb-0p1__nbm-lhs-parsed__nbe-0p001__nbmin-0p1__lex-from-prev__ls-0p1,stages_bg_stages_morphtok_min5_BGMTI1_BGMTI2_BGMTI3_BGMTI4_BGMTI5__ps-0p01__bias-0p1__cb-0p1__nbm-lhs-parsed__nbe-0p001__nbmin-0p1__lex-from-prev__ls-0p1__01_BGMTI1
merged_min5,BGMTI,1,0.01,0.1,0.005,0.431535,0.521610,-6.493048,stages_bg_stages_morphtok_min5_BGMTI1_BGMTI2_BGMTI3_BGMTI4_BGMTI5__ps-0p01__bias-0p1__cb-0p1__nbm-lhs-parsed__nbe-0p005__nbmin-0p1__lex-from-prev__ls-0p1,stages_bg_stages_morphtok_min5_BGMTI1_BGMTI2_BGMTI3_BGMTI4_BGMTI5__ps-0p01__bias-0p1__cb-0p1__nbm-lhs-parsed__nbe-0p005__nbmin-0p1__lex-from-prev__ls-0p1__01_BGMTI1
merged_min5,BGMTI,1,0.01,0.1,0.01,0.431535,0.521610,-6.493048,stages_bg_stages_morphtok_min5_BGMTI1_BGMTI2_BGMTI3_BGMTI4_BGMTI5__ps-0p01__bias-0p1__cb-0p1__nbm-lhs-parsed__nbe-0p01__nbmin-0p1__lex-from-prev__ls-0p1,stages_bg_stages_morphtok_min5_BGMTI1_BGMTI2_BGMTI3_BGMTI4_BGMTI5__ps-0p01__bias-0p1__cb-0p1__nbm-lhs-parsed__nbe-0p01__nbmin-0p1__lex-from-prev__ls-0p1__01_BGMTI1
merged_min5,BGMTI,1,0.01,0.1,0.05,0.431535,0.521610,-6.493048,stages_bg_stages_morphtok_min5_BGMTI1_BGMTI2_BGMTI3_BGMTI4_BGMTI5__ps-0p01__bias-0p1__cb-0p1__nbm-lhs-parsed__nbe-0p05__nbmin-0p1__lex-from-prev__ls-0p1,stages_bg_stages_morphtok_min5_BGMTI1_BGMTI2_BGMTI3_BGMTI4_BGMTI5__ps-0p01__bias-0p1__cb-0p1__nbm-lhs-parsed__nbe-0p05__nbmin-0p1__lex-from-prev__ls-0p1__01_BGMTI1
merged_min5,BGMTI,1,0.05,0.01,0.001,0.431535,0.521610,-6.493048,stages_bg_stages_morphtok_min5_BGMTI1_BGMTI2_BGMTI3_BGMTI4_BGMTI5__ps-0p05__bias-0p1__cb-0p1__nbm-lhs-parsed__nbe-0p001__nbmin-0p1__lex-from-prev__ls-0p01,stages_bg_stages_morphtok_min5_BGMTI1_BGMTI2_BGMTI3_BGMTI4_BGMTI5__ps-0p05__bias-0p1__cb-0p1__nbm-lhs-parsed__nbe-0p001__nbmin-0p1__lex-from-prev__ls-0p01__01_BGMTI1
merged_min5,BGMTI,1,0.05,0.1,0.001,0.431535,0.521610,-6.493048,stages_bg_stages_morphtok_min5_BGMTI1_BGMTI2_BGMTI3_BGMTI4_BGMTI5__ps-0p05__bias-0p1__cb-0p1__nbm-lhs-parsed__nbe-0p001__nbmin-0p1__lex-from-prev__ls-0p1,stages_bg_stages_morphtok_min5_BGMTI1_BGMTI2_BGMTI3_BGMTI4_BGMTI5__ps-0p05__bias-0p1__cb-0p1__nbm-lhs-parsed__nbe-0p001__nbmin-0p1__lex-from-prev__ls-0p1__01_BGMTI1
merged_min5,BGMTI,1,0.05,0.01,0.005,0.431535,0.521610,-6.493048,stages_bg_stages_morphtok_min5_BGMTI1_BGMTI2_BGMTI3_BGMTI4_BGMTI5__ps-0p05__bias-0p1__cb-0p1__nbm-lhs-parsed__nbe-0p005__nbmin-0p1__lex-from-prev__ls-0p01,stages_bg_stages_morphtok_min5_BGMTI1_BGMTI2_BGMTI3_BGMTI4_BGMTI5__ps-0p05__bias-0p1__cb-0p1__nbm-lhs-parsed__nbe-0p005__nbmin-0p1__lex-from-prev__ls-0p01__01_BGMTI1
merged_min5,BGMTI,1,0.05,0.1,0.005,0.431535,0.521610,-6.493048,stages_bg_stages_morphtok_min5_BGMTI1_BGMTI2_BGMTI3_BGMTI4_BGMTI5__ps-0p05__bias-0p1__cb-0p1__nbm-lhs-parsed__nbe-0p005__nbmin-0p1__lex-from-prev__ls-0p1,stages_bg_stages_morphtok_min5_BGMTI1_BGMTI2_BGMTI3_BGMTI4_BGMTI5__ps-0p05__bias-0p1__cb-0p1__nbm-lhs-parsed__nbe-0p005__nbmin-0p1__lex-from-prev__ls-0p1__01_BGMTI1
merged_min5,BGMTI,1,0.05,0.01,0.01,0.431535,0.521610,-6.493048,stages_bg_stages_morphtok_min5_BGMTI1_BGMTI2_BGMTI3_BGMTI4_BGMTI5__ps-0p05__bias-0p1__cb-0p1__nbm-lhs-parsed__nbe-0p01__nbmin-0p1__lex-from-prev__ls-0p01,stages_bg_stages_morphtok_min5_BGMTI1_BGMTI2_BGMTI3_BGMTI4_BGMTI5__ps-0p05__bias-0p1__cb-0p1__nbm-lhs-parsed__nbe-0p01__nbmin-0p1__lex-from-prev__ls-0p01__01_BGMTI1
merged_min5,BGMTI,1,0.05,0.1,0.01,0.431535,0.521610,-6.493048,stages_bg_stages_morphtok_min5_BGMTI1_BGMTI2_BGMTI3_BGMTI4_BGMTI5__ps-0p05__bias-0p1__cb-0p1__nbm-lhs-parsed__nbe-0p01__nbmin-0p1__lex-from-prev__ls-0p1,stages_bg_stages_morphtok_min5_BGMTI1_BGMTI2_BGMTI3_BGMTI4_BGMTI5__ps-0p05__bias-0p1__cb-0p1__nbm-lhs-parsed__nbe-0p01__nbmin-0p1__lex-from-prev__ls-0p1__01_BGMTI1
merged_min5,BGMTI,1,0.05,0.01,0.05,0.431535,0.521610,-6.493048,stages_bg_stages_morphtok_min5_BGMTI1_BGMTI2_BGMTI3_BGMTI4_BGMTI5__ps-0p05__bias-0p1__cb-0p1__nbm-lhs-parsed__nbe-0p05__nbmin-0p1__lex-from-prev__ls-0p01,stages_bg_stages_morphtok_min5_BGMTI1_BGMTI2_BGMTI3_BGMTI4_BGMTI5__ps-0p05__bias-0p1__cb-0p1__nbm-lhs-parsed__nbe-0p05__nbmin-0p1__lex-from-prev__ls-0p01__01_BGMTI1
merged_min5,BGMTI,1,0.05,0.1,0.05,0.431535,0.521610,-6.493048,stages_bg_stages_morphtok_min5_BGMTI1_BGMTI2_BGMTI3_BGMTI4_BGMTI5__ps-0p05__bias-0p1__cb-0p1__nbm-lhs-parsed__nbe-0p05__nbmin-0p1__lex-from-prev__ls-0p1,stages_bg_stages_morphtok_min5_BGMTI1_BGMTI2_BGMTI3_BGMTI4_BGMTI5__ps-0p05__bias-0p1__cb-0p1__nbm-lhs-parsed__nbe-0p05__nbmin-0p1__lex-from-prev__ls-0p1__01_BGMTI1
merged_min5,BGMTI,2,0.001,0.1,0.001,0.455371,0.486631,-7.255909,stages_bg_stages_morphtok_min5_BGMTI1_BGMTI2_BGMTI3_BGMTI4_BGMTI5__ps-0p001__bias-0p1__cb-0p1__nbm-lhs-parsed__nbe-0p001__nbmin-0p1__lex-from-prev__ls-0p1,stages_bg_stages_morphtok_min5_BGMTI1_BGMTI2_BGMTI3_BGMTI4_BGMTI5__ps-0p001__bias-0p1__cb-0p1__nbm-lhs-parsed__nbe-0p001__nbmin-0p1__lex-from-prev__ls-0p1__02_BGMTI2
merged_min5,BGMTI,2,0.001,0.1,0.005,0.455371,0.486631,-7.255909,stages_bg_stages_morphtok_min5_BGMTI1_BGMTI2_BGMTI3_BGMTI4_BGMTI5__ps-0p001__bias-0p1__cb-0p1__nbm-lhs-parsed__nbe-0p005__nbmin-0p1__lex-from-prev__ls-0p1,stages_bg_stages_morphtok_min5_BGMTI1_BGMTI2_BGMTI3_BGMTI4_BGMTI5__ps-0p001__bias-0p1__cb-0p1__nbm-lhs-parsed__nbe-0p005__nbmin-0p1__lex-from-prev__ls-0p1__02_BGMTI2
merged_min5,BGMTI,2,0.001,0.1,0.01,0.455371,0.486631,-7.255909,stages_bg_stages_morphtok_min5_BGMTI1_BGMTI2_BGMTI3_BGMTI4_BGMTI5__ps-0p001__bias-0p1__cb-0p1__nbm-lhs-parsed__nbe-0p01__nbmin-0p1__lex-from-prev__ls-0p1,stages_bg_stages_morphtok_min5_BGMTI1_BGMTI2_BGMTI3_BGMTI4_BGMTI5__ps-0p001__bias-0p1__cb-0p1__nbm-lhs-parsed__nbe-0p01__nbmin-0p1__lex-from-prev__ls-0p1__02_BGMTI2
merged_min5,BGMTI,2,0.001,0.1,0.05,0.455371,0.486631,-7.255909,stages_bg_stages_morphtok_min5_BGMTI1_BGMTI2_BGMTI3_BGMTI4_BGMTI5__ps-0p001__bias-0p1__cb-0p1__nbm-lhs-parsed__nbe-0p05__nbmin-0p1__lex-from-prev__ls-0p1,stages_bg_stages_morphtok_min5_BGMTI1_BGMTI2_BGMTI3_BGMTI4_BGMTI5__ps-0p001__bias-0p1__cb-0p1__nbm-lhs-parsed__nbe-0p05__nbmin-0p1__lex-from-prev__ls-0p1__02_BGMTI2
merged_min5,BGMTI,2,0.005,0.1,0.001,0.458511,0.486990,-7.255436,stages_bg_stages_morphtok_min5_BGMTI1_BGMTI2_BGMTI3_BGMTI4_BGMTI5__ps-0p005__bias-0p1__cb-0p1__nbm-lhs-parsed__nbe-0p001__nbmin-0p1__lex-from-prev__ls-0p1,stages_bg_stages_morphtok_min5_BGMTI1_BGMTI2_BGMTI3_BGMTI4_BGMTI5__ps-0p005__bias-0p1__cb-0p1__nbm-lhs-parsed__nbe-0p001__nbmin-0p1__lex-from-prev__ls-0p1__02_BGMTI2
merged_min5,BGMTI,2,0.005,0.1,0.005,0.458511,0.486990,-7.255436,stages_bg_stages_morphtok_min5_BGMTI1_BGMTI2_BGMTI3_BGMTI4_BGMTI5__ps-0p005__bias-0p1__cb-0p1__nbm-lhs-parsed__nbe-0p005__nbmin-0p1__lex-from-prev__ls-0p1,stages_bg_stages_morphtok_min5_BGMTI1_BGMTI2_BGMTI3_BGMTI4_BGMTI5__ps-0p005__bias-0p1__cb-0p1__nbm-lhs-parsed__nbe-0p005__nbmin-0p1__lex-from-prev__ls-0p1__02_BGMTI2
merged_min5,BGMTI,2,0.005,0.1,0.01,0.458511,0.486990,-7.255436,stages_bg_stages_morphtok_min5_BGMTI1_BGMTI2_BGMTI3_BGMTI4_BGMTI5__ps-0p005__bias-0p1__cb-0p1__nbm-lhs-parsed__nbe-0p01__nbmin-0p1__lex-from-prev__ls-0p1,stages_bg_stages_morphtok_min5_BGMTI1_BGMTI2_BGMTI3_BGMTI4_BGMTI5__ps-0p005__bias-0p1__cb-0p1__nbm-lhs-parsed__nbe-0p01__nbmin-0p1__lex-from-prev__ls-0p1__02_BGMTI2
merged_min5,BGMTI,2,0.005,0.1,0.05,0.457447,0.486990,-7.255436,stages_bg_stages_morphtok_min5_BGMTI1_BGMTI2_BGMTI3_BGMTI4_BGMTI5__ps-0p005__bias-0p1__cb-0p1__nbm-lhs-parsed__nbe-0p05__nbmin-0p1__lex-from-prev__ls-0p1,stages_bg_stages_morphtok_min5_BGMTI1_BGMTI2_BGMTI3_BGMTI4_BGMTI5__ps-0p005__bias-0p1__cb-0p1__nbm-lhs-parsed__nbe-0p05__nbmin-0p1__lex-from-prev__ls-0p1__02_BGMTI2
merged_min5,BGMTI,2,0.01,0.1,0.001,0.452951,0.487248,-7.255004,stages_bg_stages_morphtok_min5_BGMTI1_BGMTI2_BGMTI3_BGMTI4_BGMTI5__ps-0p01__bias-0p1__cb-0p1__nbm-lhs-parsed__nbe-0p001__nbmin-0p1__lex-from-prev__ls-0p1,stages_bg_stages_morphtok_min5_BGMTI1_BGMTI2_BGMTI3_BGMTI4_BGMTI5__ps-0p01__bias-0p1__cb-0p1__nbm-lhs-parsed__nbe-0p001__nbmin-0p1__lex-from-prev__ls-0p1__02_BGMTI2
merged_min5,BGMTI,2,0.01,0.1,0.005,0.452951,0.487248,-7.255004,stages_bg_stages_morphtok_min5_BGMTI1_BGMTI2_BGMTI3_BGMTI4_BGMTI5__ps-0p01__bias-0p1__cb-0p1__nbm-lhs-parsed__nbe-0p005__nbmin-0p1__lex-from-prev__ls-0p1,stages_bg_stages_morphtok_min5_BGMTI1_BGMTI2_BGMTI3_BGMTI4_BGMTI5__ps-0p01__bias-0p1__cb-0p1__nbm-lhs-parsed__nbe-0p005__nbmin-0p1__lex-from-prev__ls-0p1__02_BGMTI2
merged_min5,BGMTI,2,0.01,0.1,0.01,0.452951,0.487248,-7.255004,stages_bg_stages_morphtok_min5_BGMTI1_BGMTI2_BGMTI3_BGMTI4_BGMTI5__ps-0p01__bias-0p1__cb-0p1__nbm-lhs-parsed__nbe-0p01__nbmin-0p1__lex-from-prev__ls-0p1,stages_bg_stages_morphtok_min5_BGMTI1_BGMTI2_BGMTI3_BGMTI4_BGMTI5__ps-0p01__bias-0p1__cb-0p1__nbm-lhs-parsed__nbe-0p01__nbmin-0p1__lex-from-prev__ls-0p1__02_BGMTI2
merged_min5,BGMTI,2,0.01,0.1,0.05,0.452951,0.487249,-7.255003,stages_bg_stages_morphtok_min5_BGMTI1_BGMTI2_BGMTI3_BGMTI4_BGMTI5__ps-0p01__bias-0p1__cb-0p1__nbm-lhs-parsed__nbe-0p05__nbmin-0p1__lex-from-prev__ls-0p1,stages_bg_stages_morphtok_min5_BGMTI1_BGMTI2_BGMTI3_BGMTI4_BGMTI5__ps-0p01__bias-0p1__cb-0p1__nbm-lhs-parsed__nbe-0p05__nbmin-0p1__lex-from-prev__ls-0p1__02_BGMTI2
merged_min5,BGMTI,2,0.05,0.01,0.001,0.453403,0.488267,-7.236717,stages_bg_stages_morphtok_min5_BGMTI1_BGMTI2_BGMTI3_BGMTI4_BGMTI5__ps-0p05__bias-0p1__cb-0p1__nbm-lhs-parsed__nbe-0p001__nbmin-0p1__lex-from-prev__ls-0p01,stages_bg_stages_morphtok_min5_BGMTI1_BGMTI2_BGMTI3_BGMTI4_BGMTI5__ps-0p05__bias-0p1__cb-0p1__nbm-lhs-parsed__nbe-0p001__nbmin-0p1__lex-from-prev__ls-0p01__02_BGMTI2
merged_min5,BGMTI,2,0.05,0.1,0.001,0.448402,0.487948,-7.251619,stages_bg_stages_morphtok_min5_BGMTI1_BGMTI2_BGMTI3_BGMTI4_BGMTI5__ps-0p05__bias-0p1__cb-0p1__nbm-lhs-parsed__nbe-0p001__nbmin-0p1__lex-from-prev__ls-0p1,stages_bg_stages_morphtok_min5_BGMTI1_BGMTI2_BGMTI3_BGMTI4_BGMTI5__ps-0p05__bias-0p1__cb-0p1__nbm-lhs-parsed__nbe-0p001__nbmin-0p1__lex-from-prev__ls-0p1__02_BGMTI2
merged_min5,BGMTI,2,0.05,0.01,0.005,0.454450,0.488267,-7.236718,stages_bg_stages_morphtok_min5_BGMTI1_BGMTI2_BGMTI3_BGMTI4_BGMTI5__ps-0p05__bias-0p1__cb-0p1__nbm-lhs-parsed__nbe-0p005__nbmin-0p1__lex-from-prev__ls-0p01,stages_bg_stages_morphtok_min5_BGMTI1_BGMTI2_BGMTI3_BGMTI4_BGMTI5__ps-0p05__bias-0p1__cb-0p1__nbm-lhs-parsed__nbe-0p005__nbmin-0p1__lex-from-prev__ls-0p01__02_BGMTI2
merged_min5,BGMTI,2,0.05,0.1,0.005,0.448402,0.487947,-7.251620,stages_bg_stages_morphtok_min5_BGMTI1_BGMTI2_BGMTI3_BGMTI4_BGMTI5__ps-0p05__bias-0p1__cb-0p1__nbm-lhs-parsed__nbe-0p005__nbmin-0p1__lex-from-prev__ls-0p1,stages_bg_stages_morphtok_min5_BGMTI1_BGMTI2_BGMTI3_BGMTI4_BGMTI5__ps-0p05__bias-0p1__cb-0p1__nbm-lhs-parsed__nbe-0p005__nbmin-0p1__lex-from-prev__ls-0p1__02_BGMTI2
merged_min5,BGMTI,2,0.05,0.01,0.01,0.453403,0.488264,-7.236724,stages_bg_stages_morphtok_min5_BGMTI1_BGMTI2_BGMTI3_BGMTI4_BGMTI5__ps-0p05__bias-0p1__cb-0p1__nbm-lhs-parsed__nbe-0p01__nbmin-0p1__lex-from-prev__ls-0p01,stages_bg_stages_morphtok_min5_BGMTI1_BGMTI2_BGMTI3_BGMTI4_BGMTI5__ps-0p05__bias-0p1__cb-0p1__nbm-lhs-parsed__nbe-0p01__nbmin-0p1__lex-from-prev__ls-0p01__02_BGMTI2
merged_min5,BGMTI,2,0.05,0.1,0.01,0.449450,0.487944,-7.251625,stages_bg_stages_morphtok_min5_BGMTI1_BGMTI2_BGMTI3_BGMTI4_BGMTI5__ps-0p05__bias-0p1__cb-0p1__nbm-lhs-parsed__nbe-0p01__nbmin-0p1__lex-from-prev__ls-0p1,stages_bg_stages_morphtok_min5_BGMTI1_BGMTI2_BGMTI3_BGMTI4_BGMTI5__ps-0p05__bias-0p1__cb-0p1__nbm-lhs-parsed__nbe-0p01__nbmin-0p1__lex-from-prev__ls-0p1__02_BGMTI2
merged_min5,BGMTI,2,0.05,0.01,0.05,0.453403,0.488224,-7.236821,stages_bg_stages_morphtok_min5_BGMTI1_BGMTI2_BGMTI3_BGMTI4_BGMTI5__ps-0p05__bias-0p1__cb-0p1__nbm-lhs-parsed__nbe-0p05__nbmin-0p1__lex-from-prev__ls-0p01,stages_bg_stages_morphtok_min5_BGMTI1_BGMTI2_BGMTI3_BGMTI4_BGMTI5__ps-0p05__bias-0p1__cb-0p1__nbm-lhs-parsed__nbe-0p05__nbmin-0p1__lex-from-prev__ls-0p01__02_BGMTI2
merged_min5,BGMTI,2,0.05,0.1,0.05,0.449450,0.487908,-7.251695,stages_bg_stages_morphtok_min5_BGMTI1_BGMTI2_BGMTI3_BGMTI4_BGMTI5__ps-0p05__bias-0p1__cb-0p1__nbm-lhs-parsed__nbe-0p05__nbmin-0p1__lex-from-prev__ls-0p1,stages_bg_stages_morphtok_min5_BGMTI1_BGMTI2_BGMTI3_BGMTI4_BGMTI5__ps-0p05__bias-0p1__cb-0p1__nbm-lhs-parsed__nbe-0p05__nbmin-0p1__lex-from-prev__ls-0p1__02_BGMTI2
merged_min5,BGMTI,3,0.001,0.1,0.001,0.468734,0.457440,-7.730871,stages_bg_stages_morphtok_min5_BGMTI1_BGMTI2_BGMTI3_BGMTI4_BGMTI5__ps-0p001__bias-0p1__cb-0p1__nbm-lhs-parsed__nbe-0p001__nbmin-0p1__lex-from-prev__ls-0p1,stages_bg_stages_morphtok_min5_BGMTI1_BGMTI2_BGMTI3_BGMTI4_BGMTI5__ps-0p001__bias-0p1__cb-0p1__nbm-lhs-parsed__nbe-0p001__nbmin-0p1__lex-from-prev__ls-0p1__03_BGMTI3
merged_min5,BGMTI,3,0.001,0.1,0.005,0.468734,0.457440,-7.730871,stages_bg_stages_morphtok_min5_BGMTI1_BGMTI2_BGMTI3_BGMTI4_BGMTI5__ps-0p001__bias-0p1__cb-0p1__nbm-lhs-parsed__nbe-0p005__nbmin-0p1__lex-from-prev__ls-0p1,stages_bg_stages_morphtok_min5_BGMTI1_BGMTI2_BGMTI3_BGMTI4_BGMTI5__ps-0p001__bias-0p1__cb-0p1__nbm-lhs-parsed__nbe-0p005__nbmin-0p1__lex-from-prev__ls-0p1__03_BGMTI3
merged_min5,BGMTI,3,0.001,0.1,0.01,0.468734,0.457440,-7.730877,stages_bg_stages_morphtok_min5_BGMTI1_BGMTI2_BGMTI3_BGMTI4_BGMTI5__ps-0p001__bias-0p1__cb-0p1__nbm-lhs-parsed__nbe-0p01__nbmin-0p1__lex-from-prev__ls-0p1,stages_bg_stages_morphtok_min5_BGMTI1_BGMTI2_BGMTI3_BGMTI4_BGMTI5__ps-0p001__bias-0p1__cb-0p1__nbm-lhs-parsed__nbe-0p01__nbmin-0p1__lex-from-prev__ls-0p1__03_BGMTI3
merged_min5,BGMTI,3,0.001,0.1,0.05,0.469990,0.457428,-7.730951,stages_bg_stages_morphtok_min5_BGMTI1_BGMTI2_BGMTI3_BGMTI4_BGMTI5__ps-0p001__bias-0p1__cb-0p1__nbm-lhs-parsed__nbe-0p05__nbmin-0p1__lex-from-prev__ls-0p1,stages_bg_stages_morphtok_min5_BGMTI1_BGMTI2_BGMTI3_BGMTI4_BGMTI5__ps-0p001__bias-0p1__cb-0p1__nbm-lhs-parsed__nbe-0p05__nbmin-0p1__lex-from-prev__ls-0p1__03_BGMTI3
merged_min5,BGMTI,3,0.005,0.1,0.001,0.450950,0.458190,-7.726686,stages_bg_stages_morphtok_min5_BGMTI1_BGMTI2_BGMTI3_BGMTI4_BGMTI5__ps-0p005__bias-0p1__cb-0p1__nbm-lhs-parsed__nbe-0p001__nbmin-0p1__lex-from-prev__ls-0p1,stages_bg_stages_morphtok_min5_BGMTI1_BGMTI2_BGMTI3_BGMTI4_BGMTI5__ps-0p005__bias-0p1__cb-0p1__nbm-lhs-parsed__nbe-0p001__nbmin-0p1__lex-from-prev__ls-0p1__03_BGMTI3
merged_min5,BGMTI,3,0.005,0.1,0.005,0.453566,0.458183,-7.726721,stages_bg_stages_morphtok_min5_BGMTI1_BGMTI2_BGMTI3_BGMTI4_BGMTI5__ps-0p005__bias-0p1__cb-0p1__nbm-lhs-parsed__nbe-0p005__nbmin-0p1__lex-from-prev__ls-0p1,stages_bg_stages_morphtok_min5_BGMTI1_BGMTI2_BGMTI3_BGMTI4_BGMTI5__ps-0p005__bias-0p1__cb-0p1__nbm-lhs-parsed__nbe-0p005__nbmin-0p1__lex-from-prev__ls-0p1__03_BGMTI3
merged_min5,BGMTI,3,0.005,0.1,0.01,0.453566,0.458177,-7.726773,stages_bg_stages_morphtok_min5_BGMTI1_BGMTI2_BGMTI3_BGMTI4_BGMTI5__ps-0p005__bias-0p1__cb-0p1__nbm-lhs-parsed__nbe-0p01__nbmin-0p1__lex-from-prev__ls-0p1,stages_bg_stages_morphtok_min5_BGMTI1_BGMTI2_BGMTI3_BGMTI4_BGMTI5__ps-0p005__bias-0p1__cb-0p1__nbm-lhs-parsed__nbe-0p01__nbmin-0p1__lex-from-prev__ls-0p1__03_BGMTI3
merged_min5,BGMTI,3,0.005,0.1,0.05,0.455618,0.458106,-7.727201,stages_bg_stages_morphtok_min5_BGMTI1_BGMTI2_BGMTI3_BGMTI4_BGMTI5__ps-0p005__bias-0p1__cb-0p1__nbm-lhs-parsed__nbe-0p05__nbmin-0p1__lex-from-prev__ls-0p1,stages_bg_stages_morphtok_min5_BGMTI1_BGMTI2_BGMTI3_BGMTI4_BGMTI5__ps-0p005__bias-0p1__cb-0p1__nbm-lhs-parsed__nbe-0p05__nbmin-0p1__lex-from-prev__ls-0p1__03_BGMTI3
merged_min5,BGMTI,3,0.01,0.1,0.001,0.435858,0.458975,-7.722222,stages_bg_stages_morphtok_min5_BGMTI1_BGMTI2_BGMTI3_BGMTI4_BGMTI5__ps-0p01__bias-0p1__cb-0p1__nbm-lhs-parsed__nbe-0p001__nbmin-0p1__lex-from-prev__ls-0p1,stages_bg_stages_morphtok_min5_BGMTI1_BGMTI2_BGMTI3_BGMTI4_BGMTI5__ps-0p01__bias-0p1__cb-0p1__nbm-lhs-parsed__nbe-0p001__nbmin-0p1__lex-from-prev__ls-0p1__03_BGMTI3
merged_min5,BGMTI,3,0.01,0.1,0.005,0.433797,0.458961,-7.722303,stages_bg_stages_morphtok_min5_BGMTI1_BGMTI2_BGMTI3_BGMTI4_BGMTI5__ps-0p01__bias-0p1__cb-0p1__nbm-lhs-parsed__nbe-0p005__nbmin-0p1__lex-from-prev__ls-0p1,stages_bg_stages_morphtok_min5_BGMTI1_BGMTI2_BGMTI3_BGMTI4_BGMTI5__ps-0p01__bias-0p1__cb-0p1__nbm-lhs-parsed__nbe-0p005__nbmin-0p1__lex-from-prev__ls-0p1__03_BGMTI3
merged_min5,BGMTI,3,0.01,0.1,0.01,0.434827,0.458943,-7.722426,stages_bg_stages_morphtok_min5_BGMTI1_BGMTI2_BGMTI3_BGMTI4_BGMTI5__ps-0p01__bias-0p1__cb-0p1__nbm-lhs-parsed__nbe-0p01__nbmin-0p1__lex-from-prev__ls-0p1,stages_bg_stages_morphtok_min5_BGMTI1_BGMTI2_BGMTI3_BGMTI4_BGMTI5__ps-0p01__bias-0p1__cb-0p1__nbm-lhs-parsed__nbe-0p01__nbmin-0p1__lex-from-prev__ls-0p1__03_BGMTI3
merged_min5,BGMTI,3,0.01,0.1,0.05,0.435409,0.458773,-7.723049,stages_bg_stages_morphtok_min5_BGMTI1_BGMTI2_BGMTI3_BGMTI4_BGMTI5__ps-0p01__bias-0p1__cb-0p1__nbm-lhs-parsed__nbe-0p05__nbmin-0p1__lex-from-prev__ls-0p1,stages_bg_stages_morphtok_min5_BGMTI1_BGMTI2_BGMTI3_BGMTI4_BGMTI5__ps-0p01__bias-0p1__cb-0p1__nbm-lhs-parsed__nbe-0p05__nbmin-0p1__lex-from-prev__ls-0p1__03_BGMTI3
merged_min5,BGMTI,3,0.05,0.01,0.001,0.463463,0.461199,-7.666502,stages_bg_stages_morphtok_min5_BGMTI1_BGMTI2_BGMTI3_BGMTI4_BGMTI5__ps-0p05__bias-0p1__cb-0p1__nbm-lhs-parsed__nbe-0p001__nbmin-0p1__lex-from-prev__ls-0p01,stages_bg_stages_morphtok_min5_BGMTI1_BGMTI2_BGMTI3_BGMTI4_BGMTI5__ps-0p05__bias-0p1__cb-0p1__nbm-lhs-parsed__nbe-0p001__nbmin-0p1__lex-from-prev__ls-0p01__03_BGMTI3
merged_min5,BGMTI,3,0.05,0.1,0.001,0.445808,0.464696,-7.707759,stages_bg_stages_morphtok_min5_BGMTI1_BGMTI2_BGMTI3_BGMTI4_BGMTI5__ps-0p05__bias-0p1__cb-0p1__nbm-lhs-parsed__nbe-0p001__nbmin-0p1__lex-from-prev__ls-0p1,stages_bg_stages_morphtok_min5_BGMTI1_BGMTI2_BGMTI3_BGMTI4_BGMTI5__ps-0p05__bias-0p1__cb-0p1__nbm-lhs-parsed__nbe-0p001__nbmin-0p1__lex-from-prev__ls-0p1__03_BGMTI3
merged_min5,BGMTI,3,0.05,0.01,0.005,0.465465,0.461098,-7.666658,stages_bg_stages_morphtok_min5_BGMTI1_BGMTI2_BGMTI3_BGMTI4_BGMTI5__ps-0p05__bias-0p1__cb-0p1__nbm-lhs-parsed__nbe-0p005__nbmin-0p1__lex-from-prev__ls-0p01,stages_bg_stages_morphtok_min5_BGMTI1_BGMTI2_BGMTI3_BGMTI4_BGMTI5__ps-0p05__bias-0p1__cb-0p1__nbm-lhs-parsed__nbe-0p005__nbmin-0p1__lex-from-prev__ls-0p01__03_BGMTI3
merged_min5,BGMTI,3,0.05,0.1,0.005,0.443763,0.464550,-7.708122,stages_bg_stages_morphtok_min5_BGMTI1_BGMTI2_BGMTI3_BGMTI4_BGMTI5__ps-0p05__bias-0p1__cb-0p1__nbm-lhs-parsed__nbe-0p005__nbmin-0p1__lex-from-prev__ls-0p1,stages_bg_stages_morphtok_min5_BGMTI1_BGMTI2_BGMTI3_BGMTI4_BGMTI5__ps-0p05__bias-0p1__cb-0p1__nbm-lhs-parsed__nbe-0p005__nbmin-0p1__lex-from-prev__ls-0p1__03_BGMTI3
merged_min5,BGMTI,3,0.05,0.01,0.01,0.464464,0.460860,-7.666462,stages_bg_stages_morphtok_min5_BGMTI1_BGMTI2_BGMTI3_BGMTI4_BGMTI5__ps-0p05__bias-0p1__cb-0p1__nbm-lhs-parsed__nbe-0p01__nbmin-0p1__lex-from-prev__ls-0p01,stages_bg_stages_morphtok_min5_BGMTI1_BGMTI2_BGMTI3_BGMTI4_BGMTI5__ps-0p05__bias-0p1__cb-0p1__nbm-lhs-parsed__nbe-0p01__nbmin-0p1__lex-from-prev__ls-0p01__03_BGMTI3
merged_min5,BGMTI,3,0.05,0.1,0.01,0.446374,0.464308,-7.708424,stages_bg_stages_morphtok_min5_BGMTI1_BGMTI2_BGMTI3_BGMTI4_BGMTI5__ps-0p05__bias-0p1__cb-0p1__nbm-lhs-parsed__nbe-0p01__nbmin-0p1__lex-from-prev__ls-0p1,stages_bg_stages_morphtok_min5_BGMTI1_BGMTI2_BGMTI3_BGMTI4_BGMTI5__ps-0p05__bias-0p1__cb-0p1__nbm-lhs-parsed__nbe-0p01__nbmin-0p1__lex-from-prev__ls-0p1__03_BGMTI3
merged_min5,BGMTI,3,0.05,0.01,0.05,0.463158,0.459356,-7.668360,stages_bg_stages_morphtok_min5_BGMTI1_BGMTI2_BGMTI3_BGMTI4_BGMTI5__ps-0p05__bias-0p1__cb-0p1__nbm-lhs-parsed__nbe-0p05__nbmin-0p1__lex-from-prev__ls-0p01,stages_bg_stages_morphtok_min5_BGMTI1_BGMTI2_BGMTI3_BGMTI4_BGMTI5__ps-0p05__bias-0p1__cb-0p1__nbm-lhs-parsed__nbe-0p05__nbmin-0p1__lex-from-prev__ls-0p01__03_BGMTI3
merged_min5,BGMTI,3,0.05,0.1,0.05,0.448082,0.463023,-7.710935,stages_bg_stages_morphtok_min5_BGMTI1_BGMTI2_BGMTI3_BGMTI4_BGMTI5__ps-0p05__bias-0p1__cb-0p1__nbm-lhs-parsed__nbe-0p05__nbmin-0p1__lex-from-prev__ls-0p1,stages_bg_stages_morphtok_min5_BGMTI1_BGMTI2_BGMTI3_BGMTI4_BGMTI5__ps-0p05__bias-0p1__cb-0p1__nbm-lhs-parsed__nbe-0p05__nbmin-0p1__lex-from-prev__ls-0p1__03_BGMTI3
merged_min5,BGMTI,4,0.001,0.1,0.001,0.554419,0.397435,-7.144745,stages_bg_stages_morphtok_min5_BGMTI1_BGMTI2_BGMTI3_BGMTI4_BGMTI5__ps-0p001__bias-0p1__cb-0p1__nbm-lhs-parsed__nbe-0p001__nbmin-0p1__lex-from-prev__ls-0p1,stages_bg_stages_morphtok_min5_BGMTI1_BGMTI2_BGMTI3_BGMTI4_BGMTI5__ps-0p001__bias-0p1__cb-0p1__nbm-lhs-parsed__nbe-0p001__nbmin-0p1__lex-from-prev__ls-0p1__04_BGMTI4
merged_min5,BGMTI,4,0.001,0.1,0.005,0.554419,0.397435,-7.144745,stages_bg_stages_morphtok_min5_BGMTI1_BGMTI2_BGMTI3_BGMTI4_BGMTI5__ps-0p001__bias-0p1__cb-0p1__nbm-lhs-parsed__nbe-0p005__nbmin-0p1__lex-from-prev__ls-0p1,stages_bg_stages_morphtok_min5_BGMTI1_BGMTI2_BGMTI3_BGMTI4_BGMTI5__ps-0p001__bias-0p1__cb-0p1__nbm-lhs-parsed__nbe-0p005__nbmin-0p1__lex-from-prev__ls-0p1__04_BGMTI4
merged_min5,BGMTI,4,0.001,0.1,0.01,0.553370,0.397436,-7.144748,stages_bg_stages_morphtok_min5_BGMTI1_BGMTI2_BGMTI3_BGMTI4_BGMTI5__ps-0p001__bias-0p1__cb-0p1__nbm-lhs-parsed__nbe-0p01__nbmin-0p1__lex-from-prev__ls-0p1,stages_bg_stages_morphtok_min5_BGMTI1_BGMTI2_BGMTI3_BGMTI4_BGMTI5__ps-0p001__bias-0p1__cb-0p1__nbm-lhs-parsed__nbe-0p01__nbmin-0p1__lex-from-prev__ls-0p1__04_BGMTI4
merged_min5,BGMTI,4,0.001,0.1,0.05,0.553370,0.397444,-7.144770,stages_bg_stages_morphtok_min5_BGMTI1_BGMTI2_BGMTI3_BGMTI4_BGMTI5__ps-0p001__bias-0p1__cb-0p1__nbm-lhs-parsed__nbe-0p05__nbmin-0p1__lex-from-prev__ls-0p1,stages_bg_stages_morphtok_min5_BGMTI1_BGMTI2_BGMTI3_BGMTI4_BGMTI5__ps-0p001__bias-0p1__cb-0p1__nbm-lhs-parsed__nbe-0p05__nbmin-0p1__lex-from-prev__ls-0p1__04_BGMTI4
merged_min5,BGMTI,4,0.005,0.1,0.001,0.556663,0.397358,-7.143662,stages_bg_stages_morphtok_min5_BGMTI1_BGMTI2_BGMTI3_BGMTI4_BGMTI5__ps-0p005__bias-0p1__cb-0p1__nbm-lhs-parsed__nbe-0p001__nbmin-0p1__lex-from-prev__ls-0p1,stages_bg_stages_morphtok_min5_BGMTI1_BGMTI2_BGMTI3_BGMTI4_BGMTI5__ps-0p005__bias-0p1__cb-0p1__nbm-lhs-parsed__nbe-0p001__nbmin-0p1__lex-from-prev__ls-0p1__04_BGMTI4
merged_min5,BGMTI,4,0.005,0.1,0.005,0.557188,0.397361,-7.143674,stages_bg_stages_morphtok_min5_BGMTI1_BGMTI2_BGMTI3_BGMTI4_BGMTI5__ps-0p005__bias-0p1__cb-0p1__nbm-lhs-parsed__nbe-0p005__nbmin-0p1__lex-from-prev__ls-0p1,stages_bg_stages_morphtok_min5_BGMTI1_BGMTI2_BGMTI3_BGMTI4_BGMTI5__ps-0p005__bias-0p1__cb-0p1__nbm-lhs-parsed__nbe-0p005__nbmin-0p1__lex-from-prev__ls-0p1__04_BGMTI4
merged_min5,BGMTI,4,0.005,0.1,0.01,0.556663,0.397367,-7.143685,stages_bg_stages_morphtok_min5_BGMTI1_BGMTI2_BGMTI3_BGMTI4_BGMTI5__ps-0p005__bias-0p1__cb-0p1__nbm-lhs-parsed__nbe-0p01__nbmin-0p1__lex-from-prev__ls-0p1,stages_bg_stages_morphtok_min5_BGMTI1_BGMTI2_BGMTI3_BGMTI4_BGMTI5__ps-0p005__bias-0p1__cb-0p1__nbm-lhs-parsed__nbe-0p01__nbmin-0p1__lex-from-prev__ls-0p1__04_BGMTI4
merged_min5,BGMTI,4,0.005,0.1,0.05,0.557188,0.397416,-7.143806,stages_bg_stages_morphtok_min5_BGMTI1_BGMTI2_BGMTI3_BGMTI4_BGMTI5__ps-0p005__bias-0p1__cb-0p1__nbm-lhs-parsed__nbe-0p05__nbmin-0p1__lex-from-prev__ls-0p1,stages_bg_stages_morphtok_min5_BGMTI1_BGMTI2_BGMTI3_BGMTI4_BGMTI5__ps-0p005__bias-0p1__cb-0p1__nbm-lhs-parsed__nbe-0p05__nbmin-0p1__lex-from-prev__ls-0p1__04_BGMTI4
merged_min5,BGMTI,4,0.01,0.1,0.001,0.551252,0.397601,-7.142919,stages_bg_stages_morphtok_min5_BGMTI1_BGMTI2_BGMTI3_BGMTI4_BGMTI5__ps-0p01__bias-0p1__cb-0p1__nbm-lhs-parsed__nbe-0p001__nbmin-0p1__lex-from-prev__ls-0p1,stages_bg_stages_morphtok_min5_BGMTI1_BGMTI2_BGMTI3_BGMTI4_BGMTI5__ps-0p01__bias-0p1__cb-0p1__nbm-lhs-parsed__nbe-0p001__nbmin-0p1__lex-from-prev__ls-0p1__04_BGMTI4
merged_min5,BGMTI,4,0.01,0.1,0.005,0.550198,0.397610,-7.142949,stages_bg_stages_morphtok_min5_BGMTI1_BGMTI2_BGMTI3_BGMTI4_BGMTI5__ps-0p01__bias-0p1__cb-0p1__nbm-lhs-parsed__nbe-0p005__nbmin-0p1__lex-from-prev__ls-0p1,stages_bg_stages_morphtok_min5_BGMTI1_BGMTI2_BGMTI3_BGMTI4_BGMTI5__ps-0p01__bias-0p1__cb-0p1__nbm-lhs-parsed__nbe-0p005__nbmin-0p1__lex-from-prev__ls-0p1__04_BGMTI4
merged_min5,BGMTI,4,0.01,0.1,0.01,0.550961,0.397627,-7.142991,stages_bg_stages_morphtok_min5_BGMTI1_BGMTI2_BGMTI3_BGMTI4_BGMTI5__ps-0p01__bias-0p1__cb-0p1__nbm-lhs-parsed__nbe-0p01__nbmin-0p1__lex-from-prev__ls-0p1,stages_bg_stages_morphtok_min5_BGMTI1_BGMTI2_BGMTI3_BGMTI4_BGMTI5__ps-0p01__bias-0p1__cb-0p1__nbm-lhs-parsed__nbe-0p01__nbmin-0p1__lex-from-prev__ls-0p1__04_BGMTI4
merged_min5,BGMTI,4,0.01,0.1,0.05,0.550580,0.397733,-7.143275,stages_bg_stages_morphtok_min5_BGMTI1_BGMTI2_BGMTI3_BGMTI4_BGMTI5__ps-0p01__bias-0p1__cb-0p1__nbm-lhs-parsed__nbe-0p05__nbmin-0p1__lex-from-prev__ls-0p1,stages_bg_stages_morphtok_min5_BGMTI1_BGMTI2_BGMTI3_BGMTI4_BGMTI5__ps-0p01__bias-0p1__cb-0p1__nbm-lhs-parsed__nbe-0p05__nbmin-0p1__lex-from-prev__ls-0p1__04_BGMTI4
merged_min5,BGMTI,4,0.05,0.01,0.001,0.568170,0.413090,-7.216752,stages_bg_stages_morphtok_min5_BGMTI1_BGMTI2_BGMTI3_BGMTI4_BGMTI5__ps-0p05__bias-0p1__cb-0p1__nbm-lhs-parsed__nbe-0p001__nbmin-0p1__lex-from-prev__ls-0p01,stages_bg_stages_morphtok_min5_BGMTI1_BGMTI2_BGMTI3_BGMTI4_BGMTI5__ps-0p05__bias-0p1__cb-0p1__nbm-lhs-parsed__nbe-0p001__nbmin-0p1__lex-from-prev__ls-0p01__04_BGMTI4
merged_min5,BGMTI,4,0.05,0.1,0.001,0.544737,0.403297,-7.139360,stages_bg_stages_morphtok_min5_BGMTI1_BGMTI2_BGMTI3_BGMTI4_BGMTI5__ps-0p05__bias-0p1__cb-0p1__nbm-lhs-parsed__nbe-0p001__nbmin-0p1__lex-from-prev__ls-0p1,stages_bg_stages_morphtok_min5_BGMTI1_BGMTI2_BGMTI3_BGMTI4_BGMTI5__ps-0p05__bias-0p1__cb-0p1__nbm-lhs-parsed__nbe-0p001__nbmin-0p1__lex-from-prev__ls-0p1__04_BGMTI4
merged_min5,BGMTI,4,0.05,0.01,0.005,0.568170,0.413126,-7.216952,stages_bg_stages_morphtok_min5_BGMTI1_BGMTI2_BGMTI3_BGMTI4_BGMTI5__ps-0p05__bias-0p1__cb-0p1__nbm-lhs-parsed__nbe-0p005__nbmin-0p1__lex-from-prev__ls-0p01,stages_bg_stages_morphtok_min5_BGMTI1_BGMTI2_BGMTI3_BGMTI4_BGMTI5__ps-0p05__bias-0p1__cb-0p1__nbm-lhs-parsed__nbe-0p005__nbmin-0p1__lex-from-prev__ls-0p01__04_BGMTI4
merged_min5,BGMTI,4,0.05,0.1,0.005,0.544737,0.403219,-7.139618,stages_bg_stages_morphtok_min5_BGMTI1_BGMTI2_BGMTI3_BGMTI4_BGMTI5__ps-0p05__bias-0p1__cb-0p1__nbm-lhs-parsed__nbe-0p005__nbmin-0p1__lex-from-prev__ls-0p1,stages_bg_stages_morphtok_min5_BGMTI1_BGMTI2_BGMTI3_BGMTI4_BGMTI5__ps-0p05__bias-0p1__cb-0p1__nbm-lhs-parsed__nbe-0p005__nbmin-0p1__lex-from-prev__ls-0p1__04_BGMTI4
merged_min5,BGMTI,4,0.05,0.01,0.01,0.568317,0.413084,-7.217204,stages_bg_stages_morphtok_min5_BGMTI1_BGMTI2_BGMTI3_BGMTI4_BGMTI5__ps-0p05__bias-0p1__cb-0p1__nbm-lhs-parsed__nbe-0p01__nbmin-0p1__lex-from-prev__ls-0p01,stages_bg_stages_morphtok_min5_BGMTI1_BGMTI2_BGMTI3_BGMTI4_BGMTI5__ps-0p05__bias-0p1__cb-0p1__nbm-lhs-parsed__nbe-0p01__nbmin-0p1__lex-from-prev__ls-0p01__04_BGMTI4
merged_min5,BGMTI,4,0.05,0.1,0.01,0.544211,0.403105,-7.139767,stages_bg_stages_morphtok_min5_BGMTI1_BGMTI2_BGMTI3_BGMTI4_BGMTI5__ps-0p05__bias-0p1__cb-0p1__nbm-lhs-parsed__nbe-0p01__nbmin-0p1__lex-from-prev__ls-0p1,stages_bg_stages_morphtok_min5_BGMTI1_BGMTI2_BGMTI3_BGMTI4_BGMTI5__ps-0p05__bias-0p1__cb-0p1__nbm-lhs-parsed__nbe-0p01__nbmin-0p1__lex-from-prev__ls-0p1__04_BGMTI4
merged_min5,BGMTI,4,0.05,0.01,0.05,0.568760,0.412681,-7.219047,stages_bg_stages_morphtok_min5_BGMTI1_BGMTI2_BGMTI3_BGMTI4_BGMTI5__ps-0p05__bias-0p1__cb-0p1__nbm-lhs-parsed__nbe-0p05__nbmin-0p1__lex-from-prev__ls-0p01,stages_bg_stages_morphtok_min5_BGMTI1_BGMTI2_BGMTI3_BGMTI4_BGMTI5__ps-0p05__bias-0p1__cb-0p1__nbm-lhs-parsed__nbe-0p05__nbmin-0p1__lex-from-prev__ls-0p01__04_BGMTI4
merged_min5,BGMTI,4,0.05,0.1,0.05,0.545741,0.402622,-7.140909,stages_bg_stages_morphtok_min5_BGMTI1_BGMTI2_BGMTI3_BGMTI4_BGMTI5__ps-0p05__bias-0p1__cb-0p1__nbm-lhs-parsed__nbe-0p05__nbmin-0p1__lex-from-prev__ls-0p1,stages_bg_stages_morphtok_min5_BGMTI1_BGMTI2_BGMTI3_BGMTI4_BGMTI5__ps-0p05__bias-0p1__cb-0p1__nbm-lhs-parsed__nbe-0p05__nbmin-0p1__lex-from-prev__ls-0p1__04_BGMTI4
merged_min5,BGMTI,5,0.001,0.1,0.001,0.632469,0.255688,-7.674004,stages_bg_stages_morphtok_min5_BGMTI1_BGMTI2_BGMTI3_BGMTI4_BGMTI5__ps-0p001__bias-0p1__cb-0p1__nbm-lhs-parsed__nbe-0p001__nbmin-0p1__lex-from-prev__ls-0p1,stages_bg_stages_morphtok_min5_BGMTI1_BGMTI2_BGMTI3_BGMTI4_BGMTI5__ps-0p001__bias-0p1__cb-0p1__nbm-lhs-parsed__nbe-0p001__nbmin-0p1__lex-from-prev__ls-0p1__05_BGMTI5
merged_min5,BGMTI,5,0.001,0.1,0.005,0.633359,0.255686,-7.674004,stages_bg_stages_morphtok_min5_BGMTI1_BGMTI2_BGMTI3_BGMTI4_BGMTI5__ps-0p001__bias-0p1__cb-0p1__nbm-lhs-parsed__nbe-0p005__nbmin-0p1__lex-from-prev__ls-0p1,stages_bg_stages_morphtok_min5_BGMTI1_BGMTI2_BGMTI3_BGMTI4_BGMTI5__ps-0p001__bias-0p1__cb-0p1__nbm-lhs-parsed__nbe-0p005__nbmin-0p1__lex-from-prev__ls-0p1__05_BGMTI5
merged_min5,BGMTI,5,0.001,0.1,0.01,0.633359,0.255536,-7.674005,stages_bg_stages_morphtok_min5_BGMTI1_BGMTI2_BGMTI3_BGMTI4_BGMTI5__ps-0p001__bias-0p1__cb-0p1__nbm-lhs-parsed__nbe-0p01__nbmin-0p1__lex-from-prev__ls-0p1,stages_bg_stages_morphtok_min5_BGMTI1_BGMTI2_BGMTI3_BGMTI4_BGMTI5__ps-0p001__bias-0p1__cb-0p1__nbm-lhs-parsed__nbe-0p01__nbmin-0p1__lex-from-prev__ls-0p1__05_BGMTI5
merged_min5,BGMTI,5,0.001,0.1,0.05,0.632692,0.253323,-7.674007,stages_bg_stages_morphtok_min5_BGMTI1_BGMTI2_BGMTI3_BGMTI4_BGMTI5__ps-0p001__bias-0p1__cb-0p1__nbm-lhs-parsed__nbe-0p05__nbmin-0p1__lex-from-prev__ls-0p1,stages_bg_stages_morphtok_min5_BGMTI1_BGMTI2_BGMTI3_BGMTI4_BGMTI5__ps-0p001__bias-0p1__cb-0p1__nbm-lhs-parsed__nbe-0p05__nbmin-0p1__lex-from-prev__ls-0p1__05_BGMTI5
merged_min5,BGMTI,5,0.005,0.1,0.001,0.637485,0.252218,-7.672843,stages_bg_stages_morphtok_min5_BGMTI1_BGMTI2_BGMTI3_BGMTI4_BGMTI5__ps-0p005__bias-0p1__cb-0p1__nbm-lhs-parsed__nbe-0p001__nbmin-0p1__lex-from-prev__ls-0p1,stages_bg_stages_morphtok_min5_BGMTI1_BGMTI2_BGMTI3_BGMTI4_BGMTI5__ps-0p005__bias-0p1__cb-0p1__nbm-lhs-parsed__nbe-0p001__nbmin-0p1__lex-from-prev__ls-0p1__05_BGMTI5
merged_min5,BGMTI,5,0.005,0.1,0.005,0.637929,0.251648,-7.672847,stages_bg_stages_morphtok_min5_BGMTI1_BGMTI2_BGMTI3_BGMTI4_BGMTI5__ps-0p005__bias-0p1__cb-0p1__nbm-lhs-parsed__nbe-0p005__nbmin-0p1__lex-from-prev__ls-0p1,stages_bg_stages_morphtok_min5_BGMTI1_BGMTI2_BGMTI3_BGMTI4_BGMTI5__ps-0p005__bias-0p1__cb-0p1__nbm-lhs-parsed__nbe-0p005__nbmin-0p1__lex-from-prev__ls-0p1__05_BGMTI5
merged_min5,BGMTI,5,0.005,0.1,0.01,0.636596,0.250901,-7.672850,stages_bg_stages_morphtok_min5_BGMTI1_BGMTI2_BGMTI3_BGMTI4_BGMTI5__ps-0p005__bias-0p1__cb-0p1__nbm-lhs-parsed__nbe-0p01__nbmin-0p1__lex-from-prev__ls-0p1,stages_bg_stages_morphtok_min5_BGMTI1_BGMTI2_BGMTI3_BGMTI4_BGMTI5__ps-0p005__bias-0p1__cb-0p1__nbm-lhs-parsed__nbe-0p01__nbmin-0p1__lex-from-prev__ls-0p1__05_BGMTI5
merged_min5,BGMTI,5,0.005,0.1,0.05,0.637040,0.247577,-7.672649,stages_bg_stages_morphtok_min5_BGMTI1_BGMTI2_BGMTI3_BGMTI4_BGMTI5__ps-0p005__bias-0p1__cb-0p1__nbm-lhs-parsed__nbe-0p05__nbmin-0p1__lex-from-prev__ls-0p1,stages_bg_stages_morphtok_min5_BGMTI1_BGMTI2_BGMTI3_BGMTI4_BGMTI5__ps-0p005__bias-0p1__cb-0p1__nbm-lhs-parsed__nbe-0p05__nbmin-0p1__lex-from-prev__ls-0p1__05_BGMTI5
merged_min5,BGMTI,5,0.01,0.1,0.001,0.638605,0.250056,-7.671467,stages_bg_stages_morphtok_min5_BGMTI1_BGMTI2_BGMTI3_BGMTI4_BGMTI5__ps-0p01__bias-0p1__cb-0p1__nbm-lhs-parsed__nbe-0p001__nbmin-0p1__lex-from-prev__ls-0p1,stages_bg_stages_morphtok_min5_BGMTI1_BGMTI2_BGMTI3_BGMTI4_BGMTI5__ps-0p01__bias-0p1__cb-0p1__nbm-lhs-parsed__nbe-0p001__nbmin-0p1__lex-from-prev__ls-0p1__05_BGMTI5
merged_min5,BGMTI,5,0.01,0.1,0.005,0.638605,0.249026,-7.671477,stages_bg_stages_morphtok_min5_BGMTI1_BGMTI2_BGMTI3_BGMTI4_BGMTI5__ps-0p01__bias-0p1__cb-0p1__nbm-lhs-parsed__nbe-0p005__nbmin-0p1__lex-from-prev__ls-0p1,stages_bg_stages_morphtok_min5_BGMTI1_BGMTI2_BGMTI3_BGMTI4_BGMTI5__ps-0p01__bias-0p1__cb-0p1__nbm-lhs-parsed__nbe-0p005__nbmin-0p1__lex-from-prev__ls-0p1__05_BGMTI5
merged_min5,BGMTI,5,0.01,0.1,0.01,0.638978,0.248030,-7.671429,stages_bg_stages_morphtok_min5_BGMTI1_BGMTI2_BGMTI3_BGMTI4_BGMTI5__ps-0p01__bias-0p1__cb-0p1__nbm-lhs-parsed__nbe-0p01__nbmin-0p1__lex-from-prev__ls-0p1,stages_bg_stages_morphtok_min5_BGMTI1_BGMTI2_BGMTI3_BGMTI4_BGMTI5__ps-0p01__bias-0p1__cb-0p1__nbm-lhs-parsed__nbe-0p01__nbmin-0p1__lex-from-prev__ls-0p1__05_BGMTI5
merged_min5,BGMTI,5,0.01,0.1,0.05,0.638676,0.244436,-7.670999,stages_bg_stages_morphtok_min5_BGMTI1_BGMTI2_BGMTI3_BGMTI4_BGMTI5__ps-0p01__bias-0p1__cb-0p1__nbm-lhs-parsed__nbe-0p05__nbmin-0p1__lex-from-prev__ls-0p1,stages_bg_stages_morphtok_min5_BGMTI1_BGMTI2_BGMTI3_BGMTI4_BGMTI5__ps-0p01__bias-0p1__cb-0p1__nbm-lhs-parsed__nbe-0p05__nbmin-0p1__lex-from-prev__ls-0p1__05_BGMTI5
merged_min5,BGMTI,5,0.05,0.01,0.001,0.634239,0.262295,-7.664175,stages_bg_stages_morphtok_min5_BGMTI1_BGMTI2_BGMTI3_BGMTI4_BGMTI5__ps-0p05__bias-0p1__cb-0p1__nbm-lhs-parsed__nbe-0p001__nbmin-0p1__lex-from-prev__ls-0p01,stages_bg_stages_morphtok_min5_BGMTI1_BGMTI2_BGMTI3_BGMTI4_BGMTI5__ps-0p05__bias-0p1__cb-0p1__nbm-lhs-parsed__nbe-0p001__nbmin-0p1__lex-from-prev__ls-0p01__05_BGMTI5
merged_min5,BGMTI,5,0.05,0.1,0.001,0.634397,0.248763,-7.657375,stages_bg_stages_morphtok_min5_BGMTI1_BGMTI2_BGMTI3_BGMTI4_BGMTI5__ps-0p05__bias-0p1__cb-0p1__nbm-lhs-parsed__nbe-0p001__nbmin-0p1__lex-from-prev__ls-0p1,stages_bg_stages_morphtok_min5_BGMTI1_BGMTI2_BGMTI3_BGMTI4_BGMTI5__ps-0p05__bias-0p1__cb-0p1__nbm-lhs-parsed__nbe-0p001__nbmin-0p1__lex-from-prev__ls-0p1__05_BGMTI5
merged_min5,BGMTI,5,0.05,0.01,0.005,0.633434,0.259664,-7.663478,stages_bg_stages_morphtok_min5_BGMTI1_BGMTI2_BGMTI3_BGMTI4_BGMTI5__ps-0p05__bias-0p1__cb-0p1__nbm-lhs-parsed__nbe-0p005__nbmin-0p1__lex-from-prev__ls-0p01,stages_bg_stages_morphtok_min5_BGMTI1_BGMTI2_BGMTI3_BGMTI4_BGMTI5__ps-0p05__bias-0p1__cb-0p1__nbm-lhs-parsed__nbe-0p005__nbmin-0p1__lex-from-prev__ls-0p01__05_BGMTI5
merged_min5,BGMTI,5,0.05,0.1,0.005,0.634092,0.246529,-7.657332,stages_bg_stages_morphtok_min5_BGMTI1_BGMTI2_BGMTI3_BGMTI4_BGMTI5__ps-0p05__bias-0p1__cb-0p1__nbm-lhs-parsed__nbe-0p005__nbmin-0p1__lex-from-prev__ls-0p1,stages_bg_stages_morphtok_min5_BGMTI1_BGMTI2_BGMTI3_BGMTI4_BGMTI5__ps-0p05__bias-0p1__cb-0p1__nbm-lhs-parsed__nbe-0p005__nbmin-0p1__lex-from-prev__ls-0p1__05_BGMTI5
merged_min5,BGMTI,5,0.05,0.01,0.01,0.632846,0.258318,-7.662851,stages_bg_stages_morphtok_min5_BGMTI1_BGMTI2_BGMTI3_BGMTI4_BGMTI5__ps-0p05__bias-0p1__cb-0p1__nbm-lhs-parsed__nbe-0p01__nbmin-0p1__lex-from-prev__ls-0p01,stages_bg_stages_morphtok_min5_BGMTI1_BGMTI2_BGMTI3_BGMTI4_BGMTI5__ps-0p05__bias-0p1__cb-0p1__nbm-lhs-parsed__nbe-0p01__nbmin-0p1__lex-from-prev__ls-0p01__05_BGMTI5
merged_min5,BGMTI,5,0.05,0.1,0.01,0.634984,0.245072,-7.656975,stages_bg_stages_morphtok_min5_BGMTI1_BGMTI2_BGMTI3_BGMTI4_BGMTI5__ps-0p05__bias-0p1__cb-0p1__nbm-lhs-parsed__nbe-0p01__nbmin-0p1__lex-from-prev__ls-0p1,stages_bg_stages_morphtok_min5_BGMTI1_BGMTI2_BGMTI3_BGMTI4_BGMTI5__ps-0p05__bias-0p1__cb-0p1__nbm-lhs-parsed__nbe-0p01__nbmin-0p1__lex-from-prev__ls-0p1__05_BGMTI5
merged_min5,BGMTI,5,0.05,0.01,0.05,0.634114,0.253443,-7.659612,stages_bg_stages_morphtok_min5_BGMTI1_BGMTI2_BGMTI3_BGMTI4_BGMTI5__ps-0p05__bias-0p1__cb-0p1__nbm-lhs-parsed__nbe-0p05__nbmin-0p1__lex-from-prev__ls-0p01,stages_bg_stages_morphtok_min5_BGMTI1_BGMTI2_BGMTI3_BGMTI4_BGMTI5__ps-0p05__bias-0p1__cb-0p1__nbm-lhs-parsed__nbe-0p05__nbmin-0p1__lex-from-prev__ls-0p01__05_BGMTI5
merged_min5,BGMTI,5,0.05,0.1,0.05,0.636283,0.240383,-7.654579,stages_bg_stages_morphtok_min5_BGMTI1_BGMTI2_BGMTI3_BGMTI4_BGMTI5__ps-0p05__bias-0p1__cb-0p1__nbm-lhs-parsed__nbe-0p05__nbmin-0p1__lex-from-prev__ls-0p1,stages_bg_stages_morphtok_min5_BGMTI1_BGMTI2_BGMTI3_BGMTI4_BGMTI5__ps-0p05__bias-0p1__cb-0p1__nbm-lhs-parsed__nbe-0p05__nbmin-0p1__lex-from-prev__ls-0p1__05_BGMTI5
merged_min5,BGMTMMM,1,0.005,0.01,0.001,0.407461,0.496034,-8.108002,stages_bg_stages_morphtok_min5_BGMTMMM1_BGMTMMM2_BGMTMMM3_BGMTMMM4_BGMTMMM5__ps-0p005__bias-0p1__cb-0p1__nbm-lhs-parsed__nbe-0p001__nbmin-0p1__lex-from-prev__ls-0p01,stages_bg_stages_morphtok_min5_BGMTMMM1_BGMTMMM2_BGMTMMM3_BGMTMMM4_BGMTMMM5__ps-0p005__bias-0p1__cb-0p1__nbm-lhs-parsed__nbe-0p001__nbmin-0p1__lex-from-prev__ls-0p01__01_BGMTMMM1
merged_min5,BGMTMMM,1,0.005,0.01,0.005,0.407461,0.496034,-8.108002,stages_bg_stages_morphtok_min5_BGMTMMM1_BGMTMMM2_BGMTMMM3_BGMTMMM4_BGMTMMM5__ps-0p005__bias-0p1__cb-0p1__nbm-lhs-parsed__nbe-0p005__nbmin-0p1__lex-from-prev__ls-0p01,stages_bg_stages_morphtok_min5_BGMTMMM1_BGMTMMM2_BGMTMMM3_BGMTMMM4_BGMTMMM5__ps-0p005__bias-0p1__cb-0p1__nbm-lhs-parsed__nbe-0p005__nbmin-0p1__lex-from-prev__ls-0p01__01_BGMTMMM1
merged_min5,BGMTMMM,1,0.005,0.01,0.01,0.407461,0.496034,-8.108002,stages_bg_stages_morphtok_min5_BGMTMMM1_BGMTMMM2_BGMTMMM3_BGMTMMM4_BGMTMMM5__ps-0p005__bias-0p1__cb-0p1__nbm-lhs-parsed__nbe-0p01__nbmin-0p1__lex-from-prev__ls-0p01,stages_bg_stages_morphtok_min5_BGMTMMM1_BGMTMMM2_BGMTMMM3_BGMTMMM4_BGMTMMM5__ps-0p005__bias-0p1__cb-0p1__nbm-lhs-parsed__nbe-0p01__nbmin-0p1__lex-from-prev__ls-0p01__01_BGMTMMM1
merged_min5,BGMTMMM,1,0.01,0.001,0.001,0.407461,0.496034,-8.108002,stages_bg_stages_morphtok_min5_BGMTMMM1_BGMTMMM2_BGMTMMM3_BGMTMMM4_BGMTMMM5__ps-0p01__bias-0p1__cb-0p1__nbm-lhs-parsed__nbe-0p001__nbmin-0p1__lex-from-prev__ls-0p001,stages_bg_stages_morphtok_min5_BGMTMMM1_BGMTMMM2_BGMTMMM3_BGMTMMM4_BGMTMMM5__ps-0p01__bias-0p1__cb-0p1__nbm-lhs-parsed__nbe-0p001__nbmin-0p1__lex-from-prev__ls-0p001__01_BGMTMMM1
merged_min5,BGMTMMM,1,0.01,0.01,0.001,0.407461,0.496034,-8.108002,stages_bg_stages_morphtok_min5_BGMTMMM1_BGMTMMM2_BGMTMMM3_BGMTMMM4_BGMTMMM5__ps-0p01__bias-0p1__cb-0p1__nbm-lhs-parsed__nbe-0p001__nbmin-0p1__lex-from-prev__ls-0p01,stages_bg_stages_morphtok_min5_BGMTMMM1_BGMTMMM2_BGMTMMM3_BGMTMMM4_BGMTMMM5__ps-0p01__bias-0p1__cb-0p1__nbm-lhs-parsed__nbe-0p001__nbmin-0p1__lex-from-prev__ls-0p01__01_BGMTMMM1
merged_min5,BGMTMMM,1,0.01,0.1,0.001,0.407461,0.496034,-8.108002,stages_bg_stages_morphtok_min5_BGMTMMM1_BGMTMMM2_BGMTMMM3_BGMTMMM4_BGMTMMM5__ps-0p01__bias-0p1__cb-0p1__nbm-lhs-parsed__nbe-0p001__nbmin-0p1__lex-from-prev__ls-0p1,stages_bg_stages_morphtok_min5_BGMTMMM1_BGMTMMM2_BGMTMMM3_BGMTMMM4_BGMTMMM5__ps-0p01__bias-0p1__cb-0p1__nbm-lhs-parsed__nbe-0p001__nbmin-0p1__lex-from-prev__ls-0p1__01_BGMTMMM1
merged_min5,BGMTMMM,1,0.01,0.001,0.005,0.407461,0.496034,-8.108002,stages_bg_stages_morphtok_min5_BGMTMMM1_BGMTMMM2_BGMTMMM3_BGMTMMM4_BGMTMMM5__ps-0p01__bias-0p1__cb-0p1__nbm-lhs-parsed__nbe-0p005__nbmin-0p1__lex-from-prev__ls-0p001,stages_bg_stages_morphtok_min5_BGMTMMM1_BGMTMMM2_BGMTMMM3_BGMTMMM4_BGMTMMM5__ps-0p01__bias-0p1__cb-0p1__nbm-lhs-parsed__nbe-0p005__nbmin-0p1__lex-from-prev__ls-0p001__01_BGMTMMM1
merged_min5,BGMTMMM,1,0.01,0.01,0.005,0.407461,0.496034,-8.108002,stages_bg_stages_morphtok_min5_BGMTMMM1_BGMTMMM2_BGMTMMM3_BGMTMMM4_BGMTMMM5__ps-0p01__bias-0p1__cb-0p1__nbm-lhs-parsed__nbe-0p005__nbmin-0p1__lex-from-prev__ls-0p01,stages_bg_stages_morphtok_min5_BGMTMMM1_BGMTMMM2_BGMTMMM3_BGMTMMM4_BGMTMMM5__ps-0p01__bias-0p1__cb-0p1__nbm-lhs-parsed__nbe-0p005__nbmin-0p1__lex-from-prev__ls-0p01__01_BGMTMMM1
merged_min5,BGMTMMM,1,0.01,0.1,0.005,0.407461,0.496034,-8.108002,stages_bg_stages_morphtok_min5_BGMTMMM1_BGMTMMM2_BGMTMMM3_BGMTMMM4_BGMTMMM5__ps-0p01__bias-0p1__cb-0p1__nbm-lhs-parsed__nbe-0p005__nbmin-0p1__lex-from-prev__ls-0p1,stages_bg_stages_morphtok_min5_BGMTMMM1_BGMTMMM2_BGMTMMM3_BGMTMMM4_BGMTMMM5__ps-0p01__bias-0p1__cb-0p1__nbm-lhs-parsed__nbe-0p005__nbmin-0p1__lex-from-prev__ls-0p1__01_BGMTMMM1
merged_min5,BGMTMMM,1,0.01,0.001,0.01,0.407461,0.496034,-8.108002,stages_bg_stages_morphtok_min5_BGMTMMM1_BGMTMMM2_BGMTMMM3_BGMTMMM4_BGMTMMM5__ps-0p01__bias-0p1__cb-0p1__nbm-lhs-parsed__nbe-0p01__nbmin-0p1__lex-from-prev__ls-0p001,stages_bg_stages_morphtok_min5_BGMTMMM1_BGMTMMM2_BGMTMMM3_BGMTMMM4_BGMTMMM5__ps-0p01__bias-0p1__cb-0p1__nbm-lhs-parsed__nbe-0p01__nbmin-0p1__lex-from-prev__ls-0p001__01_BGMTMMM1
merged_min5,BGMTMMM,1,0.01,0.01,0.01,0.407461,0.496034,-8.108002,stages_bg_stages_morphtok_min5_BGMTMMM1_BGMTMMM2_BGMTMMM3_BGMTMMM4_BGMTMMM5__ps-0p01__bias-0p1__cb-0p1__nbm-lhs-parsed__nbe-0p01__nbmin-0p1__lex-from-prev__ls-0p01,stages_bg_stages_morphtok_min5_BGMTMMM1_BGMTMMM2_BGMTMMM3_BGMTMMM4_BGMTMMM5__ps-0p01__bias-0p1__cb-0p1__nbm-lhs-parsed__nbe-0p01__nbmin-0p1__lex-from-prev__ls-0p01__01_BGMTMMM1
merged_min5,BGMTMMM,1,0.01,0.01,0.05,0.407461,0.496034,-8.108002,stages_bg_stages_morphtok_min5_BGMTMMM1_BGMTMMM2_BGMTMMM3_BGMTMMM4_BGMTMMM5__ps-0p01__bias-0p1__cb-0p1__nbm-lhs-parsed__nbe-0p05__nbmin-0p1__lex-from-prev__ls-0p01,stages_bg_stages_morphtok_min5_BGMTMMM1_BGMTMMM2_BGMTMMM3_BGMTMMM4_BGMTMMM5__ps-0p01__bias-0p1__cb-0p1__nbm-lhs-parsed__nbe-0p05__nbmin-0p1__lex-from-prev__ls-0p01__01_BGMTMMM1
merged_min5,BGMTMMM,1,0.05,0.001,0.001,0.407461,0.496034,-8.108002,stages_bg_stages_morphtok_min5_BGMTMMM1_BGMTMMM2_BGMTMMM3_BGMTMMM4_BGMTMMM5__ps-0p05__bias-0p1__cb-0p1__nbm-lhs-parsed__nbe-0p001__nbmin-0p1__lex-from-prev__ls-0p001,stages_bg_stages_morphtok_min5_BGMTMMM1_BGMTMMM2_BGMTMMM3_BGMTMMM4_BGMTMMM5__ps-0p05__bias-0p1__cb-0p1__nbm-lhs-parsed__nbe-0p001__nbmin-0p1__lex-from-prev__ls-0p001__01_BGMTMMM1
merged_min5,BGMTMMM,1,0.05,0.01,0.001,0.407461,0.496034,-8.108002,stages_bg_stages_morphtok_min5_BGMTMMM1_BGMTMMM2_BGMTMMM3_BGMTMMM4_BGMTMMM5__ps-0p05__bias-0p1__cb-0p1__nbm-lhs-parsed__nbe-0p001__nbmin-0p1__lex-from-prev__ls-0p01,stages_bg_stages_morphtok_min5_BGMTMMM1_BGMTMMM2_BGMTMMM3_BGMTMMM4_BGMTMMM5__ps-0p05__bias-0p1__cb-0p1__nbm-lhs-parsed__nbe-0p001__nbmin-0p1__lex-from-prev__ls-0p01__01_BGMTMMM1
merged_min5,BGMTMMM,1,0.05,0.001,0.005,0.407461,0.496034,-8.108002,stages_bg_stages_morphtok_min5_BGMTMMM1_BGMTMMM2_BGMTMMM3_BGMTMMM4_BGMTMMM5__ps-0p05__bias-0p1__cb-0p1__nbm-lhs-parsed__nbe-0p005__nbmin-0p1__lex-from-prev__ls-0p001,stages_bg_stages_morphtok_min5_BGMTMMM1_BGMTMMM2_BGMTMMM3_BGMTMMM4_BGMTMMM5__ps-0p05__bias-0p1__cb-0p1__nbm-lhs-parsed__nbe-0p005__nbmin-0p1__lex-from-prev__ls-0p001__01_BGMTMMM1
merged_min5,BGMTMMM,1,0.05,0.01,0.005,0.407461,0.496034,-8.108002,stages_bg_stages_morphtok_min5_BGMTMMM1_BGMTMMM2_BGMTMMM3_BGMTMMM4_BGMTMMM5__ps-0p05__bias-0p1__cb-0p1__nbm-lhs-parsed__nbe-0p005__nbmin-0p1__lex-from-prev__ls-0p01,stages_bg_stages_morphtok_min5_BGMTMMM1_BGMTMMM2_BGMTMMM3_BGMTMMM4_BGMTMMM5__ps-0p05__bias-0p1__cb-0p1__nbm-lhs-parsed__nbe-0p005__nbmin-0p1__lex-from-prev__ls-0p01__01_BGMTMMM1
merged_min5,BGMTMMM,1,0.05,0.001,0.01,0.407461,0.496034,-8.108002,stages_bg_stages_morphtok_min5_BGMTMMM1_BGMTMMM2_BGMTMMM3_BGMTMMM4_BGMTMMM5__ps-0p05__bias-0p1__cb-0p1__nbm-lhs-parsed__nbe-0p01__nbmin-0p1__lex-from-prev__ls-0p001,stages_bg_stages_morphtok_min5_BGMTMMM1_BGMTMMM2_BGMTMMM3_BGMTMMM4_BGMTMMM5__ps-0p05__bias-0p1__cb-0p1__nbm-lhs-parsed__nbe-0p01__nbmin-0p1__lex-from-prev__ls-0p001__01_BGMTMMM1
merged_min5,BGMTMMM,1,0.05,0.01,0.01,0.407461,0.496034,-8.108002,stages_bg_stages_morphtok_min5_BGMTMMM1_BGMTMMM2_BGMTMMM3_BGMTMMM4_BGMTMMM5__ps-0p05__bias-0p1__cb-0p1__nbm-lhs-parsed__nbe-0p01__nbmin-0p1__lex-from-prev__ls-0p01,stages_bg_stages_morphtok_min5_BGMTMMM1_BGMTMMM2_BGMTMMM3_BGMTMMM4_BGMTMMM5__ps-0p05__bias-0p1__cb-0p1__nbm-lhs-parsed__nbe-0p01__nbmin-0p1__lex-from-prev__ls-0p01__01_BGMTMMM1
merged_min5,BGMTMMM,1,0.05,0.001,0.05,0.407461,0.496034,-8.108002,stages_bg_stages_morphtok_min5_BGMTMMM1_BGMTMMM2_BGMTMMM3_BGMTMMM4_BGMTMMM5__ps-0p05__bias-0p1__cb-0p1__nbm-lhs-parsed__nbe-0p05__nbmin-0p1__lex-from-prev__ls-0p001,stages_bg_stages_morphtok_min5_BGMTMMM1_BGMTMMM2_BGMTMMM3_BGMTMMM4_BGMTMMM5__ps-0p05__bias-0p1__cb-0p1__nbm-lhs-parsed__nbe-0p05__nbmin-0p1__lex-from-prev__ls-0p001__01_BGMTMMM1
merged_min5,BGMTMMM,1,0.05,0.01,0.05,0.407461,0.496034,-8.108002,stages_bg_stages_morphtok_min5_BGMTMMM1_BGMTMMM2_BGMTMMM3_BGMTMMM4_BGMTMMM5__ps-0p05__bias-0p1__cb-0p1__nbm-lhs-parsed__nbe-0p05__nbmin-0p1__lex-from-prev__ls-0p01,stages_bg_stages_morphtok_min5_BGMTMMM1_BGMTMMM2_BGMTMMM3_BGMTMMM4_BGMTMMM5__ps-0p05__bias-0p1__cb-0p1__nbm-lhs-parsed__nbe-0p05__nbmin-0p1__lex-from-prev__ls-0p01__01_BGMTMMM1
merged_min5,BGMTMMM,2,0.005,0.01,0.001,0.573034,0.401592,-7.231606,stages_bg_stages_morphtok_min5_BGMTMMM1_BGMTMMM2_BGMTMMM3_BGMTMMM4_BGMTMMM5__ps-0p005__bias-0p1__cb-0p1__nbm-lhs-parsed__nbe-0p001__nbmin-0p1__lex-from-prev__ls-0p01,stages_bg_stages_morphtok_min5_BGMTMMM1_BGMTMMM2_BGMTMMM3_BGMTMMM4_BGMTMMM5__ps-0p005__bias-0p1__cb-0p1__nbm-lhs-parsed__nbe-0p001__nbmin-0p1__lex-from-prev__ls-0p01__02_BGMTMMM2
merged_min5,BGMTMMM,2,0.005,0.01,0.005,0.573970,0.401182,-7.231605,stages_bg_stages_morphtok_min5_BGMTMMM1_BGMTMMM2_BGMTMMM3_BGMTMMM4_BGMTMMM5__ps-0p005__bias-0p1__cb-0p1__nbm-lhs-parsed__nbe-0p005__nbmin-0p1__lex-from-prev__ls-0p01,stages_bg_stages_morphtok_min5_BGMTMMM1_BGMTMMM2_BGMTMMM3_BGMTMMM4_BGMTMMM5__ps-0p005__bias-0p1__cb-0p1__nbm-lhs-parsed__nbe-0p005__nbmin-0p1__lex-from-prev__ls-0p01__02_BGMTMMM2
merged_min5,BGMTMMM,2,0.005,0.01,0.01,0.577715,0.400276,-7.231604,stages_bg_stages_morphtok_min5_BGMTMMM1_BGMTMMM2_BGMTMMM3_BGMTMMM4_BGMTMMM5__ps-0p005__bias-0p1__cb-0p1__nbm-lhs-parsed__nbe-0p01__nbmin-0p1__lex-from-prev__ls-0p01,stages_bg_stages_morphtok_min5_BGMTMMM1_BGMTMMM2_BGMTMMM3_BGMTMMM4_BGMTMMM5__ps-0p005__bias-0p1__cb-0p1__nbm-lhs-parsed__nbe-0p01__nbmin-0p1__lex-from-prev__ls-0p01__02_BGMTMMM2
merged_min5,BGMTMMM,2,0.01,0.001,0.001,0.572766,0.401553,-7.234175,stages_bg_stages_morphtok_min5_BGMTMMM1_BGMTMMM2_BGMTMMM3_BGMTMMM4_BGMTMMM5__ps-0p01__bias-0p1__cb-0p1__nbm-lhs-parsed__nbe-0p001__nbmin-0p1__lex-from-prev__ls-0p001,stages_bg_stages_morphtok_min5_BGMTMMM1_BGMTMMM2_BGMTMMM3_BGMTMMM4_BGMTMMM5__ps-0p01__bias-0p1__cb-0p1__nbm-lhs-parsed__nbe-0p001__nbmin-0p1__lex-from-prev__ls-0p001__02_BGMTMMM2
merged_min5,BGMTMMM,2,0.01,0.01,0.001,0.575176,0.402337,-7.231889,stages_bg_stages_morphtok_min5_BGMTMMM1_BGMTMMM2_BGMTMMM3_BGMTMMM4_BGMTMMM5__ps-0p01__bias-0p1__cb-0p1__nbm-lhs-parsed__nbe-0p001__nbmin-0p1__lex-from-prev__ls-0p01,stages_bg_stages_morphtok_min5_BGMTMMM1_BGMTMMM2_BGMTMMM3_BGMTMMM4_BGMTMMM5__ps-0p01__bias-0p1__cb-0p1__nbm-lhs-parsed__nbe-0p001__nbmin-0p1__lex-from-prev__ls-0p01__02_BGMTMMM2
merged_min5,BGMTMMM,2,0.01,0.1,0.001,0.559775,0.407207,-7.258726,stages_bg_stages_morphtok_min5_BGMTMMM1_BGMTMMM2_BGMTMMM3_BGMTMMM4_BGMTMMM5__ps-0p01__bias-0p1__cb-0p1__nbm-lhs-parsed__nbe-0p001__nbmin-0p1__lex-from-prev__ls-0p1,stages_bg_stages_morphtok_min5_BGMTMMM1_BGMTMMM2_BGMTMMM3_BGMTMMM4_BGMTMMM5__ps-0p01__bias-0p1__cb-0p1__nbm-lhs-parsed__nbe-0p001__nbmin-0p1__lex-from-prev__ls-0p1__02_BGMTMMM2
merged_min5,BGMTMMM,2,0.01,0.001,0.005,0.570894,0.400221,-7.234174,stages_bg_stages_morphtok_min5_BGMTMMM1_BGMTMMM2_BGMTMMM3_BGMTMMM4_BGMTMMM5__ps-0p01__bias-0p1__cb-0p1__nbm-lhs-parsed__nbe-0p005__nbmin-0p1__lex-from-prev__ls-0p001,stages_bg_stages_morphtok_min5_BGMTMMM1_BGMTMMM2_BGMTMMM3_BGMTMMM4_BGMTMMM5__ps-0p01__bias-0p1__cb-0p1__nbm-lhs-parsed__nbe-0p005__nbmin-0p1__lex-from-prev__ls-0p001__02_BGMTMMM2
merged_min5,BGMTMMM,2,0.01,0.01,0.005,0.577049,0.400981,-7.231890,stages_bg_stages_morphtok_min5_BGMTMMM1_BGMTMMM2_BGMTMMM3_BGMTMMM4_BGMTMMM5__ps-0p01__bias-0p1__cb-0p1__nbm-lhs-parsed__nbe-0p005__nbmin-0p1__lex-from-prev__ls-0p01,stages_bg_stages_morphtok_min5_BGMTMMM1_BGMTMMM2_BGMTMMM3_BGMTMMM4_BGMTMMM5__ps-0p01__bias-0p1__cb-0p1__nbm-lhs-parsed__nbe-0p005__nbmin-0p1__lex-from-prev__ls-0p01__02_BGMTMMM2
merged_min5,BGMTMMM,2,0.01,0.1,0.005,0.557900,0.405222,-7.258731,stages_bg_stages_morphtok_min5_BGMTMMM1_BGMTMMM2_BGMTMMM3_BGMTMMM4_BGMTMMM5__ps-0p01__bias-0p1__cb-0p1__nbm-lhs-parsed__nbe-0p005__nbmin-0p1__lex-from-prev__ls-0p1,stages_bg_stages_morphtok_min5_BGMTMMM1_BGMTMMM2_BGMTMMM3_BGMTMMM4_BGMTMMM5__ps-0p01__bias-0p1__cb-0p1__nbm-lhs-parsed__nbe-0p005__nbmin-0p1__lex-from-prev__ls-0p1__02_BGMTMMM2
merged_min5,BGMTMMM,2,0.01,0.001,0.01,0.571830,0.398690,-7.234168,stages_bg_stages_morphtok_min5_BGMTMMM1_BGMTMMM2_BGMTMMM3_BGMTMMM4_BGMTMMM5__ps-0p01__bias-0p1__cb-0p1__nbm-lhs-parsed__nbe-0p01__nbmin-0p1__lex-from-prev__ls-0p001,stages_bg_stages_morphtok_min5_BGMTMMM1_BGMTMMM2_BGMTMMM3_BGMTMMM4_BGMTMMM5__ps-0p01__bias-0p1__cb-0p1__nbm-lhs-parsed__nbe-0p01__nbmin-0p1__lex-from-prev__ls-0p001__02_BGMTMMM2
merged_min5,BGMTMMM,2,0.01,0.01,0.01,0.575176,0.399431,-7.231891,stages_bg_stages_morphtok_min5_BGMTMMM1_BGMTMMM2_BGMTMMM3_BGMTMMM4_BGMTMMM5__ps-0p01__bias-0p1__cb-0p1__nbm-lhs-parsed__nbe-0p01__nbmin-0p1__lex-from-prev__ls-0p01,stages_bg_stages_morphtok_min5_BGMTMMM1_BGMTMMM2_BGMTMMM3_BGMTMMM4_BGMTMMM5__ps-0p01__bias-0p1__cb-0p1__nbm-lhs-parsed__nbe-0p01__nbmin-0p1__lex-from-prev__ls-0p01__02_BGMTMMM2
merged_min5,BGMTMMM,2,0.01,0.01,0.05,0.576112,0.393053,-7.231791,stages_bg_stages_morphtok_min5_BGMTMMM1_BGMTMMM2_BGMTMMM3_BGMTMMM4_BGMTMMM5__ps-0p01__bias-0p1__cb-0p1__nbm-lhs-parsed__nbe-0p05__nbmin-0p1__lex-from-prev__ls-0p01,stages_bg_stages_morphtok_min5_BGMTMMM1_BGMTMMM2_BGMTMMM3_BGMTMMM4_BGMTMMM5__ps-0p01__bias-0p1__cb-0p1__nbm-lhs-parsed__nbe-0p05__nbmin-0p1__lex-from-prev__ls-0p01__02_BGMTMMM2
merged_min5,BGMTMMM,2,0.05,0.001,0.001,0.550141,0.403989,-7.236876,stages_bg_stages_morphtok_min5_BGMTMMM1_BGMTMMM2_BGMTMMM3_BGMTMMM4_BGMTMMM5__ps-0p05__bias-0p1__cb-0p1__nbm-lhs-parsed__nbe-0p001__nbmin-0p1__lex-from-prev__ls-0p001,stages_bg_stages_morphtok_min5_BGMTMMM1_BGMTMMM2_BGMTMMM3_BGMTMMM4_BGMTMMM5__ps-0p05__bias-0p1__cb-0p1__nbm-lhs-parsed__nbe-0p001__nbmin-0p1__lex-from-prev__ls-0p001__02_BGMTMMM2
merged_min5,BGMTMMM,2,0.05,0.01,0.001,0.553211,0.405352,-7.234322,stages_bg_stages_morphtok_min5_BGMTMMM1_BGMTMMM2_BGMTMMM3_BGMTMMM4_BGMTMMM5__ps-0p05__bias-0p1__cb-0p1__nbm-lhs-parsed__nbe-0p001__nbmin-0p1__lex-from-prev__ls-0p01,stages_bg_stages_morphtok_min5_BGMTMMM1_BGMTMMM2_BGMTMMM3_BGMTMMM4_BGMTMMM5__ps-0p05__bias-0p1__cb-0p1__nbm-lhs-parsed__nbe-0p001__nbmin-0p1__lex-from-prev__ls-0p01__02_BGMTMMM2
merged_min5,BGMTMMM,2,0.05,0.001,0.005,0.550141,0.398780,-7.236878,stages_bg_stages_morphtok_min5_BGMTMMM1_BGMTMMM2_BGMTMMM3_BGMTMMM4_BGMTMMM5__ps-0p05__bias-0p1__cb-0p1__nbm-lhs-parsed__nbe-0p005__nbmin-0p1__lex-from-prev__ls-0p001,stages_bg_stages_morphtok_min5_BGMTMMM1_BGMTMMM2_BGMTMMM3_BGMTMMM4_BGMTMMM5__ps-0p05__bias-0p1__cb-0p1__nbm-lhs-parsed__nbe-0p005__nbmin-0p1__lex-from-prev__ls-0p001__02_BGMTMMM2
merged_min5,BGMTMMM,2,0.05,0.01,0.005,0.552274,0.400098,-7.234405,stages_bg_stages_morphtok_min5_BGMTMMM1_BGMTMMM2_BGMTMMM3_BGMTMMM4_BGMTMMM5__ps-0p05__bias-0p1__cb-0p1__nbm-lhs-parsed__nbe-0p005__nbmin-0p1__lex-from-prev__ls-0p01,stages_bg_stages_morphtok_min5_BGMTMMM1_BGMTMMM2_BGMTMMM3_BGMTMMM4_BGMTMMM5__ps-0p05__bias-0p1__cb-0p1__nbm-lhs-parsed__nbe-0p005__nbmin-0p1__lex-from-prev__ls-0p01__02_BGMTMMM2
merged_min5,BGMTMMM,2,0.05,0.001,0.01,0.550141,0.395462,-7.236829,stages_bg_stages_morphtok_min5_BGMTMMM1_BGMTMMM2_BGMTMMM3_BGMTMMM4_BGMTMMM5__ps-0p05__bias-0p1__cb-0p1__nbm-lhs-parsed__nbe-0p01__nbmin-0p1__lex-from-prev__ls-0p001,stages_bg_stages_morphtok_min5_BGMTMMM1_BGMTMMM2_BGMTMMM3_BGMTMMM4_BGMTMMM5__ps-0p05__bias-0p1__cb-0p1__nbm-lhs-parsed__nbe-0p01__nbmin-0p1__lex-from-prev__ls-0p001__02_BGMTMMM2
merged_min5,BGMTMMM,2,0.05,0.01,0.01,0.552274,0.396744,-7.234398,stages_bg_stages_morphtok_min5_BGMTMMM1_BGMTMMM2_BGMTMMM3_BGMTMMM4_BGMTMMM5__ps-0p05__bias-0p1__cb-0p1__nbm-lhs-parsed__nbe-0p01__nbmin-0p1__lex-from-prev__ls-0p01,stages_bg_stages_morphtok_min5_BGMTMMM1_BGMTMMM2_BGMTMMM3_BGMTMMM4_BGMTMMM5__ps-0p05__bias-0p1__cb-0p1__nbm-lhs-parsed__nbe-0p01__nbmin-0p1__lex-from-prev__ls-0p01__02_BGMTMMM2
merged_min5,BGMTMMM,2,0.05,0.001,0.05,0.563261,0.387150,-7.235924,stages_bg_stages_morphtok_min5_BGMTMMM1_BGMTMMM2_BGMTMMM3_BGMTMMM4_BGMTMMM5__ps-0p05__bias-0p1__cb-0p1__nbm-lhs-parsed__nbe-0p05__nbmin-0p1__lex-from-prev__ls-0p001,stages_bg_stages_morphtok_min5_BGMTMMM1_BGMTMMM2_BGMTMMM3_BGMTMMM4_BGMTMMM5__ps-0p05__bias-0p1__cb-0p1__nbm-lhs-parsed__nbe-0p05__nbmin-0p1__lex-from-prev__ls-0p001__02_BGMTMMM2
merged_min5,BGMTMMM,2,0.05,0.01,0.05,0.566338,0.388226,-7.233877,stages_bg_stages_morphtok_min5_BGMTMMM1_BGMTMMM2_BGMTMMM3_BGMTMMM4_BGMTMMM5__ps-0p05__bias-0p1__cb-0p1__nbm-lhs-parsed__nbe-0p05__nbmin-0p1__lex-from-prev__ls-0p01,stages_bg_stages_morphtok_min5_BGMTMMM1_BGMTMMM2_BGMTMMM3_BGMTMMM4_BGMTMMM5__ps-0p05__bias-0p1__cb-0p1__nbm-lhs-parsed__nbe-0p05__nbmin-0p1__lex-from-prev__ls-0p01__02_BGMTMMM2
merged_min5,BGMTMMM,3,0.005,0.01,0.001,0.613016,0.283198,-7.536826,stages_bg_stages_morphtok_min5_BGMTMMM1_BGMTMMM2_BGMTMMM3_BGMTMMM4_BGMTMMM5__ps-0p005__bias-0p1__cb-0p1__nbm-lhs-parsed__nbe-0p001__nbmin-0p1__lex-from-prev__ls-0p01,stages_bg_stages_morphtok_min5_BGMTMMM1_BGMTMMM2_BGMTMMM3_BGMTMMM4_BGMTMMM5__ps-0p005__bias-0p1__cb-0p1__nbm-lhs-parsed__nbe-0p001__nbmin-0p1__lex-from-prev__ls-0p01__03_BGMTMMM3
merged_min5,BGMTMMM,3,0.005,0.01,0.005,0.613483,0.282958,-7.536820,stages_bg_stages_morphtok_min5_BGMTMMM1_BGMTMMM2_BGMTMMM3_BGMTMMM4_BGMTMMM5__ps-0p005__bias-0p1__cb-0p1__nbm-lhs-parsed__nbe-0p005__nbmin-0p1__lex-from-prev__ls-0p01,stages_bg_stages_morphtok_min5_BGMTMMM1_BGMTMMM2_BGMTMMM3_BGMTMMM4_BGMTMMM5__ps-0p005__bias-0p1__cb-0p1__nbm-lhs-parsed__nbe-0p005__nbmin-0p1__lex-from-prev__ls-0p01__03_BGMTMMM3
merged_min5,BGMTMMM,3,0.005,0.01,0.01,0.613716,0.282432,-7.536812,stages_bg_stages_morphtok_min5_BGMTMMM1_BGMTMMM2_BGMTMMM3_BGMTMMM4_BGMTMMM5__ps-0p005__bias-0p1__cb-0p1__nbm-lhs-parsed__nbe-0p01__nbmin-0p1__lex-from-prev__ls-0p01,stages_bg_stages_morphtok_min5_BGMTMMM1_BGMTMMM2_BGMTMMM3_BGMTMMM4_BGMTMMM5__ps-0p005__bias-0p1__cb-0p1__nbm-lhs-parsed__nbe-0p01__nbmin-0p1__lex-from-prev__ls-0p01__03_BGMTMMM3
merged_min5,BGMTMMM,3,0.01,0.001,0.001,0.614092,0.286645,-7.535254,stages_bg_stages_morphtok_min5_BGMTMMM1_BGMTMMM2_BGMTMMM3_BGMTMMM4_BGMTMMM5__ps-0p01__bias-0p1__cb-0p1__nbm-lhs-parsed__nbe-0p001__nbmin-0p1__lex-from-prev__ls-0p001,stages_bg_stages_morphtok_min5_BGMTMMM1_BGMTMMM2_BGMTMMM3_BGMTMMM4_BGMTMMM5__ps-0p01__bias-0p1__cb-0p1__nbm-lhs-parsed__nbe-0p001__nbmin-0p1__lex-from-prev__ls-0p001__03_BGMTMMM3
merged_min5,BGMTMMM,3,0.01,0.01,0.001,0.613106,0.285161,-7.535296,stages_bg_stages_morphtok_min5_BGMTMMM1_BGMTMMM2_BGMTMMM3_BGMTMMM4_BGMTMMM5__ps-0p01__bias-0p1__cb-0p1__nbm-lhs-parsed__nbe-0p001__nbmin-0p1__lex-from-prev__ls-0p01,stages_bg_stages_morphtok_min5_BGMTMMM1_BGMTMMM2_BGMTMMM3_BGMTMMM4_BGMTMMM5__ps-0p01__bias-0p1__cb-0p1__nbm-lhs-parsed__nbe-0p001__nbmin-0p1__lex-from-prev__ls-0p01__03_BGMTMMM3
merged_min5,BGMTMMM,3,0.01,0.1,0.001,0.612031,0.282961,-7.536093,stages_bg_stages_morphtok_min5_BGMTMMM1_BGMTMMM2_BGMTMMM3_BGMTMMM4_BGMTMMM5__ps-0p01__bias-0p1__cb-0p1__nbm-lhs-parsed__nbe-0p001__nbmin-0p1__lex-from-prev__ls-0p1,stages_bg_stages_morphtok_min5_BGMTMMM1_BGMTMMM2_BGMTMMM3_BGMTMMM4_BGMTMMM5__ps-0p01__bias-0p1__cb-0p1__nbm-lhs-parsed__nbe-0p001__nbmin-0p1__lex-from-prev__ls-0p1__03_BGMTMMM3
merged_min5,BGMTMMM,3,0.01,0.001,0.005,0.614092,0.285802,-7.535243,stages_bg_stages_morphtok_min5_BGMTMMM1_BGMTMMM2_BGMTMMM3_BGMTMMM4_BGMTMMM5__ps-0p01__bias-0p1__cb-0p1__nbm-lhs-parsed__nbe-0p005__nbmin-0p1__lex-from-prev__ls-0p001,stages_bg_stages_morphtok_min5_BGMTMMM1_BGMTMMM2_BGMTMMM3_BGMTMMM4_BGMTMMM5__ps-0p01__bias-0p1__cb-0p1__nbm-lhs-parsed__nbe-0p005__nbmin-0p1__lex-from-prev__ls-0p001__03_BGMTMMM3
merged_min5,BGMTMMM,3,0.01,0.01,0.005,0.612873,0.284308,-7.535284,stages_bg_stages_morphtok_min5_BGMTMMM1_BGMTMMM2_BGMTMMM3_BGMTMMM4_BGMTMMM5__ps-0p01__bias-0p1__cb-0p1__nbm-lhs-parsed__nbe-0p005__nbmin-0p1__lex-from-prev__ls-0p01,stages_bg_stages_morphtok_min5_BGMTMMM1_BGMTMMM2_BGMTMMM3_BGMTMMM4_BGMTMMM5__ps-0p01__bias-0p1__cb-0p1__nbm-lhs-parsed__nbe-0p005__nbmin-0p1__lex-from-prev__ls-0p01__03_BGMTMMM3
merged_min5,BGMTMMM,3,0.01,0.1,0.005,0.612031,0.281577,-7.536079,stages_bg_stages_morphtok_min5_BGMTMMM1_BGMTMMM2_BGMTMMM3_BGMTMMM4_BGMTMMM5__ps-0p01__bias-0p1__cb-0p1__nbm-lhs-parsed__nbe-0p005__nbmin-0p1__lex-from-prev__ls-0p1,stages_bg_stages_morphtok_min5_BGMTMMM1_BGMTMMM2_BGMTMMM3_BGMTMMM4_BGMTMMM5__ps-0p01__bias-0p1__cb-0p1__nbm-lhs-parsed__nbe-0p005__nbmin-0p1__lex-from-prev__ls-0p1__03_BGMTMMM3
merged_min5,BGMTMMM,3,0.01,0.001,0.01,0.613859,0.284833,-7.535224,stages_bg_stages_morphtok_min5_BGMTMMM1_BGMTMMM2_BGMTMMM3_BGMTMMM4_BGMTMMM5__ps-0p01__bias-0p1__cb-0p1__nbm-lhs-parsed__nbe-0p01__nbmin-0p1__lex-from-prev__ls-0p001,stages_bg_stages_morphtok_min5_BGMTMMM1_BGMTMMM2_BGMTMMM3_BGMTMMM4_BGMTMMM5__ps-0p01__bias-0p1__cb-0p1__nbm-lhs-parsed__nbe-0p01__nbmin-0p1__lex-from-prev__ls-0p001__03_BGMTMMM3
merged_min5,BGMTMMM,3,0.01,0.01,0.01,0.613106,0.283334,-7.535264,stages_bg_stages_morphtok_min5_BGMTMMM1_BGMTMMM2_BGMTMMM3_BGMTMMM4_BGMTMMM5__ps-0p01__bias-0p1__cb-0p1__nbm-lhs-parsed__nbe-0p01__nbmin-0p1__lex-from-prev__ls-0p01,stages_bg_stages_morphtok_min5_BGMTMMM1_BGMTMMM2_BGMTMMM3_BGMTMMM4_BGMTMMM5__ps-0p01__bias-0p1__cb-0p1__nbm-lhs-parsed__nbe-0p01__nbmin-0p1__lex-from-prev__ls-0p01__03_BGMTMMM3
merged_min5,BGMTMMM,3,0.01,0.01,0.05,0.612407,0.279551,-7.534982,stages_bg_stages_morphtok_min5_BGMTMMM1_BGMTMMM2_BGMTMMM3_BGMTMMM4_BGMTMMM5__ps-0p01__bias-0p1__cb-0p1__nbm-lhs-parsed__nbe-0p05__nbmin-0p1__lex-from-prev__ls-0p01,stages_bg_stages_morphtok_min5_BGMTMMM1_BGMTMMM2_BGMTMMM3_BGMTMMM4_BGMTMMM5__ps-0p01__bias-0p1__cb-0p1__nbm-lhs-parsed__nbe-0p05__nbmin-0p1__lex-from-prev__ls-0p01__03_BGMTMMM3
merged_min5,BGMTMMM,3,0.05,0.001,0.001,0.606778,0.290000,-7.526714,stages_bg_stages_morphtok_min5_BGMTMMM1_BGMTMMM2_BGMTMMM3_BGMTMMM4_BGMTMMM5__ps-0p05__bias-0p1__cb-0p1__nbm-lhs-parsed__nbe-0p001__nbmin-0p1__lex-from-prev__ls-0p001,stages_bg_stages_morphtok_min5_BGMTMMM1_BGMTMMM2_BGMTMMM3_BGMTMMM4_BGMTMMM5__ps-0p05__bias-0p1__cb-0p1__nbm-lhs-parsed__nbe-0p001__nbmin-0p1__lex-from-prev__ls-0p001__03_BGMTMMM3
merged_min5,BGMTMMM,3,0.05,0.01,0.001,0.607645,0.289038,-7.526738,stages_bg_stages_morphtok_min5_BGMTMMM1_BGMTMMM2_BGMTMMM3_BGMTMMM4_BGMTMMM5__ps-0p05__bias-0p1__cb-0p1__nbm-lhs-parsed__nbe-0p001__nbmin-0p1__lex-from-prev__ls-0p01,stages_bg_stages_morphtok_min5_BGMTMMM1_BGMTMMM2_BGMTMMM3_BGMTMMM4_BGMTMMM5__ps-0p05__bias-0p1__cb-0p1__nbm-lhs-parsed__nbe-0p001__nbmin-0p1__lex-from-prev__ls-0p01__03_BGMTMMM3
merged_min5,BGMTMMM,3,0.05,0.001,0.005,0.606075,0.285508,-7.526533,stages_bg_stages_morphtok_min5_BGMTMMM1_BGMTMMM2_BGMTMMM3_BGMTMMM4_BGMTMMM5__ps-0p05__bias-0p1__cb-0p1__nbm-lhs-parsed__nbe-0p005__nbmin-0p1__lex-from-prev__ls-0p001,stages_bg_stages_morphtok_min5_BGMTMMM1_BGMTMMM2_BGMTMMM3_BGMTMMM4_BGMTMMM5__ps-0p05__bias-0p1__cb-0p1__nbm-lhs-parsed__nbe-0p005__nbmin-0p1__lex-from-prev__ls-0p001__03_BGMTMMM3
merged_min5,BGMTMMM,3,0.05,0.01,0.005,0.607411,0.284512,-7.526558,stages_bg_stages_morphtok_min5_BGMTMMM1_BGMTMMM2_BGMTMMM3_BGMTMMM4_BGMTMMM5__ps-0p05__bias-0p1__cb-0p1__nbm-lhs-parsed__nbe-0p005__nbmin-0p1__lex-from-prev__ls-0p01,stages_bg_stages_morphtok_min5_BGMTMMM1_BGMTMMM2_BGMTMMM3_BGMTMMM4_BGMTMMM5__ps-0p05__bias-0p1__cb-0p1__nbm-lhs-parsed__nbe-0p005__nbmin-0p1__lex-from-prev__ls-0p01__03_BGMTMMM3
merged_min5,BGMTMMM,3,0.05,0.001,0.01,0.606309,0.282542,-7.526245,stages_bg_stages_morphtok_min5_BGMTMMM1_BGMTMMM2_BGMTMMM3_BGMTMMM4_BGMTMMM5__ps-0p05__bias-0p1__cb-0p1__nbm-lhs-parsed__nbe-0p01__nbmin-0p1__lex-from-prev__ls-0p001,stages_bg_stages_morphtok_min5_BGMTMMM1_BGMTMMM2_BGMTMMM3_BGMTMMM4_BGMTMMM5__ps-0p05__bias-0p1__cb-0p1__nbm-lhs-parsed__nbe-0p01__nbmin-0p1__lex-from-prev__ls-0p001__03_BGMTMMM3
merged_min5,BGMTMMM,3,0.05,0.01,0.01,0.607034,0.281540,-7.526231,stages_bg_stages_morphtok_min5_BGMTMMM1_BGMTMMM2_BGMTMMM3_BGMTMMM4_BGMTMMM5__ps-0p05__bias-0p1__cb-0p1__nbm-lhs-parsed__nbe-0p01__nbmin-0p1__lex-from-prev__ls-0p01,stages_bg_stages_morphtok_min5_BGMTMMM1_BGMTMMM2_BGMTMMM3_BGMTMMM4_BGMTMMM5__ps-0p05__bias-0p1__cb-0p1__nbm-lhs-parsed__nbe-0p01__nbmin-0p1__lex-from-prev__ls-0p01__03_BGMTMMM3
merged_min5,BGMTMMM,3,0.05,0.001,0.05,0.604269,0.274595,-7.524987,stages_bg_stages_morphtok_min5_BGMTMMM1_BGMTMMM2_BGMTMMM3_BGMTMMM4_BGMTMMM5__ps-0p05__bias-0p1__cb-0p1__nbm-lhs-parsed__nbe-0p05__nbmin-0p1__lex-from-prev__ls-0p001,stages_bg_stages_morphtok_min5_BGMTMMM1_BGMTMMM2_BGMTMMM3_BGMTMMM4_BGMTMMM5__ps-0p05__bias-0p1__cb-0p1__nbm-lhs-parsed__nbe-0p05__nbmin-0p1__lex-from-prev__ls-0p001__03_BGMTMMM3
merged_min5,BGMTMMM,3,0.05,0.01,0.05,0.605371,0.273572,-7.524860,stages_bg_stages_morphtok_min5_BGMTMMM1_BGMTMMM2_BGMTMMM3_BGMTMMM4_BGMTMMM5__ps-0p05__bias-0p1__cb-0p1__nbm-lhs-parsed__nbe-0p05__nbmin-0p1__lex-from-prev__ls-0p01,stages_bg_stages_morphtok_min5_BGMTMMM1_BGMTMMM2_BGMTMMM3_BGMTMMM4_BGMTMMM5__ps-0p05__bias-0p1__cb-0p1__nbm-lhs-parsed__nbe-0p05__nbmin-0p1__lex-from-prev__ls-0p01__03_BGMTMMM3
merged_min5,BGMTMMM,4,0.005,0.01,0.001,0.629646,0.237783,-7.622704,stages_bg_stages_morphtok_min5_BGMTMMM1_BGMTMMM2_BGMTMMM3_BGMTMMM4_BGMTMMM5__ps-0p005__bias-0p1__cb-0p1__nbm-lhs-parsed__nbe-0p001__nbmin-0p1__lex-from-prev__ls-0p01,stages_bg_stages_morphtok_min5_BGMTMMM1_BGMTMMM2_BGMTMMM3_BGMTMMM4_BGMTMMM5__ps-0p005__bias-0p1__cb-0p1__nbm-lhs-parsed__nbe-0p001__nbmin-0p1__lex-from-prev__ls-0p01__04_BGMTMMM4
merged_min5,BGMTMMM,4,0.005,0.01,0.005,0.629646,0.237671,-7.622743,stages_bg_stages_morphtok_min5_BGMTMMM1_BGMTMMM2_BGMTMMM3_BGMTMMM4_BGMTMMM5__ps-0p005__bias-0p1__cb-0p1__nbm-lhs-parsed__nbe-0p005__nbmin-0p1__lex-from-prev__ls-0p01,stages_bg_stages_morphtok_min5_BGMTMMM1_BGMTMMM2_BGMTMMM3_BGMTMMM4_BGMTMMM5__ps-0p005__bias-0p1__cb-0p1__nbm-lhs-parsed__nbe-0p005__nbmin-0p1__lex-from-prev__ls-0p01__04_BGMTMMM4
merged_min5,BGMTMMM,4,0.005,0.01,0.01,0.629198,0.237256,-7.622797,stages_bg_stages_morphtok_min5_BGMTMMM1_BGMTMMM2_BGMTMMM3_BGMTMMM4_BGMTMMM5__ps-0p005__bias-0p1__cb-0p1__nbm-lhs-parsed__nbe-0p01__nbmin-0p1__lex-from-prev__ls-0p01,stages_bg_stages_morphtok_min5_BGMTMMM1_BGMTMMM2_BGMTMMM3_BGMTMMM4_BGMTMMM5__ps-0p005__bias-0p1__cb-0p1__nbm-lhs-parsed__nbe-0p01__nbmin-0p1__lex-from-prev__ls-0p01__04_BGMTMMM4
merged_min5,BGMTMMM,4,0.01,0.001,0.001,0.633016,0.239488,-7.652864,stages_bg_stages_morphtok_min5_BGMTMMM1_BGMTMMM2_BGMTMMM3_BGMTMMM4_BGMTMMM5__ps-0p01__bias-0p1__cb-0p1__nbm-lhs-parsed__nbe-0p001__nbmin-0p1__lex-from-prev__ls-0p001,stages_bg_stages_morphtok_min5_BGMTMMM1_BGMTMMM2_BGMTMMM3_BGMTMMM4_BGMTMMM5__ps-0p01__bias-0p1__cb-0p1__nbm-lhs-parsed__nbe-0p001__nbmin-0p1__lex-from-prev__ls-0p001__04_BGMTMMM4
merged_min5,BGMTMMM,4,0.01,0.01,0.001,0.629659,0.240058,-7.620782,stages_bg_stages_morphtok_min5_BGMTMMM1_BGMTMMM2_BGMTMMM3_BGMTMMM4_BGMTMMM5__ps-0p01__bias-0p1__cb-0p1__nbm-lhs-parsed__nbe-0p001__nbmin-0p1__lex-from-prev__ls-0p01,stages_bg_stages_morphtok_min5_BGMTMMM1_BGMTMMM2_BGMTMMM3_BGMTMMM4_BGMTMMM5__ps-0p01__bias-0p1__cb-0p1__nbm-lhs-parsed__nbe-0p001__nbmin-0p1__lex-from-prev__ls-0p01__04_BGMTMMM4
merged_min5,BGMTMMM,4,0.01,0.1,0.001,0.624637,0.244863,-7.614747,stages_bg_stages_morphtok_min5_BGMTMMM1_BGMTMMM2_BGMTMMM3_BGMTMMM4_BGMTMMM5__ps-0p01__bias-0p1__cb-0p1__nbm-lhs-parsed__nbe-0p001__nbmin-0p1__lex-from-prev__ls-0p1,stages_bg_stages_morphtok_min5_BGMTMMM1_BGMTMMM2_BGMTMMM3_BGMTMMM4_BGMTMMM5__ps-0p01__bias-0p1__cb-0p1__nbm-lhs-parsed__nbe-0p001__nbmin-0p1__lex-from-prev__ls-0p1__04_BGMTMMM4
merged_min5,BGMTMMM,4,0.01,0.001,0.005,0.633464,0.238864,-7.652925,stages_bg_stages_morphtok_min5_BGMTMMM1_BGMTMMM2_BGMTMMM3_BGMTMMM4_BGMTMMM5__ps-0p01__bias-0p1__cb-0p1__nbm-lhs-parsed__nbe-0p005__nbmin-0p1__lex-from-prev__ls-0p001,stages_bg_stages_morphtok_min5_BGMTMMM1_BGMTMMM2_BGMTMMM3_BGMTMMM4_BGMTMMM5__ps-0p01__bias-0p1__cb-0p1__nbm-lhs-parsed__nbe-0p005__nbmin-0p1__lex-from-prev__ls-0p001__04_BGMTMMM4
merged_min5,BGMTMMM,4,0.01,0.01,0.005,0.629882,0.239415,-7.620856,stages_bg_stages_morphtok_min5_BGMTMMM1_BGMTMMM2_BGMTMMM3_BGMTMMM4_BGMTMMM5__ps-0p01__bias-0p1__cb-0p1__nbm-lhs-parsed__nbe-0p005__nbmin-0p1__lex-from-prev__ls-0p01,stages_bg_stages_morphtok_min5_BGMTMMM1_BGMTMMM2_BGMTMMM3_BGMTMMM4_BGMTMMM5__ps-0p01__bias-0p1__cb-0p1__nbm-lhs-parsed__nbe-0p005__nbmin-0p1__lex-from-prev__ls-0p01__04_BGMTMMM4
merged_min5,BGMTMMM,4,0.01,0.1,0.005,0.624329,0.243697,-7.614822,stages_bg_stages_morphtok_min5_BGMTMMM1_BGMTMMM2_BGMTMMM3_BGMTMMM4_BGMTMMM5__ps-0p01__bias-0p1__cb-0p1__nbm-lhs-parsed__nbe-0p005__nbmin-0p1__lex-from-prev__ls-0p1,stages_bg_stages_morphtok_min5_BGMTMMM1_BGMTMMM2_BGMTMMM3_BGMTMMM4_BGMTMMM5__ps-0p01__bias-0p1__cb-0p1__nbm-lhs-parsed__nbe-0p005__nbmin-0p1__lex-from-prev__ls-0p1__04_BGMTMMM4
merged_min5,BGMTMMM,4,0.01,0.001,0.01,0.633240,0.237991,-7.652964,stages_bg_stages_morphtok_min5_BGMTMMM1_BGMTMMM2_BGMTMMM3_BGMTMMM4_BGMTMMM5__ps-0p01__bias-0p1__cb-0p1__nbm-lhs-parsed__nbe-0p01__nbmin-0p1__lex-from-prev__ls-0p001,stages_bg_stages_morphtok_min5_BGMTMMM1_BGMTMMM2_BGMTMMM3_BGMTMMM4_BGMTMMM5__ps-0p01__bias-0p1__cb-0p1__nbm-lhs-parsed__nbe-0p01__nbmin-0p1__lex-from-prev__ls-0p001__04_BGMTMMM4
merged_min5,BGMTMMM,4,0.01,0.01,0.01,0.629729,0.238534,-7.620918,stages_bg_stages_morphtok_min5_BGMTMMM1_BGMTMMM2_BGMTMMM3_BGMTMMM4_BGMTMMM5__ps-0p01__bias-0p1__cb-0p1__nbm-lhs-parsed__nbe-0p01__nbmin-0p1__lex-from-prev__ls-0p01,stages_bg_stages_morphtok_min5_BGMTMMM1_BGMTMMM2_BGMTMMM3_BGMTMMM4_BGMTMMM5__ps-0p01__bias-0p1__cb-0p1__nbm-lhs-parsed__nbe-0p01__nbmin-0p1__lex-from-prev__ls-0p01__04_BGMTMMM4
merged_min5,BGMTMMM,4,0.01,0.01,0.05,0.630189,0.234929,-7.620705,stages_bg_stages_morphtok_min5_BGMTMMM1_BGMTMMM2_BGMTMMM3_BGMTMMM4_BGMTMMM5__ps-0p01__bias-0p1__cb-0p1__nbm-lhs-parsed__nbe-0p05__nbmin-0p1__lex-from-prev__ls-0p01,stages_bg_stages_morphtok_min5_BGMTMMM1_BGMTMMM2_BGMTMMM3_BGMTMMM4_BGMTMMM5__ps-0p01__bias-0p1__cb-0p1__nbm-lhs-parsed__nbe-0p05__nbmin-0p1__lex-from-prev__ls-0p01__04_BGMTMMM4
merged_min5,BGMTMMM,4,0.05,0.001,0.001,0.625295,0.244146,-7.646655,stages_bg_stages_morphtok_min5_BGMTMMM1_BGMTMMM2_BGMTMMM3_BGMTMMM4_BGMTMMM5__ps-0p05__bias-0p1__cb-0p1__nbm-lhs-parsed__nbe-0p001__nbmin-0p1__lex-from-prev__ls-0p001,stages_bg_stages_morphtok_min5_BGMTMMM1_BGMTMMM2_BGMTMMM3_BGMTMMM4_BGMTMMM5__ps-0p05__bias-0p1__cb-0p1__nbm-lhs-parsed__nbe-0p001__nbmin-0p1__lex-from-prev__ls-0p001__04_BGMTMMM4
merged_min5,BGMTMMM,4,0.05,0.01,0.001,0.623035,0.244764,-7.615587,stages_bg_stages_morphtok_min5_BGMTMMM1_BGMTMMM2_BGMTMMM3_BGMTMMM4_BGMTMMM5__ps-0p05__bias-0p1__cb-0p1__nbm-lhs-parsed__nbe-0p001__nbmin-0p1__lex-from-prev__ls-0p01,stages_bg_stages_morphtok_min5_BGMTMMM1_BGMTMMM2_BGMTMMM3_BGMTMMM4_BGMTMMM5__ps-0p05__bias-0p1__cb-0p1__nbm-lhs-parsed__nbe-0p001__nbmin-0p1__lex-from-prev__ls-0p01__04_BGMTMMM4
merged_min5,BGMTMMM,4,0.05,0.001,0.005,0.625295,0.240059,-7.646012,stages_bg_stages_morphtok_min5_BGMTMMM1_BGMTMMM2_BGMTMMM3_BGMTMMM4_BGMTMMM5__ps-0p05__bias-0p1__cb-0p1__nbm-lhs-parsed__nbe-0p005__nbmin-0p1__lex-from-prev__ls-0p001,stages_bg_stages_morphtok_min5_BGMTMMM1_BGMTMMM2_BGMTMMM3_BGMTMMM4_BGMTMMM5__ps-0p05__bias-0p1__cb-0p1__nbm-lhs-parsed__nbe-0p005__nbmin-0p1__lex-from-prev__ls-0p001__04_BGMTMMM4
merged_min5,BGMTMMM,4,0.05,0.01,0.005,0.623709,0.240647,-7.615699,stages_bg_stages_morphtok_min5_BGMTMMM1_BGMTMMM2_BGMTMMM3_BGMTMMM4_BGMTMMM5__ps-0p05__bias-0p1__cb-0p1__nbm-lhs-parsed__nbe-0p005__nbmin-0p1__lex-from-prev__ls-0p01,stages_bg_stages_morphtok_min5_BGMTMMM1_BGMTMMM2_BGMTMMM3_BGMTMMM4_BGMTMMM5__ps-0p05__bias-0p1__cb-0p1__nbm-lhs-parsed__nbe-0p005__nbmin-0p1__lex-from-prev__ls-0p01__04_BGMTMMM4
merged_min5,BGMTMMM,4,0.05,0.001,0.01,0.625435,0.237345,-7.644416,stages_bg_stages_morphtok_min5_BGMTMMM1_BGMTMMM2_BGMTMMM3_BGMTMMM4_BGMTMMM5__ps-0p05__bias-0p1__cb-0p1__nbm-lhs-parsed__nbe-0p01__nbmin-0p1__lex-from-prev__ls-0p001,stages_bg_stages_morphtok_min5_BGMTMMM1_BGMTMMM2_BGMTMMM3_BGMTMMM4_BGMTMMM5__ps-0p05__bias-0p1__cb-0p1__nbm-lhs-parsed__nbe-0p01__nbmin-0p1__lex-from-prev__ls-0p001__04_BGMTMMM4
merged_min5,BGMTMMM,4,0.05,0.01,0.01,0.623625,0.237933,-7.614776,stages_bg_stages_morphtok_min5_BGMTMMM1_BGMTMMM2_BGMTMMM3_BGMTMMM4_BGMTMMM5__ps-0p05__bias-0p1__cb-0p1__nbm-lhs-parsed__nbe-0p01__nbmin-0p1__lex-from-prev__ls-0p01,stages_bg_stages_morphtok_min5_BGMTMMM1_BGMTMMM2_BGMTMMM3_BGMTMMM4_BGMTMMM5__ps-0p05__bias-0p1__cb-0p1__nbm-lhs-parsed__nbe-0p01__nbmin-0p1__lex-from-prev__ls-0p01__04_BGMTMMM4
merged_min5,BGMTMMM,4,0.05,0.001,0.05,0.624972,0.230753,-7.643977,stages_bg_stages_morphtok_min5_BGMTMMM1_BGMTMMM2_BGMTMMM3_BGMTMMM4_BGMTMMM5__ps-0p05__bias-0p1__cb-0p1__nbm-lhs-parsed__nbe-0p05__nbmin-0p1__lex-from-prev__ls-0p001,stages_bg_stages_morphtok_min5_BGMTMMM1_BGMTMMM2_BGMTMMM3_BGMTMMM4_BGMTMMM5__ps-0p05__bias-0p1__cb-0p1__nbm-lhs-parsed__nbe-0p05__nbmin-0p1__lex-from-prev__ls-0p001__04_BGMTMMM4
merged_min5,BGMTMMM,4,0.05,0.01,0.05,0.624986,0.231302,-7.614766,stages_bg_stages_morphtok_min5_BGMTMMM1_BGMTMMM2_BGMTMMM3_BGMTMMM4_BGMTMMM5__ps-0p05__bias-0p1__cb-0p1__nbm-lhs-parsed__nbe-0p05__nbmin-0p1__lex-from-prev__ls-0p01,stages_bg_stages_morphtok_min5_BGMTMMM1_BGMTMMM2_BGMTMMM3_BGMTMMM4_BGMTMMM5__ps-0p05__bias-0p1__cb-0p1__nbm-lhs-parsed__nbe-0p05__nbmin-0p1__lex-from-prev__ls-0p01__04_BGMTMMM4
merged_min5,BGMTMMM,5,0.005,0.01,0.001,0.635354,0.251850,-7.634798,stages_bg_stages_morphtok_min5_BGMTMMM1_BGMTMMM2_BGMTMMM3_BGMTMMM4_BGMTMMM5__ps-0p005__bias-0p1__cb-0p1__nbm-lhs-parsed__nbe-0p001__nbmin-0p1__lex-from-prev__ls-0p01,stages_bg_stages_morphtok_min5_BGMTMMM1_BGMTMMM2_BGMTMMM3_BGMTMMM4_BGMTMMM5__ps-0p005__bias-0p1__cb-0p1__nbm-lhs-parsed__nbe-0p001__nbmin-0p1__lex-from-prev__ls-0p01__05_BGMTMMM5
merged_min5,BGMTMMM,5,0.005,0.01,0.005,0.635576,0.251711,-7.634797,stages_bg_stages_morphtok_min5_BGMTMMM1_BGMTMMM2_BGMTMMM3_BGMTMMM4_BGMTMMM5__ps-0p005__bias-0p1__cb-0p1__nbm-lhs-parsed__nbe-0p005__nbmin-0p1__lex-from-prev__ls-0p01,stages_bg_stages_morphtok_min5_BGMTMMM1_BGMTMMM2_BGMTMMM3_BGMTMMM4_BGMTMMM5__ps-0p005__bias-0p1__cb-0p1__nbm-lhs-parsed__nbe-0p005__nbmin-0p1__lex-from-prev__ls-0p01__05_BGMTMMM5
merged_min5,BGMTMMM,5,0.005,0.01,0.01,0.635132,0.251275,-7.634741,stages_bg_stages_morphtok_min5_BGMTMMM1_BGMTMMM2_BGMTMMM3_BGMTMMM4_BGMTMMM5__ps-0p005__bias-0p1__cb-0p1__nbm-lhs-parsed__nbe-0p01__nbmin-0p1__lex-from-prev__ls-0p01,stages_bg_stages_morphtok_min5_BGMTMMM1_BGMTMMM2_BGMTMMM3_BGMTMMM4_BGMTMMM5__ps-0p005__bias-0p1__cb-0p1__nbm-lhs-parsed__nbe-0p01__nbmin-0p1__lex-from-prev__ls-0p01__05_BGMTMMM5
merged_min5,BGMTMMM,5,0.01,0.001,0.001,0.636384,0.254661,-7.628403,stages_bg_stages_morphtok_min5_BGMTMMM1_BGMTMMM2_BGMTMMM3_BGMTMMM4_BGMTMMM5__ps-0p01__bias-0p1__cb-0p1__nbm-lhs-parsed__nbe-0p001__nbmin-0p1__lex-from-prev__ls-0p001,stages_bg_stages_morphtok_min5_BGMTMMM1_BGMTMMM2_BGMTMMM3_BGMTMMM4_BGMTMMM5__ps-0p01__bias-0p1__cb-0p1__nbm-lhs-parsed__nbe-0p001__nbmin-0p1__lex-from-prev__ls-0p001__05_BGMTMMM5
merged_min5,BGMTMMM,5,0.01,0.01,0.001,0.636243,0.254592,-7.633050,stages_bg_stages_morphtok_min5_BGMTMMM1_BGMTMMM2_BGMTMMM3_BGMTMMM4_BGMTMMM5__ps-0p01__bias-0p1__cb-0p1__nbm-lhs-parsed__nbe-0p001__nbmin-0p1__lex-from-prev__ls-0p01,stages_bg_stages_morphtok_min5_BGMTMMM1_BGMTMMM2_BGMTMMM3_BGMTMMM4_BGMTMMM5__ps-0p01__bias-0p1__cb-0p1__nbm-lhs-parsed__nbe-0p001__nbmin-0p1__lex-from-prev__ls-0p01__05_BGMTMMM5
merged_min5,BGMTMMM,5,0.01,0.1,0.001,0.635208,0.255981,-7.622567,stages_bg_stages_morphtok_min5_BGMTMMM1_BGMTMMM2_BGMTMMM3_BGMTMMM4_BGMTMMM5__ps-0p01__bias-0p1__cb-0p1__nbm-lhs-parsed__nbe-0p001__nbmin-0p1__lex-from-prev__ls-0p1,stages_bg_stages_morphtok_min5_BGMTMMM1_BGMTMMM2_BGMTMMM3_BGMTMMM4_BGMTMMM5__ps-0p01__bias-0p1__cb-0p1__nbm-lhs-parsed__nbe-0p001__nbmin-0p1__lex-from-prev__ls-0p1__05_BGMTMMM5
merged_min5,BGMTMMM,5,0.01,0.001,0.005,0.636676,0.253973,-7.628338,stages_bg_stages_morphtok_min5_BGMTMMM1_BGMTMMM2_BGMTMMM3_BGMTMMM4_BGMTMMM5__ps-0p01__bias-0p1__cb-0p1__nbm-lhs-parsed__nbe-0p005__nbmin-0p1__lex-from-prev__ls-0p001,stages_bg_stages_morphtok_min5_BGMTMMM1_BGMTMMM2_BGMTMMM3_BGMTMMM4_BGMTMMM5__ps-0p01__bias-0p1__cb-0p1__nbm-lhs-parsed__nbe-0p005__nbmin-0p1__lex-from-prev__ls-0p001__05_BGMTMMM5
merged_min5,BGMTMMM,5,0.01,0.01,0.005,0.636243,0.253887,-7.632994,stages_bg_stages_morphtok_min5_BGMTMMM1_BGMTMMM2_BGMTMMM3_BGMTMMM4_BGMTMMM5__ps-0p01__bias-0p1__cb-0p1__nbm-lhs-parsed__nbe-0p005__nbmin-0p1__lex-from-prev__ls-0p01,stages_bg_stages_morphtok_min5_BGMTMMM1_BGMTMMM2_BGMTMMM3_BGMTMMM4_BGMTMMM5__ps-0p01__bias-0p1__cb-0p1__nbm-lhs-parsed__nbe-0p005__nbmin-0p1__lex-from-prev__ls-0p01__05_BGMTMMM5
merged_min5,BGMTMMM,5,0.01,0.1,0.005,0.635429,0.254775,-7.622509,stages_bg_stages_morphtok_min5_BGMTMMM1_BGMTMMM2_BGMTMMM3_BGMTMMM4_BGMTMMM5__ps-0p01__bias-0p1__cb-0p1__nbm-lhs-parsed__nbe-0p005__nbmin-0p1__lex-from-prev__ls-0p1,stages_bg_stages_morphtok_min5_BGMTMMM1_BGMTMMM2_BGMTMMM3_BGMTMMM4_BGMTMMM5__ps-0p01__bias-0p1__cb-0p1__nbm-lhs-parsed__nbe-0p005__nbmin-0p1__lex-from-prev__ls-0p1__05_BGMTMMM5
merged_min5,BGMTMMM,5,0.01,0.001,0.01,0.636827,0.253063,-7.628208,stages_bg_stages_morphtok_min5_BGMTMMM1_BGMTMMM2_BGMTMMM3_BGMTMMM4_BGMTMMM5__ps-0p01__bias-0p1__cb-0p1__nbm-lhs-parsed__nbe-0p01__nbmin-0p1__lex-from-prev__ls-0p001,stages_bg_stages_morphtok_min5_BGMTMMM1_BGMTMMM2_BGMTMMM3_BGMTMMM4_BGMTMMM5__ps-0p01__bias-0p1__cb-0p1__nbm-lhs-parsed__nbe-0p01__nbmin-0p1__lex-from-prev__ls-0p001__05_BGMTMMM5
merged_min5,BGMTMMM,5,0.01,0.01,0.01,0.636615,0.252969,-7.632864,stages_bg_stages_morphtok_min5_BGMTMMM1_BGMTMMM2_BGMTMMM3_BGMTMMM4_BGMTMMM5__ps-0p01__bias-0p1__cb-0p1__nbm-lhs-parsed__nbe-0p01__nbmin-0p1__lex-from-prev__ls-0p01,stages_bg_stages_morphtok_min5_BGMTMMM1_BGMTMMM2_BGMTMMM3_BGMTMMM4_BGMTMMM5__ps-0p01__bias-0p1__cb-0p1__nbm-lhs-parsed__nbe-0p01__nbmin-0p1__lex-from-prev__ls-0p01__05_BGMTMMM5
merged_min5,BGMTMMM,5,0.01,0.01,0.05,0.635276,0.249307,-7.631382,stages_bg_stages_morphtok_min5_BGMTMMM1_BGMTMMM2_BGMTMMM3_BGMTMMM4_BGMTMMM5__ps-0p01__bias-0p1__cb-0p1__nbm-lhs-parsed__nbe-0p05__nbmin-0p1__lex-from-prev__ls-0p01,stages_bg_stages_morphtok_min5_BGMTMMM1_BGMTMMM2_BGMTMMM3_BGMTMMM4_BGMTMMM5__ps-0p01__bias-0p1__cb-0p1__nbm-lhs-parsed__nbe-0p05__nbmin-0p1__lex-from-prev__ls-0p01__05_BGMTMMM5
merged_min5,BGMTMMM,5,0.05,0.001,0.001,0.637861,0.260527,-7.628215,stages_bg_stages_morphtok_min5_BGMTMMM1_BGMTMMM2_BGMTMMM3_BGMTMMM4_BGMTMMM5__ps-0p05__bias-0p1__cb-0p1__nbm-lhs-parsed__nbe-0p001__nbmin-0p1__lex-from-prev__ls-0p001,stages_bg_stages_morphtok_min5_BGMTMMM1_BGMTMMM2_BGMTMMM3_BGMTMMM4_BGMTMMM5__ps-0p05__bias-0p1__cb-0p1__nbm-lhs-parsed__nbe-0p001__nbmin-0p1__lex-from-prev__ls-0p001__05_BGMTMMM5
merged_min5,BGMTMMM,5,0.05,0.01,0.001,0.636876,0.260449,-7.634319,stages_bg_stages_morphtok_min5_BGMTMMM1_BGMTMMM2_BGMTMMM3_BGMTMMM4_BGMTMMM5__ps-0p05__bias-0p1__cb-0p1__nbm-lhs-parsed__nbe-0p001__nbmin-0p1__lex-from-prev__ls-0p01,stages_bg_stages_morphtok_min5_BGMTMMM1_BGMTMMM2_BGMTMMM3_BGMTMMM4_BGMTMMM5__ps-0p05__bias-0p1__cb-0p1__nbm-lhs-parsed__nbe-0p001__nbmin-0p1__lex-from-prev__ls-0p01__05_BGMTMMM5
merged_min5,BGMTMMM,5,0.05,0.001,0.005,0.637268,0.256007,-7.627918,stages_bg_stages_morphtok_min5_BGMTMMM1_BGMTMMM2_BGMTMMM3_BGMTMMM4_BGMTMMM5__ps-0p05__bias-0p1__cb-0p1__nbm-lhs-parsed__nbe-0p005__nbmin-0p1__lex-from-prev__ls-0p001,stages_bg_stages_morphtok_min5_BGMTMMM1_BGMTMMM2_BGMTMMM3_BGMTMMM4_BGMTMMM5__ps-0p05__bias-0p1__cb-0p1__nbm-lhs-parsed__nbe-0p005__nbmin-0p1__lex-from-prev__ls-0p001__05_BGMTMMM5
merged_min5,BGMTMMM,5,0.05,0.01,0.005,0.636645,0.255897,-7.634046,stages_bg_stages_morphtok_min5_BGMTMMM1_BGMTMMM2_BGMTMMM3_BGMTMMM4_BGMTMMM5__ps-0p05__bias-0p1__cb-0p1__nbm-lhs-parsed__nbe-0p005__nbmin-0p1__lex-from-prev__ls-0p01,stages_bg_stages_morphtok_min5_BGMTMMM1_BGMTMMM2_BGMTMMM3_BGMTMMM4_BGMTMMM5__ps-0p05__bias-0p1__cb-0p1__nbm-lhs-parsed__nbe-0p005__nbmin-0p1__lex-from-prev__ls-0p01__05_BGMTMMM5
merged_min5,BGMTMMM,5,0.05,0.001,0.01,0.637338,0.252950,-7.626083,stages_bg_stages_morphtok_min5_BGMTMMM1_BGMTMMM2_BGMTMMM3_BGMTMMM4_BGMTMMM5__ps-0p05__bias-0p1__cb-0p1__nbm-lhs-parsed__nbe-0p01__nbmin-0p1__lex-from-prev__ls-0p001,stages_bg_stages_morphtok_min5_BGMTMMM1_BGMTMMM2_BGMTMMM3_BGMTMMM4_BGMTMMM5__ps-0p05__bias-0p1__cb-0p1__nbm-lhs-parsed__nbe-0p01__nbmin-0p1__lex-from-prev__ls-0p001__05_BGMTMMM5
merged_min5,BGMTMMM,5,0.05,0.01,0.01,0.637088,0.252847,-7.632109,stages_bg_stages_morphtok_min5_BGMTMMM1_BGMTMMM2_BGMTMMM3_BGMTMMM4_BGMTMMM5__ps-0p05__bias-0p1__cb-0p1__nbm-lhs-parsed__nbe-0p01__nbmin-0p1__lex-from-prev__ls-0p01,stages_bg_stages_morphtok_min5_BGMTMMM1_BGMTMMM2_BGMTMMM3_BGMTMMM4_BGMTMMM5__ps-0p05__bias-0p1__cb-0p1__nbm-lhs-parsed__nbe-0p01__nbmin-0p1__lex-from-prev__ls-0p01__05_BGMTMMM5
merged_min5,BGMTMMM,5,0.05,0.001,0.05,0.637098,0.245486,-7.618393,stages_bg_stages_morphtok_min5_BGMTMMM1_BGMTMMM2_BGMTMMM3_BGMTMMM4_BGMTMMM5__ps-0p05__bias-0p1__cb-0p1__nbm-lhs-parsed__nbe-0p05__nbmin-0p1__lex-from-prev__ls-0p001,stages_bg_stages_morphtok_min5_BGMTMMM1_BGMTMMM2_BGMTMMM3_BGMTMMM4_BGMTMMM5__ps-0p05__bias-0p1__cb-0p1__nbm-lhs-parsed__nbe-0p05__nbmin-0p1__lex-from-prev__ls-0p001__05_BGMTMMM5
merged_min5,BGMTMMM,5,0.05,0.01,0.05,0.637460,0.245383,-7.624348,stages_bg_stages_morphtok_min5_BGMTMMM1_BGMTMMM2_BGMTMMM3_BGMTMMM4_BGMTMMM5__ps-0p05__bias-0p1__cb-0p1__nbm-lhs-parsed__nbe-0p05__nbmin-0p1__lex-from-prev__ls-0p01,stages_bg_stages_morphtok_min5_BGMTMMM1_BGMTMMM2_BGMTMMM3_BGMTMMM4_BGMTMMM5__ps-0p05__bias-0p1__cb-0p1__nbm-lhs-parsed__nbe-0p05__nbmin-0p1__lex-from-prev__ls-0p01__05_BGMTMMM5
mv,BGMTG,1,0.001,0.1,0.001,0.551550,0.579985,-8.154519,stages_bg_stages_morphtok_mv_BGMTG1_BGMTG2_BGMTG3_BGMTG4_BGMTG5__ps-0p001__bias-0p1__cb-0p1__nbm-lhs-parsed__nbe-0p001__nbmin-0p1__lex-from-prev__ls-0p1,stages_bg_stages_morphtok_mv_BGMTG1_BGMTG2_BGMTG3_BGMTG4_BGMTG5__ps-0p001__bias-0p1__cb-0p1__nbm-lhs-parsed__nbe-0p001__nbmin-0p1__lex-from-prev__ls-0p1__01_BGMTG1
mv,BGMTG,1,0.001,0.1,0.05,0.551550,0.579985,-8.154519,stages_bg_stages_morphtok_mv_BGMTG1_BGMTG2_BGMTG3_BGMTG4_BGMTG5__ps-0p001__bias-0p1__cb-0p1__nbm-lhs-parsed__nbe-0p05__nbmin-0p1__lex-from-prev__ls-0p1,stages_bg_stages_morphtok_mv_BGMTG1_BGMTG2_BGMTG3_BGMTG4_BGMTG5__ps-0p001__bias-0p1__cb-0p1__nbm-lhs-parsed__nbe-0p05__nbmin-0p1__lex-from-prev__ls-0p1__01_BGMTG1
mv,BGMTG,1,0.005,0.1,0.001,0.551550,0.579985,-8.154519,stages_bg_stages_morphtok_mv_BGMTG1_BGMTG2_BGMTG3_BGMTG4_BGMTG5__ps-0p005__bias-0p1__cb-0p1__nbm-lhs-parsed__nbe-0p001__nbmin-0p1__lex-from-prev__ls-0p1,stages_bg_stages_morphtok_mv_BGMTG1_BGMTG2_BGMTG3_BGMTG4_BGMTG5__ps-0p005__bias-0p1__cb-0p1__nbm-lhs-parsed__nbe-0p001__nbmin-0p1__lex-from-prev__ls-0p1__01_BGMTG1
mv,BGMTG,1,0.005,0.1,0.005,0.551550,0.579985,-8.154519,stages_bg_stages_morphtok_mv_BGMTG1_BGMTG2_BGMTG3_BGMTG4_BGMTG5__ps-0p005__bias-0p1__cb-0p1__nbm-lhs-parsed__nbe-0p005__nbmin-0p1__lex-from-prev__ls-0p1,stages_bg_stages_morphtok_mv_BGMTG1_BGMTG2_BGMTG3_BGMTG4_BGMTG5__ps-0p005__bias-0p1__cb-0p1__nbm-lhs-parsed__nbe-0p005__nbmin-0p1__lex-from-prev__ls-0p1__01_BGMTG1
mv,BGMTG,1,0.005,0.1,0.01,0.551550,0.579985,-8.154519,stages_bg_stages_morphtok_mv_BGMTG1_BGMTG2_BGMTG3_BGMTG4_BGMTG5__ps-0p005__bias-0p1__cb-0p1__nbm-lhs-parsed__nbe-0p01__nbmin-0p1__lex-from-prev__ls-0p1,stages_bg_stages_morphtok_mv_BGMTG1_BGMTG2_BGMTG3_BGMTG4_BGMTG5__ps-0p005__bias-0p1__cb-0p1__nbm-lhs-parsed__nbe-0p01__nbmin-0p1__lex-from-prev__ls-0p1__01_BGMTG1
mv,BGMTG,1,0.005,0.1,0.05,0.551550,0.579985,-8.154519,stages_bg_stages_morphtok_mv_BGMTG1_BGMTG2_BGMTG3_BGMTG4_BGMTG5__ps-0p005__bias-0p1__cb-0p1__nbm-lhs-parsed__nbe-0p05__nbmin-0p1__lex-from-prev__ls-0p1,stages_bg_stages_morphtok_mv_BGMTG1_BGMTG2_BGMTG3_BGMTG4_BGMTG5__ps-0p005__bias-0p1__cb-0p1__nbm-lhs-parsed__nbe-0p05__nbmin-0p1__lex-from-prev__ls-0p1__01_BGMTG1
mv,BGMTG,1,0.01,0.1,0.001,0.551550,0.579985,-8.154519,stages_bg_stages_morphtok_mv_BGMTG1_BGMTG2_BGMTG3_BGMTG4_BGMTG5__ps-0p01__bias-0p1__cb-0p1__nbm-lhs-parsed__nbe-0p001__nbmin-0p1__lex-from-prev__ls-0p1,stages_bg_stages_morphtok_mv_BGMTG1_BGMTG2_BGMTG3_BGMTG4_BGMTG5__ps-0p01__bias-0p1__cb-0p1__nbm-lhs-parsed__nbe-0p001__nbmin-0p1__lex-from-prev__ls-0p1__01_BGMTG1
mv,BGMTG,1,0.01,0.1,0.005,0.551550,0.579985,-8.154519,stages_bg_stages_morphtok_mv_BGMTG1_BGMTG2_BGMTG3_BGMTG4_BGMTG5__ps-0p01__bias-0p1__cb-0p1__nbm-lhs-parsed__nbe-0p005__nbmin-0p1__lex-from-prev__ls-0p1,stages_bg_stages_morphtok_mv_BGMTG1_BGMTG2_BGMTG3_BGMTG4_BGMTG5__ps-0p01__bias-0p1__cb-0p1__nbm-lhs-parsed__nbe-0p005__nbmin-0p1__lex-from-prev__ls-0p1__01_BGMTG1
mv,BGMTG,1,0.01,0.1,0.01,0.551550,0.579985,-8.154519,stages_bg_stages_morphtok_mv_BGMTG1_BGMTG2_BGMTG3_BGMTG4_BGMTG5__ps-0p01__bias-0p1__cb-0p1__nbm-lhs-parsed__nbe-0p01__nbmin-0p1__lex-from-prev__ls-0p1,stages_bg_stages_morphtok_mv_BGMTG1_BGMTG2_BGMTG3_BGMTG4_BGMTG5__ps-0p01__bias-0p1__cb-0p1__nbm-lhs-parsed__nbe-0p01__nbmin-0p1__lex-from-prev__ls-0p1__01_BGMTG1
mv,BGMTG,1,0.01,0.1,0.05,0.551550,0.579985,-8.154519,stages_bg_stages_morphtok_mv_BGMTG1_BGMTG2_BGMTG3_BGMTG4_BGMTG5__ps-0p01__bias-0p1__cb-0p1__nbm-lhs-parsed__nbe-0p05__nbmin-0p1__lex-from-prev__ls-0p1,stages_bg_stages_morphtok_mv_BGMTG1_BGMTG2_BGMTG3_BGMTG4_BGMTG5__ps-0p01__bias-0p1__cb-0p1__nbm-lhs-parsed__nbe-0p05__nbmin-0p1__lex-from-prev__ls-0p1__01_BGMTG1
mv,BGMTG,1,0.05,0.1,0.001,0.551550,0.579985,-8.154519,stages_bg_stages_morphtok_mv_BGMTG1_BGMTG2_BGMTG3_BGMTG4_BGMTG5__ps-0p05__bias-0p1__cb-0p1__nbm-lhs-parsed__nbe-0p001__nbmin-0p1__lex-from-prev__ls-0p1,stages_bg_stages_morphtok_mv_BGMTG1_BGMTG2_BGMTG3_BGMTG4_BGMTG5__ps-0p05__bias-0p1__cb-0p1__nbm-lhs-parsed__nbe-0p001__nbmin-0p1__lex-from-prev__ls-0p1__01_BGMTG1
mv,BGMTG,1,0.05,0.1,0.005,0.551550,0.579985,-8.154519,stages_bg_stages_morphtok_mv_BGMTG1_BGMTG2_BGMTG3_BGMTG4_BGMTG5__ps-0p05__bias-0p1__cb-0p1__nbm-lhs-parsed__nbe-0p005__nbmin-0p1__lex-from-prev__ls-0p1,stages_bg_stages_morphtok_mv_BGMTG1_BGMTG2_BGMTG3_BGMTG4_BGMTG5__ps-0p05__bias-0p1__cb-0p1__nbm-lhs-parsed__nbe-0p005__nbmin-0p1__lex-from-prev__ls-0p1__01_BGMTG1
mv,BGMTG,1,0.05,0.1,0.01,0.551550,0.579985,-8.154519,stages_bg_stages_morphtok_mv_BGMTG1_BGMTG2_BGMTG3_BGMTG4_BGMTG5__ps-0p05__bias-0p1__cb-0p1__nbm-lhs-parsed__nbe-0p01__nbmin-0p1__lex-from-prev__ls-0p1,stages_bg_stages_morphtok_mv_BGMTG1_BGMTG2_BGMTG3_BGMTG4_BGMTG5__ps-0p05__bias-0p1__cb-0p1__nbm-lhs-parsed__nbe-0p01__nbmin-0p1__lex-from-prev__ls-0p1__01_BGMTG1
mv,BGMTG,1,0.05,0.01,0.05,0.551550,0.579985,-8.154519,stages_bg_stages_morphtok_mv_BGMTG1_BGMTG2_BGMTG3_BGMTG4_BGMTG5__ps-0p05__bias-0p1__cb-0p1__nbm-lhs-parsed__nbe-0p05__nbmin-0p1__lex-from-prev__ls-0p01,stages_bg_stages_morphtok_mv_BGMTG1_BGMTG2_BGMTG3_BGMTG4_BGMTG5__ps-0p05__bias-0p1__cb-0p1__nbm-lhs-parsed__nbe-0p05__nbmin-0p1__lex-from-prev__ls-0p01__01_BGMTG1
mv,BGMTG,1,0.05,0.1,0.05,0.551550,0.579985,-8.154519,stages_bg_stages_morphtok_mv_BGMTG1_BGMTG2_BGMTG3_BGMTG4_BGMTG5__ps-0p05__bias-0p1__cb-0p1__nbm-lhs-parsed__nbe-0p05__nbmin-0p1__lex-from-prev__ls-0p1,stages_bg_stages_morphtok_mv_BGMTG1_BGMTG2_BGMTG3_BGMTG4_BGMTG5__ps-0p05__bias-0p1__cb-0p1__nbm-lhs-parsed__nbe-0p05__nbmin-0p1__lex-from-prev__ls-0p1__01_BGMTG1
mv,BGMTG,1,0.1,0.1,0.001,0.551550,0.579985,-8.154519,stages_bg_stages_morphtok_mv_BGMTG1_BGMTG2_BGMTG3_BGMTG4_BGMTG5__ps-0p1__bias-0p1__cb-0p1__nbm-lhs-parsed__nbe-0p001__nbmin-0p1__lex-from-prev__ls-0p1,stages_bg_stages_morphtok_mv_BGMTG1_BGMTG2_BGMTG3_BGMTG4_BGMTG5__ps-0p1__bias-0p1__cb-0p1__nbm-lhs-parsed__nbe-0p001__nbmin-0p1__lex-from-prev__ls-0p1__01_BGMTG1
mv,BGMTG,1,0.1,0.1,0.005,0.551550,0.579985,-8.154519,stages_bg_stages_morphtok_mv_BGMTG1_BGMTG2_BGMTG3_BGMTG4_BGMTG5__ps-0p1__bias-0p1__cb-0p1__nbm-lhs-parsed__nbe-0p005__nbmin-0p1__lex-from-prev__ls-0p1,stages_bg_stages_morphtok_mv_BGMTG1_BGMTG2_BGMTG3_BGMTG4_BGMTG5__ps-0p1__bias-0p1__cb-0p1__nbm-lhs-parsed__nbe-0p005__nbmin-0p1__lex-from-prev__ls-0p1__01_BGMTG1
mv,BGMTG,1,0.1,0.1,0.05,0.551550,0.579985,-8.154519,stages_bg_stages_morphtok_mv_BGMTG1_BGMTG2_BGMTG3_BGMTG4_BGMTG5__ps-0p1__bias-0p1__cb-0p1__nbm-lhs-parsed__nbe-0p05__nbmin-0p1__lex-from-prev__ls-0p1,stages_bg_stages_morphtok_mv_BGMTG1_BGMTG2_BGMTG3_BGMTG4_BGMTG5__ps-0p1__bias-0p1__cb-0p1__nbm-lhs-parsed__nbe-0p05__nbmin-0p1__lex-from-prev__ls-0p1__01_BGMTG1
mv,BGMTG,1,0.2,0.1,0.001,0.551550,0.579985,-8.154519,stages_bg_stages_morphtok_mv_BGMTG1_BGMTG2_BGMTG3_BGMTG4_BGMTG5__ps-0p2__bias-0p1__cb-0p1__nbm-lhs-parsed__nbe-0p001__nbmin-0p1__lex-from-prev__ls-0p1,stages_bg_stages_morphtok_mv_BGMTG1_BGMTG2_BGMTG3_BGMTG4_BGMTG5__ps-0p2__bias-0p1__cb-0p1__nbm-lhs-parsed__nbe-0p001__nbmin-0p1__lex-from-prev__ls-0p1__01_BGMTG1
mv,BGMTG,1,0.2,0.1,0.01,0.551550,0.579985,-8.154519,stages_bg_stages_morphtok_mv_BGMTG1_BGMTG2_BGMTG3_BGMTG4_BGMTG5__ps-0p2__bias-0p1__cb-0p1__nbm-lhs-parsed__nbe-0p01__nbmin-0p1__lex-from-prev__ls-0p1,stages_bg_stages_morphtok_mv_BGMTG1_BGMTG2_BGMTG3_BGMTG4_BGMTG5__ps-0p2__bias-0p1__cb-0p1__nbm-lhs-parsed__nbe-0p01__nbmin-0p1__lex-from-prev__ls-0p1__01_BGMTG1
mv,BGMTG,2,0.001,0.1,0.001,0.630936,0.353527,-7.566828,stages_bg_stages_morphtok_mv_BGMTG1_BGMTG2_BGMTG3_BGMTG4_BGMTG5__ps-0p001__bias-0p1__cb-0p1__nbm-lhs-parsed__nbe-0p001__nbmin-0p1__lex-from-prev__ls-0p1,stages_bg_stages_morphtok_mv_BGMTG1_BGMTG2_BGMTG3_BGMTG4_BGMTG5__ps-0p001__bias-0p1__cb-0p1__nbm-lhs-parsed__nbe-0p001__nbmin-0p1__lex-from-prev__ls-0p1__02_BGMTG2
mv,BGMTG,2,0.001,0.1,0.05,0.635007,0.352904,-7.566829,stages_bg_stages_morphtok_mv_BGMTG1_BGMTG2_BGMTG3_BGMTG4_BGMTG5__ps-0p001__bias-0p1__cb-0p1__nbm-lhs-parsed__nbe-0p05__nbmin-0p1__lex-from-prev__ls-0p1,stages_bg_stages_morphtok_mv_BGMTG1_BGMTG2_BGMTG3_BGMTG4_BGMTG5__ps-0p001__bias-0p1__cb-0p1__nbm-lhs-parsed__nbe-0p05__nbmin-0p1__lex-from-prev__ls-0p1__02_BGMTG2
mv,BGMTG,2,0.005,0.1,0.001,0.634668,0.353381,-7.566641,stages_bg_stages_morphtok_mv_BGMTG1_BGMTG2_BGMTG3_BGMTG4_BGMTG5__ps-0p005__bias-0p1__cb-0p1__nbm-lhs-parsed__nbe-0p001__nbmin-0p1__lex-from-prev__ls-0p1,stages_bg_stages_morphtok_mv_BGMTG1_BGMTG2_BGMTG3_BGMTG4_BGMTG5__ps-0p005__bias-0p1__cb-0p1__nbm-lhs-parsed__nbe-0p001__nbmin-0p1__lex-from-prev__ls-0p1__02_BGMTG2
mv,BGMTG,2,0.005,0.1,0.005,0.629579,0.353189,-7.566642,stages_bg_stages_morphtok_mv_BGMTG1_BGMTG2_BGMTG3_BGMTG4_BGMTG5__ps-0p005__bias-0p1__cb-0p1__nbm-lhs-parsed__nbe-0p005__nbmin-0p1__lex-from-prev__ls-0p1,stages_bg_stages_morphtok_mv_BGMTG1_BGMTG2_BGMTG3_BGMTG4_BGMTG5__ps-0p005__bias-0p1__cb-0p1__nbm-lhs-parsed__nbe-0p005__nbmin-0p1__lex-from-prev__ls-0p1__02_BGMTG2
mv,BGMTG,2,0.005,0.1,0.01,0.633989,0.352756,-7.566642,stages_bg_stages_morphtok_mv_BGMTG1_BGMTG2_BGMTG3_BGMTG4_BGMTG5__ps-0p005__bias-0p1__cb-0p1__nbm-lhs-parsed__nbe-0p01__nbmin-0p1__lex-from-prev__ls-0p1,stages_bg_stages_morphtok_mv_BGMTG1_BGMTG2_BGMTG3_BGMTG4_BGMTG5__ps-0p005__bias-0p1__cb-0p1__nbm-lhs-parsed__nbe-0p01__nbmin-0p1__lex-from-prev__ls-0p1__02_BGMTG2
mv,BGMTG,2,0.005,0.1,0.05,0.628901,0.350045,-7.566612,stages_bg_stages_morphtok_mv_BGMTG1_BGMTG2_BGMTG3_BGMTG4_BGMTG5__ps-0p005__bias-0p1__cb-0p1__nbm-lhs-parsed__nbe-0p05__nbmin-0p1__lex-from-prev__ls-0p1,stages_bg_stages_morphtok_mv_BGMTG1_BGMTG2_BGMTG3_BGMTG4_BGMTG5__ps-0p005__bias-0p1__cb-0p1__nbm-lhs-parsed__nbe-0p05__nbmin-0p1__lex-from-prev__ls-0p1__02_BGMTG2
mv,BGMTG,2,0.01,0.1,0.001,0.632972,0.353205,-7.566408,stages_bg_stages_morphtok_mv_BGMTG1_BGMTG2_BGMTG3_BGMTG4_BGMTG5__ps-0p01__bias-0p1__cb-0p1__nbm-lhs-parsed__nbe-0p001__nbmin-0p1__lex-from-prev__ls-0p1,stages_bg_stages_morphtok_mv_BGMTG1_BGMTG2_BGMTG3_BGMTG4_BGMTG5__ps-0p01__bias-0p1__cb-0p1__nbm-lhs-parsed__nbe-0p001__nbmin-0p1__lex-from-prev__ls-0p1__02_BGMTG2
mv,BGMTG,2,0.01,0.1,0.005,0.629240,0.352577,-7.566408,stages_bg_stages_morphtok_mv_BGMTG1_BGMTG2_BGMTG3_BGMTG4_BGMTG5__ps-0p01__bias-0p1__cb-0p1__nbm-lhs-parsed__nbe-0p005__nbmin-0p1__lex-from-prev__ls-0p1,stages_bg_stages_morphtok_mv_BGMTG1_BGMTG2_BGMTG3_BGMTG4_BGMTG5__ps-0p01__bias-0p1__cb-0p1__nbm-lhs-parsed__nbe-0p005__nbmin-0p1__lex-from-prev__ls-0p1__02_BGMTG2
mv,BGMTG,2,0.01,0.1,0.01,0.634668,0.351778,-7.566402,stages_bg_stages_morphtok_mv_BGMTG1_BGMTG2_BGMTG3_BGMTG4_BGMTG5__ps-0p01__bias-0p1__cb-0p1__nbm-lhs-parsed__nbe-0p01__nbmin-0p1__lex-from-prev__ls-0p1,stages_bg_stages_morphtok_mv_BGMTG1_BGMTG2_BGMTG3_BGMTG4_BGMTG5__ps-0p01__bias-0p1__cb-0p1__nbm-lhs-parsed__nbe-0p01__nbmin-0p1__lex-from-prev__ls-0p1__02_BGMTG2
mv,BGMTG,2,0.01,0.1,0.05,0.633989,0.347757,-7.566315,stages_bg_stages_morphtok_mv_BGMTG1_BGMTG2_BGMTG3_BGMTG4_BGMTG5__ps-0p01__bias-0p1__cb-0p1__nbm-lhs-parsed__nbe-0p05__nbmin-0p1__lex-from-prev__ls-0p1,stages_bg_stages_morphtok_mv_BGMTG1_BGMTG2_BGMTG3_BGMTG4_BGMTG5__ps-0p01__bias-0p1__cb-0p1__nbm-lhs-parsed__nbe-0p05__nbmin-0p1__lex-from-prev__ls-0p1__02_BGMTG2
mv,BGMTG,2,0.05,0.1,0.001,0.635330,0.351307,-7.564143,stages_bg_stages_morphtok_mv_BGMTG1_BGMTG2_BGMTG3_BGMTG4_BGMTG5__ps-0p05__bias-0p1__cb-0p1__nbm-lhs-parsed__nbe-0p001__nbmin-0p1__lex-from-prev__ls-0p1,stages_bg_stages_morphtok_mv_BGMTG1_BGMTG2_BGMTG3_BGMTG4_BGMTG5__ps-0p05__bias-0p1__cb-0p1__nbm-lhs-parsed__nbe-0p001__nbmin-0p1__lex-from-prev__ls-0p1__02_BGMTG2
mv,BGMTG,2,0.05,0.1,0.005,0.633973,0.348532,-7.564116,stages_bg_stages_morphtok_mv_BGMTG1_BGMTG2_BGMTG3_BGMTG4_BGMTG5__ps-0p05__bias-0p1__cb-0p1__nbm-lhs-parsed__nbe-0p005__nbmin-0p1__lex-from-prev__ls-0p1,stages_bg_stages_morphtok_mv_BGMTG1_BGMTG2_BGMTG3_BGMTG4_BGMTG5__ps-0p05__bias-0p1__cb-0p1__nbm-lhs-parsed__nbe-0p005__nbmin-0p1__lex-from-prev__ls-0p1__02_BGMTG2
mv,BGMTG,2,0.05,0.1,0.01,0.632383,0.346411,-7.564067,stages_bg_stages_morphtok_mv_BGMTG1_BGMTG2_BGMTG3_BGMTG4_BGMTG5__ps-0p05__bias-0p1__cb-0p1__nbm-lhs-parsed__nbe-0p01__nbmin-0p1__lex-from-prev__ls-0p1,stages_bg_stages_morphtok_mv_BGMTG1_BGMTG2_BGMTG3_BGMTG4_BGMTG5__ps-0p05__bias-0p1__cb-0p1__nbm-lhs-parsed__nbe-0p01__nbmin-0p1__lex-from-prev__ls-0p1__02_BGMTG2
mv,BGMTG,2,0.05,0.01,0.05,0.637042,0.335591,-7.580192,stages_bg_stages_morphtok_mv_BGMTG1_BGMTG2_BGMTG3_BGMTG4_BGMTG5__ps-0p05__bias-0p1__cb-0p1__nbm-lhs-parsed__nbe-0p05__nbmin-0p1__lex-from-prev__ls-0p01,stages_bg_stages_morphtok_mv_BGMTG1_BGMTG2_BGMTG3_BGMTG4_BGMTG5__ps-0p05__bias-0p1__cb-0p1__nbm-lhs-parsed__nbe-0p05__nbmin-0p1__lex-from-prev__ls-0p01__02_BGMTG2
mv,BGMTG,2,0.05,0.1,0.05,0.632490,0.340251,-7.563415,stages_bg_stages_morphtok_mv_BGMTG1_BGMTG2_BGMTG3_BGMTG4_BGMTG5__ps-0p05__bias-0p1__cb-0p1__nbm-lhs-parsed__nbe-0p05__nbmin-0p1__lex-from-prev__ls-0p1,stages_bg_stages_morphtok_mv_BGMTG1_BGMTG2_BGMTG3_BGMTG4_BGMTG5__ps-0p05__bias-0p1__cb-0p1__nbm-lhs-parsed__nbe-0p05__nbmin-0p1__lex-from-prev__ls-0p1__02_BGMTG2
mv,BGMTG,2,0.1,0.1,0.001,0.631597,0.349099,-7.561330,stages_bg_stages_morphtok_mv_BGMTG1_BGMTG2_BGMTG3_BGMTG4_BGMTG5__ps-0p1__bias-0p1__cb-0p1__nbm-lhs-parsed__nbe-0p001__nbmin-0p1__lex-from-prev__ls-0p1,stages_bg_stages_morphtok_mv_BGMTG1_BGMTG2_BGMTG3_BGMTG4_BGMTG5__ps-0p1__bias-0p1__cb-0p1__nbm-lhs-parsed__nbe-0p001__nbmin-0p1__lex-from-prev__ls-0p1__02_BGMTG2
mv,BGMTG,2,0.1,0.1,0.005,0.632385,0.344972,-7.561260,stages_bg_stages_morphtok_mv_BGMTG1_BGMTG2_BGMTG3_BGMTG4_BGMTG5__ps-0p1__bias-0p1__cb-0p1__nbm-lhs-parsed__nbe-0p005__nbmin-0p1__lex-from-prev__ls-0p1,stages_bg_stages_morphtok_mv_BGMTG1_BGMTG2_BGMTG3_BGMTG4_BGMTG5__ps-0p1__bias-0p1__cb-0p1__nbm-lhs-parsed__nbe-0p005__nbmin-0p1__lex-from-prev__ls-0p1__02_BGMTG2
mv,BGMTG,2,0.1,0.1,0.05,0.631471,0.335275,-7.560086,stages_bg_stages_morphtok_mv_BGMTG1_BGMTG2_BGMTG3_BGMTG4_BGMTG5__ps-0p1__bias-0p1__cb-0p1__nbm-lhs-parsed__nbe-0p05__nbmin-0p1__lex-from-prev__ls-0p1,stages_bg_stages_morphtok_mv_BGMTG1_BGMTG2_BGMTG3_BGMTG4_BGMTG5__ps-0p1__bias-0p1__cb-0p1__nbm-lhs-parsed__nbe-0p05__nbmin-0p1__lex-from-prev__ls-0p1__02_BGMTG2
mv,BGMTG,2,0.2,0.1,0.001,0.628552,0.345295,-7.556899,stages_bg_stages_morphtok_mv_BGMTG1_BGMTG2_BGMTG3_BGMTG4_BGMTG5__ps-0p2__bias-0p1__cb-0p1__nbm-lhs-parsed__nbe-0p001__nbmin-0p1__lex-from-prev__ls-0p1,stages_bg_stages_morphtok_mv_BGMTG1_BGMTG2_BGMTG3_BGMTG4_BGMTG5__ps-0p2__bias-0p1__cb-0p1__nbm-lhs-parsed__nbe-0p001__nbmin-0p1__lex-from-prev__ls-0p1__02_BGMTG2
mv,BGMTG,2,0.2,0.1,0.01,0.630039,0.337318,-7.556310,stages_bg_stages_morphtok_mv_BGMTG1_BGMTG2_BGMTG3_BGMTG4_BGMTG5__ps-0p2__bias-0p1__cb-0p1__nbm-lhs-parsed__nbe-0p01__nbmin-0p1__lex-from-prev__ls-0p1,stages_bg_stages_morphtok_mv_BGMTG1_BGMTG2_BGMTG3_BGMTG4_BGMTG5__ps-0p2__bias-0p1__cb-0p1__nbm-lhs-parsed__nbe-0p01__nbmin-0p1__lex-from-prev__ls-0p1__02_BGMTG2
mv,BGMTG,3,0.001,0.1,0.001,0.689557,0.343506,-7.563098,stages_bg_stages_morphtok_mv_BGMTG1_BGMTG2_BGMTG3_BGMTG4_BGMTG5__ps-0p001__bias-0p1__cb-0p1__nbm-lhs-parsed__nbe-0p001__nbmin-0p1__lex-from-prev__ls-0p1,stages_bg_stages_morphtok_mv_BGMTG1_BGMTG2_BGMTG3_BGMTG4_BGMTG5__ps-0p001__bias-0p1__cb-0p1__nbm-lhs-parsed__nbe-0p001__nbmin-0p1__lex-from-prev__ls-0p1__03_BGMTG3
mv,BGMTG,3,0.001,0.1,0.05,0.689557,0.343020,-7.563103,stages_bg_stages_morphtok_mv_BGMTG1_BGMTG2_BGMTG3_BGMTG4_BGMTG5__ps-0p001__bias-0p1__cb-0p1__nbm-lhs-parsed__nbe-0p05__nbmin-0p1__lex-from-prev__ls-0p1,stages_bg_stages_morphtok_mv_BGMTG1_BGMTG2_BGMTG3_BGMTG4_BGMTG5__ps-0p001__bias-0p1__cb-0p1__nbm-lhs-parsed__nbe-0p05__nbmin-0p1__lex-from-prev__ls-0p1__03_BGMTG3
mv,BGMTG,3,0.005,0.1,0.001,0.691236,0.343882,-7.562746,stages_bg_stages_morphtok_mv_BGMTG1_BGMTG2_BGMTG3_BGMTG4_BGMTG5__ps-0p005__bias-0p1__cb-0p1__nbm-lhs-parsed__nbe-0p001__nbmin-0p1__lex-from-prev__ls-0p1,stages_bg_stages_morphtok_mv_BGMTG1_BGMTG2_BGMTG3_BGMTG4_BGMTG5__ps-0p005__bias-0p1__cb-0p1__nbm-lhs-parsed__nbe-0p001__nbmin-0p1__lex-from-prev__ls-0p1__03_BGMTG3
mv,BGMTG,3,0.005,0.1,0.005,0.688823,0.343660,-7.562748,stages_bg_stages_morphtok_mv_BGMTG1_BGMTG2_BGMTG3_BGMTG4_BGMTG5__ps-0p005__bias-0p1__cb-0p1__nbm-lhs-parsed__nbe-0p005__nbmin-0p1__lex-from-prev__ls-0p1,stages_bg_stages_morphtok_mv_BGMTG1_BGMTG2_BGMTG3_BGMTG4_BGMTG5__ps-0p005__bias-0p1__cb-0p1__nbm-lhs-parsed__nbe-0p005__nbmin-0p1__lex-from-prev__ls-0p1__03_BGMTG3
mv,BGMTG,3,0.005,0.1,0.01,0.688604,0.343194,-7.562750,stages_bg_stages_morphtok_mv_BGMTG1_BGMTG2_BGMTG3_BGMTG4_BGMTG5__ps-0p005__bias-0p1__cb-0p1__nbm-lhs-parsed__nbe-0p01__nbmin-0p1__lex-from-prev__ls-0p1,stages_bg_stages_morphtok_mv_BGMTG1_BGMTG2_BGMTG3_BGMTG4_BGMTG5__ps-0p005__bias-0p1__cb-0p1__nbm-lhs-parsed__nbe-0p01__nbmin-0p1__lex-from-prev__ls-0p1__03_BGMTG3
mv,BGMTG,3,0.005,0.1,0.05,0.691017,0.340490,-7.562745,stages_bg_stages_morphtok_mv_BGMTG1_BGMTG2_BGMTG3_BGMTG4_BGMTG5__ps-0p005__bias-0p1__cb-0p1__nbm-lhs-parsed__nbe-0p05__nbmin-0p1__lex-from-prev__ls-0p1,stages_bg_stages_morphtok_mv_BGMTG1_BGMTG2_BGMTG3_BGMTG4_BGMTG5__ps-0p005__bias-0p1__cb-0p1__nbm-lhs-parsed__nbe-0p05__nbmin-0p1__lex-from-prev__ls-0p1__03_BGMTG3
mv,BGMTG,3,0.01,0.1,0.001,0.688906,0.342778,-7.562250,stages_bg_stages_morphtok_mv_BGMTG1_BGMTG2_BGMTG3_BGMTG4_BGMTG5__ps-0p01__bias-0p1__cb-0p1__nbm-lhs-parsed__nbe-0p001__nbmin-0p1__lex-from-prev__ls-0p1,stages_bg_stages_morphtok_mv_BGMTG1_BGMTG2_BGMTG3_BGMTG4_BGMTG5__ps-0p01__bias-0p1__cb-0p1__nbm-lhs-parsed__nbe-0p001__nbmin-0p1__lex-from-prev__ls-0p1__03_BGMTG3
mv,BGMTG,3,0.01,0.1,0.005,0.688028,0.342093,-7.562252,stages_bg_stages_morphtok_mv_BGMTG1_BGMTG2_BGMTG3_BGMTG4_BGMTG5__ps-0p01__bias-0p1__cb-0p1__nbm-lhs-parsed__nbe-0p005__nbmin-0p1__lex-from-prev__ls-0p1,stages_bg_stages_morphtok_mv_BGMTG1_BGMTG2_BGMTG3_BGMTG4_BGMTG5__ps-0p01__bias-0p1__cb-0p1__nbm-lhs-parsed__nbe-0p005__nbmin-0p1__lex-from-prev__ls-0p1__03_BGMTG3
mv,BGMTG,3,0.01,0.1,0.01,0.689784,0.341239,-7.562248,stages_bg_stages_morphtok_mv_BGMTG1_BGMTG2_BGMTG3_BGMTG4_BGMTG5__ps-0p01__bias-0p1__cb-0p1__nbm-lhs-parsed__nbe-0p01__nbmin-0p1__lex-from-prev__ls-0p1,stages_bg_stages_morphtok_mv_BGMTG1_BGMTG2_BGMTG3_BGMTG4_BGMTG5__ps-0p01__bias-0p1__cb-0p1__nbm-lhs-parsed__nbe-0p01__nbmin-0p1__lex-from-prev__ls-0p1__03_BGMTG3
mv,BGMTG,3,0.01,0.1,0.05,0.689572,0.337096,-7.562184,stages_bg_stages_morphtok_mv_BGMTG1_BGMTG2_BGMTG3_BGMTG4_BGMTG5__ps-0p01__bias-0p1__cb-0p1__nbm-lhs-parsed__nbe-0p05__nbmin-0p1__lex-from-prev__ls-0p1,stages_bg_stages_morphtok_mv_BGMTG1_BGMTG2_BGMTG3_BGMTG4_BGMTG5__ps-0p01__bias-0p1__cb-0p1__nbm-lhs-parsed__nbe-0p05__nbmin-0p1__lex-from-prev__ls-0p1__03_BGMTG3
mv,BGMTG,3,0.05,0.1,0.001,0.689852,0.337949,-7.558208,stages_bg_stages_morphtok_mv_BGMTG1_BGMTG2_BGMTG3_BGMTG4_BGMTG5__ps-0p05__bias-0p1__cb-0p1__nbm-lhs-parsed__nbe-0p001__nbmin-0p1__lex-from-prev__ls-0p1,stages_bg_stages_morphtok_mv_BGMTG1_BGMTG2_BGMTG3_BGMTG4_BGMTG5__ps-0p05__bias-0p1__cb-0p1__nbm-lhs-parsed__nbe-0p001__nbmin-0p1__lex-from-prev__ls-0p1__03_BGMTG3
mv,BGMTG,3,0.05,0.1,0.005,0.688611,0.334938,-7.558164,stages_bg_stages_morphtok_mv_BGMTG1_BGMTG2_BGMTG3_BGMTG4_BGMTG5__ps-0p05__bias-0p1__cb-0p1__nbm-lhs-parsed__nbe-0p005__nbmin-0p1__lex-from-prev__ls-0p1,stages_bg_stages_morphtok_mv_BGMTG1_BGMTG2_BGMTG3_BGMTG4_BGMTG5__ps-0p05__bias-0p1__cb-0p1__nbm-lhs-parsed__nbe-0p005__nbmin-0p1__lex-from-prev__ls-0p1__03_BGMTG3
mv,BGMTG,3,0.05,0.1,0.01,0.688172,0.332587,-7.558100,stages_bg_stages_morphtok_mv_BGMTG1_BGMTG2_BGMTG3_BGMTG4_BGMTG5__ps-0p05__bias-0p1__cb-0p1__nbm-lhs-parsed__nbe-0p01__nbmin-0p1__lex-from-prev__ls-0p1,stages_bg_stages_morphtok_mv_BGMTG1_BGMTG2_BGMTG3_BGMTG4_BGMTG5__ps-0p05__bias-0p1__cb-0p1__nbm-lhs-parsed__nbe-0p01__nbmin-0p1__lex-from-prev__ls-0p1__03_BGMTG3
mv,BGMTG,3,0.05,0.01,0.05,0.684998,0.320179,-7.564581,stages_bg_stages_morphtok_mv_BGMTG1_BGMTG2_BGMTG3_BGMTG4_BGMTG5__ps-0p05__bias-0p1__cb-0p1__nbm-lhs-parsed__nbe-0p05__nbmin-0p1__lex-from-prev__ls-0p01,stages_bg_stages_morphtok_mv_BGMTG1_BGMTG2_BGMTG3_BGMTG4_BGMTG5__ps-0p05__bias-0p1__cb-0p1__nbm-lhs-parsed__nbe-0p05__nbmin-0p1__lex-from-prev__ls-0p01__03_BGMTG3
mv,BGMTG,3,0.05,0.1,0.05,0.690745,0.325258,-7.557706,stages_bg_stages_morphtok_mv_BGMTG1_BGMTG2_BGMTG3_BGMTG4_BGMTG5__ps-0p05__bias-0p1__cb-0p1__nbm-lhs-parsed__nbe-0p05__nbmin-0p1__lex-from-prev__ls-0p1,stages_bg_stages_morphtok_mv_BGMTG1_BGMTG2_BGMTG3_BGMTG4_BGMTG5__ps-0p05__bias-0p1__cb-0p1__nbm-lhs-parsed__nbe-0p05__nbmin-0p1__lex-from-prev__ls-0p1__03_BGMTG3
mv,BGMTG,3,0.1,0.1,0.001,0.691509,0.333748,-7.553001,stages_bg_stages_morphtok_mv_BGMTG1_BGMTG2_BGMTG3_BGMTG4_BGMTG5__ps-0p1__bias-0p1__cb-0p1__nbm-lhs-parsed__nbe-0p001__nbmin-0p1__lex-from-prev__ls-0p1,stages_bg_stages_morphtok_mv_BGMTG1_BGMTG2_BGMTG3_BGMTG4_BGMTG5__ps-0p1__bias-0p1__cb-0p1__nbm-lhs-parsed__nbe-0p001__nbmin-0p1__lex-from-prev__ls-0p1__03_BGMTG3
mv,BGMTG,3,0.1,0.1,0.005,0.693637,0.329174,-7.552881,stages_bg_stages_morphtok_mv_BGMTG1_BGMTG2_BGMTG3_BGMTG4_BGMTG5__ps-0p1__bias-0p1__cb-0p1__nbm-lhs-parsed__nbe-0p005__nbmin-0p1__lex-from-prev__ls-0p1,stages_bg_stages_morphtok_mv_BGMTG1_BGMTG2_BGMTG3_BGMTG4_BGMTG5__ps-0p1__bias-0p1__cb-0p1__nbm-lhs-parsed__nbe-0p005__nbmin-0p1__lex-from-prev__ls-0p1__03_BGMTG3
mv,BGMTG,3,0.1,0.1,0.05,0.692965,0.317161,-7.552831,stages_bg_stages_morphtok_mv_BGMTG1_BGMTG2_BGMTG3_BGMTG4_BGMTG5__ps-0p1__bias-0p1__cb-0p1__nbm-lhs-parsed__nbe-0p05__nbmin-0p1__lex-from-prev__ls-0p1,stages_bg_stages_morphtok_mv_BGMTG1_BGMTG2_BGMTG3_BGMTG4_BGMTG5__ps-0p1__bias-0p1__cb-0p1__nbm-lhs-parsed__nbe-0p05__nbmin-0p1__lex-from-prev__ls-0p1__03_BGMTG3
mv,BGMTG,3,0.2,0.1,0.001,0.690985,0.326857,-7.543365,stages_bg_stages_morphtok_mv_BGMTG1_BGMTG2_BGMTG3_BGMTG4_BGMTG5__ps-0p2__bias-0p1__cb-0p1__nbm-lhs-parsed__nbe-0p001__nbmin-0p1__lex-from-prev__ls-0p1,stages_bg_stages_morphtok_mv_BGMTG1_BGMTG2_BGMTG3_BGMTG4_BGMTG5__ps-0p2__bias-0p1__cb-0p1__nbm-lhs-parsed__nbe-0p001__nbmin-0p1__lex-from-prev__ls-0p1__03_BGMTG3
mv,BGMTG,3,0.2,0.1,0.01,0.690463,0.317409,-7.543269,stages_bg_stages_morphtok_mv_BGMTG1_BGMTG2_BGMTG3_BGMTG4_BGMTG5__ps-0p2__bias-0p1__cb-0p1__nbm-lhs-parsed__nbe-0p01__nbmin-0p1__lex-from-prev__ls-0p1,stages_bg_stages_morphtok_mv_BGMTG1_BGMTG2_BGMTG3_BGMTG4_BGMTG5__ps-0p2__bias-0p1__cb-0p1__nbm-lhs-parsed__nbe-0p01__nbmin-0p1__lex-from-prev__ls-0p1__03_BGMTG3
mv,BGMTG,4,0.001,0.1,0.001,0.688455,0.303849,-7.666926,stages_bg_stages_morphtok_mv_BGMTG1_BGMTG2_BGMTG3_BGMTG4_BGMTG5__ps-0p001__bias-0p1__cb-0p1__nbm-lhs-parsed__nbe-0p001__nbmin-0p1__lex-from-prev__ls-0p1,stages_bg_stages_morphtok_mv_BGMTG1_BGMTG2_BGMTG3_BGMTG4_BGMTG5__ps-0p001__bias-0p1__cb-0p1__nbm-lhs-parsed__nbe-0p001__nbmin-0p1__lex-from-prev__ls-0p1__04_BGMTG4
mv,BGMTG,4,0.001,0.1,0.05,0.686696,0.302980,-7.666966,stages_bg_stages_morphtok_mv_BGMTG1_BGMTG2_BGMTG3_BGMTG4_BGMTG5__ps-0p001__bias-0p1__cb-0p1__nbm-lhs-parsed__nbe-0p05__nbmin-0p1__lex-from-prev__ls-0p1,stages_bg_stages_morphtok_mv_BGMTG1_BGMTG2_BGMTG3_BGMTG4_BGMTG5__ps-0p001__bias-0p1__cb-0p1__nbm-lhs-parsed__nbe-0p05__nbmin-0p1__lex-from-prev__ls-0p1__04_BGMTG4
mv,BGMTG,4,0.005,0.1,0.001,0.683838,0.306095,-7.664952,stages_bg_stages_morphtok_mv_BGMTG1_BGMTG2_BGMTG3_BGMTG4_BGMTG5__ps-0p005__bias-0p1__cb-0p1__nbm-lhs-parsed__nbe-0p001__nbmin-0p1__lex-from-prev__ls-0p1,stages_bg_stages_morphtok_mv_BGMTG1_BGMTG2_BGMTG3_BGMTG4_BGMTG5__ps-0p005__bias-0p1__cb-0p1__nbm-lhs-parsed__nbe-0p001__nbmin-0p1__lex-from-prev__ls-0p1__04_BGMTG4
mv,BGMTG,4,0.005,0.1,0.005,0.684261,0.305705,-7.664966,stages_bg_stages_morphtok_mv_BGMTG1_BGMTG2_BGMTG3_BGMTG4_BGMTG5__ps-0p005__bias-0p1__cb-0p1__nbm-lhs-parsed__nbe-0p005__nbmin-0p1__lex-from-prev__ls-0p1,stages_bg_stages_morphtok_mv_BGMTG1_BGMTG2_BGMTG3_BGMTG4_BGMTG5__ps-0p005__bias-0p1__cb-0p1__nbm-lhs-parsed__nbe-0p005__nbmin-0p1__lex-from-prev__ls-0p1__04_BGMTG4
mv,BGMTG,4,0.005,0.1,0.01,0.685316,0.305073,-7.664985,stages_bg_stages_morphtok_mv_BGMTG1_BGMTG2_BGMTG3_BGMTG4_BGMTG5__ps-0p005__bias-0p1__cb-0p1__nbm-lhs-parsed__nbe-0p01__nbmin-0p1__lex-from-prev__ls-0p1,stages_bg_stages_morphtok_mv_BGMTG1_BGMTG2_BGMTG3_BGMTG4_BGMTG5__ps-0p005__bias-0p1__cb-0p1__nbm-lhs-parsed__nbe-0p01__nbmin-0p1__lex-from-prev__ls-0p1__04_BGMTG4
mv,BGMTG,4,0.005,0.1,0.05,0.684399,0.301546,-7.665376,stages_bg_stages_morphtok_mv_BGMTG1_BGMTG2_BGMTG3_BGMTG4_BGMTG5__ps-0p005__bias-0p1__cb-0p1__nbm-lhs-parsed__nbe-0p05__nbmin-0p1__lex-from-prev__ls-0p1,stages_bg_stages_morphtok_mv_BGMTG1_BGMTG2_BGMTG3_BGMTG4_BGMTG5__ps-0p005__bias-0p1__cb-0p1__nbm-lhs-parsed__nbe-0p05__nbmin-0p1__lex-from-prev__ls-0p1__04_BGMTG4
mv,BGMTG,4,0.01,0.1,0.001,0.684677,0.307240,-7.662440,stages_bg_stages_morphtok_mv_BGMTG1_BGMTG2_BGMTG3_BGMTG4_BGMTG5__ps-0p01__bias-0p1__cb-0p1__nbm-lhs-parsed__nbe-0p001__nbmin-0p1__lex-from-prev__ls-0p1,stages_bg_stages_morphtok_mv_BGMTG1_BGMTG2_BGMTG3_BGMTG4_BGMTG5__ps-0p01__bias-0p1__cb-0p1__nbm-lhs-parsed__nbe-0p001__nbmin-0p1__lex-from-prev__ls-0p1__04_BGMTG4
mv,BGMTG,4,0.01,0.1,0.005,0.683694,0.306265,-7.662471,stages_bg_stages_morphtok_mv_BGMTG1_BGMTG2_BGMTG3_BGMTG4_BGMTG5__ps-0p01__bias-0p1__cb-0p1__nbm-lhs-parsed__nbe-0p005__nbmin-0p1__lex-from-prev__ls-0p1,stages_bg_stages_morphtok_mv_BGMTG1_BGMTG2_BGMTG3_BGMTG4_BGMTG5__ps-0p01__bias-0p1__cb-0p1__nbm-lhs-parsed__nbe-0p005__nbmin-0p1__lex-from-prev__ls-0p1__04_BGMTG4
mv,BGMTG,4,0.01,0.1,0.01,0.683344,0.305127,-7.662669,stages_bg_stages_morphtok_mv_BGMTG1_BGMTG2_BGMTG3_BGMTG4_BGMTG5__ps-0p01__bias-0p1__cb-0p1__nbm-lhs-parsed__nbe-0p01__nbmin-0p1__lex-from-prev__ls-0p1,stages_bg_stages_morphtok_mv_BGMTG1_BGMTG2_BGMTG3_BGMTG4_BGMTG5__ps-0p01__bias-0p1__cb-0p1__nbm-lhs-parsed__nbe-0p01__nbmin-0p1__lex-from-prev__ls-0p1__04_BGMTG4
mv,BGMTG,4,0.01,0.1,0.05,0.683405,0.299506,-7.663127,stages_bg_stages_morphtok_mv_BGMTG1_BGMTG2_BGMTG3_BGMTG4_BGMTG5__ps-0p01__bias-0p1__cb-0p1__nbm-lhs-parsed__nbe-0p05__nbmin-0p1__lex-from-prev__ls-0p1,stages_bg_stages_morphtok_mv_BGMTG1_BGMTG2_BGMTG3_BGMTG4_BGMTG5__ps-0p01__bias-0p1__cb-0p1__nbm-lhs-parsed__nbe-0p05__nbmin-0p1__lex-from-prev__ls-0p1__04_BGMTG4
mv,BGMTG,4,0.05,0.1,0.001,0.688376,0.314450,-7.649409,stages_bg_stages_morphtok_mv_BGMTG1_BGMTG2_BGMTG3_BGMTG4_BGMTG5__ps-0p05__bias-0p1__cb-0p1__nbm-lhs-parsed__nbe-0p001__nbmin-0p1__lex-from-prev__ls-0p1,stages_bg_stages_morphtok_mv_BGMTG1_BGMTG2_BGMTG3_BGMTG4_BGMTG5__ps-0p05__bias-0p1__cb-0p1__nbm-lhs-parsed__nbe-0p001__nbmin-0p1__lex-from-prev__ls-0p1__04_BGMTG4
mv,BGMTG,4,0.05,0.1,0.005,0.687810,0.310430,-7.649617,stages_bg_stages_morphtok_mv_BGMTG1_BGMTG2_BGMTG3_BGMTG4_BGMTG5__ps-0p05__bias-0p1__cb-0p1__nbm-lhs-parsed__nbe-0p005__nbmin-0p1__lex-from-prev__ls-0p1,stages_bg_stages_morphtok_mv_BGMTG1_BGMTG2_BGMTG3_BGMTG4_BGMTG5__ps-0p05__bias-0p1__cb-0p1__nbm-lhs-parsed__nbe-0p005__nbmin-0p1__lex-from-prev__ls-0p1__04_BGMTG4
mv,BGMTG,4,0.05,0.1,0.01,0.687111,0.307039,-7.649693,stages_bg_stages_morphtok_mv_BGMTG1_BGMTG2_BGMTG3_BGMTG4_BGMTG5__ps-0p05__bias-0p1__cb-0p1__nbm-lhs-parsed__nbe-0p01__nbmin-0p1__lex-from-prev__ls-0p1,stages_bg_stages_morphtok_mv_BGMTG1_BGMTG2_BGMTG3_BGMTG4_BGMTG5__ps-0p05__bias-0p1__cb-0p1__nbm-lhs-parsed__nbe-0p01__nbmin-0p1__lex-from-prev__ls-0p1__04_BGMTG4
mv,BGMTG,4,0.05,0.01,0.05,0.690401,0.282221,-7.658713,stages_bg_stages_morphtok_mv_BGMTG1_BGMTG2_BGMTG3_BGMTG4_BGMTG5__ps-0p05__bias-0p1__cb-0p1__nbm-lhs-parsed__nbe-0p05__nbmin-0p1__lex-from-prev__ls-0p01,stages_bg_stages_morphtok_mv_BGMTG1_BGMTG2_BGMTG3_BGMTG4_BGMTG5__ps-0p05__bias-0p1__cb-0p1__nbm-lhs-parsed__nbe-0p05__nbmin-0p1__lex-from-prev__ls-0p01__04_BGMTG4
mv,BGMTG,4,0.05,0.1,0.05,0.689277,0.294545,-7.650651,stages_bg_stages_morphtok_mv_BGMTG1_BGMTG2_BGMTG3_BGMTG4_BGMTG5__ps-0p05__bias-0p1__cb-0p1__nbm-lhs-parsed__nbe-0p05__nbmin-0p1__lex-from-prev__ls-0p1,stages_bg_stages_morphtok_mv_BGMTG1_BGMTG2_BGMTG3_BGMTG4_BGMTG5__ps-0p05__bias-0p1__cb-0p1__nbm-lhs-parsed__nbe-0p05__nbmin-0p1__lex-from-prev__ls-0p1__04_BGMTG4
mv,BGMTG,4,0.1,0.1,0.001,0.690649,0.313673,-7.640153,stages_bg_stages_morphtok_mv_BGMTG1_BGMTG2_BGMTG3_BGMTG4_BGMTG5__ps-0p1__bias-0p1__cb-0p1__nbm-lhs-parsed__nbe-0p001__nbmin-0p1__lex-from-prev__ls-0p1,stages_bg_stages_morphtok_mv_BGMTG1_BGMTG2_BGMTG3_BGMTG4_BGMTG5__ps-0p1__bias-0p1__cb-0p1__nbm-lhs-parsed__nbe-0p001__nbmin-0p1__lex-from-prev__ls-0p1__04_BGMTG4
mv,BGMTG,4,0.1,0.1,0.005,0.690366,0.307365,-7.640145,stages_bg_stages_morphtok_mv_BGMTG1_BGMTG2_BGMTG3_BGMTG4_BGMTG5__ps-0p1__bias-0p1__cb-0p1__nbm-lhs-parsed__nbe-0p005__nbmin-0p1__lex-from-prev__ls-0p1,stages_bg_stages_morphtok_mv_BGMTG1_BGMTG2_BGMTG3_BGMTG4_BGMTG5__ps-0p1__bias-0p1__cb-0p1__nbm-lhs-parsed__nbe-0p005__nbmin-0p1__lex-from-prev__ls-0p1__04_BGMTG4
mv,BGMTG,4,0.1,0.1,0.05,0.688545,0.287058,-7.642188,stages_bg_stages_morphtok_mv_BGMTG1_BGMTG2_BGMTG3_BGMTG4_BGMTG5__ps-0p1__bias-0p1__cb-0p1__nbm-lhs-parsed__nbe-0p05__nbmin-0p1__lex-from-prev__ls-0p1,stages_bg_stages_morphtok_mv_BGMTG1_BGMTG2_BGMTG3_BGMTG4_BGMTG5__ps-0p1__bias-0p1__cb-0p1__nbm-lhs-parsed__nbe-0p05__nbmin-0p1__lex-from-prev__ls-0p1__04_BGMTG4
mv,BGMTG,4,0.2,0.1,0.001,0.688587,0.311125,-7.631830,stages_bg_stages_morphtok_mv_BGMTG1_BGMTG2_BGMTG3_BGMTG4_BGMTG5__ps-0p2__bias-0p1__cb-0p1__nbm-lhs-parsed__nbe-0p001__nbmin-0p1__lex-from-prev__ls-0p1,stages_bg_stages_morphtok_mv_BGMTG1_BGMTG2_BGMTG3_BGMTG4_BGMTG5__ps-0p2__bias-0p1__cb-0p1__nbm-lhs-parsed__nbe-0p001__nbmin-0p1__lex-from-prev__ls-0p1__04_BGMTG4
mv,BGMTG,4,0.2,0.1,0.01,0.688158,0.295451,-7.632425,stages_bg_stages_morphtok_mv_BGMTG1_BGMTG2_BGMTG3_BGMTG4_BGMTG5__ps-0p2__bias-0p1__cb-0p1__nbm-lhs-parsed__nbe-0p01__nbmin-0p1__lex-from-prev__ls-0p1,stages_bg_stages_morphtok_mv_BGMTG1_BGMTG2_BGMTG3_BGMTG4_BGMTG5__ps-0p2__bias-0p1__cb-0p1__nbm-lhs-parsed__nbe-0p01__nbmin-0p1__lex-from-prev__ls-0p1__04_BGMTG4
mv,BGMTG,5,0.001,0.1,0.001,0.686483,0.300886,-7.636208,stages_bg_stages_morphtok_mv_BGMTG1_BGMTG2_BGMTG3_BGMTG4_BGMTG5__ps-0p001__bias-0p1__cb-0p1__nbm-lhs-parsed__nbe-0p001__nbmin-0p1__lex-from-prev__ls-0p1,stages_bg_stages_morphtok_mv_BGMTG1_BGMTG2_BGMTG3_BGMTG4_BGMTG5__ps-0p001__bias-0p1__cb-0p1__nbm-lhs-parsed__nbe-0p001__nbmin-0p1__lex-from-prev__ls-0p1__05_BGMTG5
mv,BGMTG,5,0.001,0.1,0.05,0.686197,0.300406,-7.636142,stages_bg_stages_morphtok_mv_BGMTG1_BGMTG2_BGMTG3_BGMTG4_BGMTG5__ps-0p001__bias-0p1__cb-0p1__nbm-lhs-parsed__nbe-0p05__nbmin-0p1__lex-from-prev__ls-0p1,stages_bg_stages_morphtok_mv_BGMTG1_BGMTG2_BGMTG3_BGMTG4_BGMTG5__ps-0p001__bias-0p1__cb-0p1__nbm-lhs-parsed__nbe-0p05__nbmin-0p1__lex-from-prev__ls-0p1__05_BGMTG5
mv,BGMTG,5,0.005,0.1,0.001,0.685303,0.302874,-7.635902,stages_bg_stages_morphtok_mv_BGMTG1_BGMTG2_BGMTG3_BGMTG4_BGMTG5__ps-0p005__bias-0p1__cb-0p1__nbm-lhs-parsed__nbe-0p001__nbmin-0p1__lex-from-prev__ls-0p1,stages_bg_stages_morphtok_mv_BGMTG1_BGMTG2_BGMTG3_BGMTG4_BGMTG5__ps-0p005__bias-0p1__cb-0p1__nbm-lhs-parsed__nbe-0p001__nbmin-0p1__lex-from-prev__ls-0p1__05_BGMTG5
mv,BGMTG,5,0.005,0.1,0.005,0.685512,0.302607,-7.635913,stages_bg_stages_morphtok_mv_BGMTG1_BGMTG2_BGMTG3_BGMTG4_BGMTG5__ps-0p005__bias-0p1__cb-0p1__nbm-lhs-parsed__nbe-0p005__nbmin-0p1__lex-from-prev__ls-0p1,stages_bg_stages_morphtok_mv_BGMTG1_BGMTG2_BGMTG3_BGMTG4_BGMTG5__ps-0p005__bias-0p1__cb-0p1__nbm-lhs-parsed__nbe-0p005__nbmin-0p1__lex-from-prev__ls-0p1__05_BGMTG5
mv,BGMTG,5,0.005,0.1,0.01,0.685929,0.302043,-7.635852,stages_bg_stages_morphtok_mv_BGMTG1_BGMTG2_BGMTG3_BGMTG4_BGMTG5__ps-0p005__bias-0p1__cb-0p1__nbm-lhs-parsed__nbe-0p01__nbmin-0p1__lex-from-prev__ls-0p1,stages_bg_stages_morphtok_mv_BGMTG1_BGMTG2_BGMTG3_BGMTG4_BGMTG5__ps-0p005__bias-0p1__cb-0p1__nbm-lhs-parsed__nbe-0p01__nbmin-0p1__lex-from-prev__ls-0p1__05_BGMTG5
mv,BGMTG,5,0.005,0.1,0.05,0.685583,0.298866,-7.635267,stages_bg_stages_morphtok_mv_BGMTG1_BGMTG2_BGMTG3_BGMTG4_BGMTG5__ps-0p005__bias-0p1__cb-0p1__nbm-lhs-parsed__nbe-0p05__nbmin-0p1__lex-from-prev__ls-0p1,stages_bg_stages_morphtok_mv_BGMTG1_BGMTG2_BGMTG3_BGMTG4_BGMTG5__ps-0p005__bias-0p1__cb-0p1__nbm-lhs-parsed__nbe-0p05__nbmin-0p1__lex-from-prev__ls-0p1__05_BGMTG5
mv,BGMTG,5,0.01,0.1,0.001,0.686477,0.302950,-7.634836,stages_bg_stages_morphtok_mv_BGMTG1_BGMTG2_BGMTG3_BGMTG4_BGMTG5__ps-0p01__bias-0p1__cb-0p1__nbm-lhs-parsed__nbe-0p001__nbmin-0p1__lex-from-prev__ls-0p1,stages_bg_stages_morphtok_mv_BGMTG1_BGMTG2_BGMTG3_BGMTG4_BGMTG5__ps-0p01__bias-0p1__cb-0p1__nbm-lhs-parsed__nbe-0p001__nbmin-0p1__lex-from-prev__ls-0p1__05_BGMTG5
mv,BGMTG,5,0.01,0.1,0.005,0.686894,0.302057,-7.634785,stages_bg_stages_morphtok_mv_BGMTG1_BGMTG2_BGMTG3_BGMTG4_BGMTG5__ps-0p01__bias-0p1__cb-0p1__nbm-lhs-parsed__nbe-0p005__nbmin-0p1__lex-from-prev__ls-0p1,stages_bg_stages_morphtok_mv_BGMTG1_BGMTG2_BGMTG3_BGMTG4_BGMTG5__ps-0p01__bias-0p1__cb-0p1__nbm-lhs-parsed__nbe-0p005__nbmin-0p1__lex-from-prev__ls-0p1__05_BGMTG5
mv,BGMTG,5,0.01,0.1,0.01,0.686268,0.300950,-7.634771,stages_bg_stages_morphtok_mv_BGMTG1_BGMTG2_BGMTG3_BGMTG4_BGMTG5__ps-0p01__bias-0p1__cb-0p1__nbm-lhs-parsed__nbe-0p01__nbmin-0p1__lex-from-prev__ls-0p1,stages_bg_stages_morphtok_mv_BGMTG1_BGMTG2_BGMTG3_BGMTG4_BGMTG5__ps-0p01__bias-0p1__cb-0p1__nbm-lhs-parsed__nbe-0p01__nbmin-0p1__lex-from-prev__ls-0p1__05_BGMTG5
mv,BGMTG,5,0.01,0.1,0.05,0.688425,0.295679,-7.633625,stages_bg_stages_morphtok_mv_BGMTG1_BGMTG2_BGMTG3_BGMTG4_BGMTG5__ps-0p01__bias-0p1__cb-0p1__nbm-lhs-parsed__nbe-0p05__nbmin-0p1__lex-from-prev__ls-0p1,stages_bg_stages_morphtok_mv_BGMTG1_BGMTG2_BGMTG3_BGMTG4_BGMTG5__ps-0p01__bias-0p1__cb-0p1__nbm-lhs-parsed__nbe-0p05__nbmin-0p1__lex-from-prev__ls-0p1__05_BGMTG5
mv,BGMTG,5,0.05,0.1,0.001,0.685405,0.311314,-7.624339,stages_bg_stages_morphtok_mv_BGMTG1_BGMTG2_BGMTG3_BGMTG4_BGMTG5__ps-0p05__bias-0p1__cb-0p1__nbm-lhs-parsed__nbe-0p001__nbmin-0p1__lex-from-prev__ls-0p1,stages_bg_stages_morphtok_mv_BGMTG1_BGMTG2_BGMTG3_BGMTG4_BGMTG5__ps-0p05__bias-0p1__cb-0p1__nbm-lhs-parsed__nbe-0p001__nbmin-0p1__lex-from-prev__ls-0p1__05_BGMTG5
mv,BGMTG,5,0.05,0.1,0.005,0.686940,0.306873,-7.624048,stages_bg_stages_morphtok_mv_BGMTG1_BGMTG2_BGMTG3_BGMTG4_BGMTG5__ps-0p05__bias-0p1__cb-0p1__nbm-lhs-parsed__nbe-0p005__nbmin-0p1__lex-from-prev__ls-0p1,stages_bg_stages_morphtok_mv_BGMTG1_BGMTG2_BGMTG3_BGMTG4_BGMTG5__ps-0p05__bias-0p1__cb-0p1__nbm-lhs-parsed__nbe-0p005__nbmin-0p1__lex-from-prev__ls-0p1__05_BGMTG5
mv,BGMTG,5,0.05,0.1,0.01,0.685851,0.303223,-7.623401,stages_bg_stages_morphtok_mv_BGMTG1_BGMTG2_BGMTG3_BGMTG4_BGMTG5__ps-0p05__bias-0p1__cb-0p1__nbm-lhs-parsed__nbe-0p01__nbmin-0p1__lex-from-prev__ls-0p1,stages_bg_stages_morphtok_mv_BGMTG1_BGMTG2_BGMTG3_BGMTG4_BGMTG5__ps-0p05__bias-0p1__cb-0p1__nbm-lhs-parsed__nbe-0p01__nbmin-0p1__lex-from-prev__ls-0p1__05_BGMTG5
mv,BGMTG,5,0.05,0.01,0.05,0.685702,0.282926,-7.638175,stages_bg_stages_morphtok_mv_BGMTG1_BGMTG2_BGMTG3_BGMTG4_BGMTG5__ps-0p05__bias-0p1__cb-0p1__nbm-lhs-parsed__nbe-0p05__nbmin-0p1__lex-from-prev__ls-0p01,stages_bg_stages_morphtok_mv_BGMTG1_BGMTG2_BGMTG3_BGMTG4_BGMTG5__ps-0p05__bias-0p1__cb-0p1__nbm-lhs-parsed__nbe-0p05__nbmin-0p1__lex-from-prev__ls-0p01__05_BGMTG5
mv,BGMTG,5,0.05,0.1,0.05,0.688354,0.289316,-7.623642,stages_bg_stages_morphtok_mv_BGMTG1_BGMTG2_BGMTG3_BGMTG4_BGMTG5__ps-0p05__bias-0p1__cb-0p1__nbm-lhs-parsed__nbe-0p05__nbmin-0p1__lex-from-prev__ls-0p1,stages_bg_stages_morphtok_mv_BGMTG1_BGMTG2_BGMTG3_BGMTG4_BGMTG5__ps-0p05__bias-0p1__cb-0p1__nbm-lhs-parsed__nbe-0p05__nbmin-0p1__lex-from-prev__ls-0p1__05_BGMTG5
mv,BGMTG,5,0.1,0.1,0.001,0.688521,0.308965,-7.620688,stages_bg_stages_morphtok_mv_BGMTG1_BGMTG2_BGMTG3_BGMTG4_BGMTG5__ps-0p1__bias-0p1__cb-0p1__nbm-lhs-parsed__nbe-0p001__nbmin-0p1__lex-from-prev__ls-0p1,stages_bg_stages_morphtok_mv_BGMTG1_BGMTG2_BGMTG3_BGMTG4_BGMTG5__ps-0p1__bias-0p1__cb-0p1__nbm-lhs-parsed__nbe-0p001__nbmin-0p1__lex-from-prev__ls-0p1__05_BGMTG5
mv,BGMTG,5,0.1,0.1,0.005,0.686297,0.302110,-7.620672,stages_bg_stages_morphtok_mv_BGMTG1_BGMTG2_BGMTG3_BGMTG4_BGMTG5__ps-0p1__bias-0p1__cb-0p1__nbm-lhs-parsed__nbe-0p005__nbmin-0p1__lex-from-prev__ls-0p1,stages_bg_stages_morphtok_mv_BGMTG1_BGMTG2_BGMTG3_BGMTG4_BGMTG5__ps-0p1__bias-0p1__cb-0p1__nbm-lhs-parsed__nbe-0p005__nbmin-0p1__lex-from-prev__ls-0p1__05_BGMTG5
mv,BGMTG,5,0.1,0.1,0.05,0.685048,0.278712,-7.619320,stages_bg_stages_morphtok_mv_BGMTG1_BGMTG2_BGMTG3_BGMTG4_BGMTG5__ps-0p1__bias-0p1__cb-0p1__nbm-lhs-parsed__nbe-0p05__nbmin-0p1__lex-from-prev__ls-0p1,stages_bg_stages_morphtok_mv_BGMTG1_BGMTG2_BGMTG3_BGMTG4_BGMTG5__ps-0p1__bias-0p1__cb-0p1__nbm-lhs-parsed__nbe-0p05__nbmin-0p1__lex-from-prev__ls-0p1__05_BGMTG5
mv,BGMTG,5,0.2,0.1,0.001,0.686047,0.304538,-7.618413,stages_bg_stages_morphtok_mv_BGMTG1_BGMTG2_BGMTG3_BGMTG4_BGMTG5__ps-0p2__bias-0p1__cb-0p1__nbm-lhs-parsed__nbe-0p001__nbmin-0p1__lex-from-prev__ls-0p1,stages_bg_stages_morphtok_mv_BGMTG1_BGMTG2_BGMTG3_BGMTG4_BGMTG5__ps-0p2__bias-0p1__cb-0p1__nbm-lhs-parsed__nbe-0p001__nbmin-0p1__lex-from-prev__ls-0p1__05_BGMTG5
mv,BGMTG,5,0.2,0.1,0.01,0.685091,0.287455,-7.616845,stages_bg_stages_morphtok_mv_BGMTG1_BGMTG2_BGMTG3_BGMTG4_BGMTG5__ps-0p2__bias-0p1__cb-0p1__nbm-lhs-parsed__nbe-0p01__nbmin-0p1__lex-from-prev__ls-0p1,stages_bg_stages_morphtok_mv_BGMTG1_BGMTG2_BGMTG3_BGMTG4_BGMTG5__ps-0p2__bias-0p1__cb-0p1__nbm-lhs-parsed__nbe-0p01__nbmin-0p1__lex-from-prev__ls-0p1__05_BGMTG5
mv,BGMTI,1,0.001,0.001,0.001,0.252632,0.642810,-6.531671,stages_bg_stages_morphtok_mv_BGMTI1_BGMTI2_BGMTI3_BGMTI4_BGMTI5__ps-0p001__bias-0p1__cb-0p1__nbm-lhs-parsed__nbe-0p001__nbmin-0p1__lex-from-prev__ls-0p001,stages_bg_stages_morphtok_mv_BGMTI1_BGMTI2_BGMTI3_BGMTI4_BGMTI5__ps-0p001__bias-0p1__cb-0p1__nbm-lhs-parsed__nbe-0p001__nbmin-0p1__lex-from-prev__ls-0p001__01_BGMTI1
mv,BGMTI,1,0.001,0.001,0.005,0.252632,0.642810,-6.531671,stages_bg_stages_morphtok_mv_BGMTI1_BGMTI2_BGMTI3_BGMTI4_BGMTI5__ps-0p001__bias-0p1__cb-0p1__nbm-lhs-parsed__nbe-0p005__nbmin-0p1__lex-from-prev__ls-0p001,stages_bg_stages_morphtok_mv_BGMTI1_BGMTI2_BGMTI3_BGMTI4_BGMTI5__ps-0p001__bias-0p1__cb-0p1__nbm-lhs-parsed__nbe-0p005__nbmin-0p1__lex-from-prev__ls-0p001__01_BGMTI1
mv,BGMTI,1,0.001,0.01,0.005,0.252632,0.642810,-6.531671,stages_bg_stages_morphtok_mv_BGMTI1_BGMTI2_BGMTI3_BGMTI4_BGMTI5__ps-0p001__bias-0p1__cb-0p1__nbm-lhs-parsed__nbe-0p005__nbmin-0p1__lex-from-prev__ls-0p01,stages_bg_stages_morphtok_mv_BGMTI1_BGMTI2_BGMTI3_BGMTI4_BGMTI5__ps-0p001__bias-0p1__cb-0p1__nbm-lhs-parsed__nbe-0p005__nbmin-0p1__lex-from-prev__ls-0p01__01_BGMTI1
mv,BGMTI,1,0.001,0.01,0.01,0.252632,0.642810,-6.531671,stages_bg_stages_morphtok_mv_BGMTI1_BGMTI2_BGMTI3_BGMTI4_BGMTI5__ps-0p001__bias-0p1__cb-0p1__nbm-lhs-parsed__nbe-0p01__nbmin-0p1__lex-from-prev__ls-0p01,stages_bg_stages_morphtok_mv_BGMTI1_BGMTI2_BGMTI3_BGMTI4_BGMTI5__ps-0p001__bias-0p1__cb-0p1__nbm-lhs-parsed__nbe-0p01__nbmin-0p1__lex-from-prev__ls-0p01__01_BGMTI1
mv,BGMTI,1,0.01,0.1,0.001,0.252632,0.642810,-6.531671,stages_bg_stages_morphtok_mv_BGMTI1_BGMTI2_BGMTI3_BGMTI4_BGMTI5__ps-0p01__bias-0p1__cb-0p1__nbm-lhs-parsed__nbe-0p001__nbmin-0p1__lex-from-prev__ls-0p1,stages_bg_stages_morphtok_mv_BGMTI1_BGMTI2_BGMTI3_BGMTI4_BGMTI5__ps-0p01__bias-0p1__cb-0p1__nbm-lhs-parsed__nbe-0p001__nbmin-0p1__lex-from-prev__ls-0p1__01_BGMTI1
mv,BGMTI,1,0.01,0.1,0.005,0.252632,0.642810,-6.531671,stages_bg_stages_morphtok_mv_BGMTI1_BGMTI2_BGMTI3_BGMTI4_BGMTI5__ps-0p01__bias-0p1__cb-0p1__nbm-lhs-parsed__nbe-0p005__nbmin-0p1__lex-from-prev__ls-0p1,stages_bg_stages_morphtok_mv_BGMTI1_BGMTI2_BGMTI3_BGMTI4_BGMTI5__ps-0p01__bias-0p1__cb-0p1__nbm-lhs-parsed__nbe-0p005__nbmin-0p1__lex-from-prev__ls-0p1__01_BGMTI1
mv,BGMTI,1,0.01,0.1,0.01,0.252632,0.642810,-6.531671,stages_bg_stages_morphtok_mv_BGMTI1_BGMTI2_BGMTI3_BGMTI4_BGMTI5__ps-0p01__bias-0p1__cb-0p1__nbm-lhs-parsed__nbe-0p01__nbmin-0p1__lex-from-prev__ls-0p1,stages_bg_stages_morphtok_mv_BGMTI1_BGMTI2_BGMTI3_BGMTI4_BGMTI5__ps-0p01__bias-0p1__cb-0p1__nbm-lhs-parsed__nbe-0p01__nbmin-0p1__lex-from-prev__ls-0p1__01_BGMTI1
mv,BGMTI,1,0.01,0.1,0.05,0.252632,0.642810,-6.531671,stages_bg_stages_morphtok_mv_BGMTI1_BGMTI2_BGMTI3_BGMTI4_BGMTI5__ps-0p01__bias-0p1__cb-0p1__nbm-lhs-parsed__nbe-0p05__nbmin-0p1__lex-from-prev__ls-0p1,stages_bg_stages_morphtok_mv_BGMTI1_BGMTI2_BGMTI3_BGMTI4_BGMTI5__ps-0p01__bias-0p1__cb-0p1__nbm-lhs-parsed__nbe-0p05__nbmin-0p1__lex-from-prev__ls-0p1__01_BGMTI1
mv,BGMTI,1,0.1,0.001,0.001,0.252632,0.642810,-6.531671,stages_bg_stages_morphtok_mv_BGMTI1_BGMTI2_BGMTI3_BGMTI4_BGMTI5__ps-0p1__bias-0p1__cb-0p1__nbm-lhs-parsed__nbe-0p001__nbmin-0p1__lex-from-prev__ls-0p001,stages_bg_stages_morphtok_mv_BGMTI1_BGMTI2_BGMTI3_BGMTI4_BGMTI5__ps-0p1__bias-0p1__cb-0p1__nbm-lhs-parsed__nbe-0p001__nbmin-0p1__lex-from-prev__ls-0p001__01_BGMTI1
mv,BGMTI,1,0.1,0.01,0.001,0.252632,0.642810,-6.531671,stages_bg_stages_morphtok_mv_BGMTI1_BGMTI2_BGMTI3_BGMTI4_BGMTI5__ps-0p1__bias-0p1__cb-0p1__nbm-lhs-parsed__nbe-0p001__nbmin-0p1__lex-from-prev__ls-0p01,stages_bg_stages_morphtok_mv_BGMTI1_BGMTI2_BGMTI3_BGMTI4_BGMTI5__ps-0p1__bias-0p1__cb-0p1__nbm-lhs-parsed__nbe-0p001__nbmin-0p1__lex-from-prev__ls-0p01__01_BGMTI1
mv,BGMTI,1,0.1,0.001,0.005,0.252632,0.642810,-6.531671,stages_bg_stages_morphtok_mv_BGMTI1_BGMTI2_BGMTI3_BGMTI4_BGMTI5__ps-0p1__bias-0p1__cb-0p1__nbm-lhs-parsed__nbe-0p005__nbmin-0p1__lex-from-prev__ls-0p001,stages_bg_stages_morphtok_mv_BGMTI1_BGMTI2_BGMTI3_BGMTI4_BGMTI5__ps-0p1__bias-0p1__cb-0p1__nbm-lhs-parsed__nbe-0p005__nbmin-0p1__lex-from-prev__ls-0p001__01_BGMTI1
mv,BGMTI,1,0.1,0.01,0.005,0.252632,0.642810,-6.531671,stages_bg_stages_morphtok_mv_BGMTI1_BGMTI2_BGMTI3_BGMTI4_BGMTI5__ps-0p1__bias-0p1__cb-0p1__nbm-lhs-parsed__nbe-0p005__nbmin-0p1__lex-from-prev__ls-0p01,stages_bg_stages_morphtok_mv_BGMTI1_BGMTI2_BGMTI3_BGMTI4_BGMTI5__ps-0p1__bias-0p1__cb-0p1__nbm-lhs-parsed__nbe-0p005__nbmin-0p1__lex-from-prev__ls-0p01__01_BGMTI1
mv,BGMTI,1,0.1,0.001,0.01,0.252632,0.642810,-6.531671,stages_bg_stages_morphtok_mv_BGMTI1_BGMTI2_BGMTI3_BGMTI4_BGMTI5__ps-0p1__bias-0p1__cb-0p1__nbm-lhs-parsed__nbe-0p01__nbmin-0p1__lex-from-prev__ls-0p001,stages_bg_stages_morphtok_mv_BGMTI1_BGMTI2_BGMTI3_BGMTI4_BGMTI5__ps-0p1__bias-0p1__cb-0p1__nbm-lhs-parsed__nbe-0p01__nbmin-0p1__lex-from-prev__ls-0p001__01_BGMTI1
mv,BGMTI,1,0.1,0.01,0.01,0.252632,0.642810,-6.531671,stages_bg_stages_morphtok_mv_BGMTI1_BGMTI2_BGMTI3_BGMTI4_BGMTI5__ps-0p1__bias-0p1__cb-0p1__nbm-lhs-parsed__nbe-0p01__nbmin-0p1__lex-from-prev__ls-0p01,stages_bg_stages_morphtok_mv_BGMTI1_BGMTI2_BGMTI3_BGMTI4_BGMTI5__ps-0p1__bias-0p1__cb-0p1__nbm-lhs-parsed__nbe-0p01__nbmin-0p1__lex-from-prev__ls-0p01__01_BGMTI1
mv,BGMTI,1,0.1,0.01,0.05,0.252632,0.642810,-6.531671,stages_bg_stages_morphtok_mv_BGMTI1_BGMTI2_BGMTI3_BGMTI4_BGMTI5__ps-0p1__bias-0p1__cb-0p1__nbm-lhs-parsed__nbe-0p05__nbmin-0p1__lex-from-prev__ls-0p01,stages_bg_stages_morphtok_mv_BGMTI1_BGMTI2_BGMTI3_BGMTI4_BGMTI5__ps-0p1__bias-0p1__cb-0p1__nbm-lhs-parsed__nbe-0p05__nbmin-0p1__lex-from-prev__ls-0p01__01_BGMTI1
mv,BGMTI,1,0.2,0.001,0.001,0.252632,0.642810,-6.531671,stages_bg_stages_morphtok_mv_BGMTI1_BGMTI2_BGMTI3_BGMTI4_BGMTI5__ps-0p2__bias-0p1__cb-0p1__nbm-lhs-parsed__nbe-0p001__nbmin-0p1__lex-from-prev__ls-0p001,stages_bg_stages_morphtok_mv_BGMTI1_BGMTI2_BGMTI3_BGMTI4_BGMTI5__ps-0p2__bias-0p1__cb-0p1__nbm-lhs-parsed__nbe-0p001__nbmin-0p1__lex-from-prev__ls-0p001__01_BGMTI1
mv,BGMTI,1,0.2,0.01,0.001,0.252632,0.642810,-6.531671,stages_bg_stages_morphtok_mv_BGMTI1_BGMTI2_BGMTI3_BGMTI4_BGMTI5__ps-0p2__bias-0p1__cb-0p1__nbm-lhs-parsed__nbe-0p001__nbmin-0p1__lex-from-prev__ls-0p01,stages_bg_stages_morphtok_mv_BGMTI1_BGMTI2_BGMTI3_BGMTI4_BGMTI5__ps-0p2__bias-0p1__cb-0p1__nbm-lhs-parsed__nbe-0p001__nbmin-0p1__lex-from-prev__ls-0p01__01_BGMTI1
mv,BGMTI,1,0.2,0.1,0.001,0.252632,0.642810,-6.531671,stages_bg_stages_morphtok_mv_BGMTI1_BGMTI2_BGMTI3_BGMTI4_BGMTI5__ps-0p2__bias-0p1__cb-0p1__nbm-lhs-parsed__nbe-0p001__nbmin-0p1__lex-from-prev__ls-0p1,stages_bg_stages_morphtok_mv_BGMTI1_BGMTI2_BGMTI3_BGMTI4_BGMTI5__ps-0p2__bias-0p1__cb-0p1__nbm-lhs-parsed__nbe-0p001__nbmin-0p1__lex-from-prev__ls-0p1__01_BGMTI1
mv,BGMTI,1,0.2,0.1,0.005,0.252632,0.642810,-6.531671,stages_bg_stages_morphtok_mv_BGMTI1_BGMTI2_BGMTI3_BGMTI4_BGMTI5__ps-0p2__bias-0p1__cb-0p1__nbm-lhs-parsed__nbe-0p005__nbmin-0p1__lex-from-prev__ls-0p1,stages_bg_stages_morphtok_mv_BGMTI1_BGMTI2_BGMTI3_BGMTI4_BGMTI5__ps-0p2__bias-0p1__cb-0p1__nbm-lhs-parsed__nbe-0p005__nbmin-0p1__lex-from-prev__ls-0p1__01_BGMTI1
mv,BGMTI,1,0.2,0.001,0.01,0.252632,0.642810,-6.531671,stages_bg_stages_morphtok_mv_BGMTI1_BGMTI2_BGMTI3_BGMTI4_BGMTI5__ps-0p2__bias-0p1__cb-0p1__nbm-lhs-parsed__nbe-0p01__nbmin-0p1__lex-from-prev__ls-0p001,stages_bg_stages_morphtok_mv_BGMTI1_BGMTI2_BGMTI3_BGMTI4_BGMTI5__ps-0p2__bias-0p1__cb-0p1__nbm-lhs-parsed__nbe-0p01__nbmin-0p1__lex-from-prev__ls-0p001__01_BGMTI1
mv,BGMTI,2,0.001,0.001,0.001,0.610716,0.529398,-7.250073,stages_bg_stages_morphtok_mv_BGMTI1_BGMTI2_BGMTI3_BGMTI4_BGMTI5__ps-0p001__bias-0p1__cb-0p1__nbm-lhs-parsed__nbe-0p001__nbmin-0p1__lex-from-prev__ls-0p001,stages_bg_stages_morphtok_mv_BGMTI1_BGMTI2_BGMTI3_BGMTI4_BGMTI5__ps-0p001__bias-0p1__cb-0p1__nbm-lhs-parsed__nbe-0p001__nbmin-0p1__lex-from-prev__ls-0p001__02_BGMTI2
mv,BGMTI,2,0.001,0.001,0.005,0.610716,0.529398,-7.250073,stages_bg_stages_morphtok_mv_BGMTI1_BGMTI2_BGMTI3_BGMTI4_BGMTI5__ps-0p001__bias-0p1__cb-0p1__nbm-lhs-parsed__nbe-0p005__nbmin-0p1__lex-from-prev__ls-0p001,stages_bg_stages_morphtok_mv_BGMTI1_BGMTI2_BGMTI3_BGMTI4_BGMTI5__ps-0p001__bias-0p1__cb-0p1__nbm-lhs-parsed__nbe-0p005__nbmin-0p1__lex-from-prev__ls-0p001__02_BGMTI2
mv,BGMTI,2,0.001,0.01,0.005,0.605600,0.572783,-7.249958,stages_bg_stages_morphtok_mv_BGMTI1_BGMTI2_BGMTI3_BGMTI4_BGMTI5__ps-0p001__bias-0p1__cb-0p1__nbm-lhs-parsed__nbe-0p005__nbmin-0p1__lex-from-prev__ls-0p01,stages_bg_stages_morphtok_mv_BGMTI1_BGMTI2_BGMTI3_BGMTI4_BGMTI5__ps-0p001__bias-0p1__cb-0p1__nbm-lhs-parsed__nbe-0p005__nbmin-0p1__lex-from-prev__ls-0p01__02_BGMTI2
mv,BGMTI,2,0.001,0.01,0.01,0.605600,0.572783,-7.249958,stages_bg_stages_morphtok_mv_BGMTI1_BGMTI2_BGMTI3_BGMTI4_BGMTI5__ps-0p001__bias-0p1__cb-0p1__nbm-lhs-parsed__nbe-0p01__nbmin-0p1__lex-from-prev__ls-0p01,stages_bg_stages_morphtok_mv_BGMTI1_BGMTI2_BGMTI3_BGMTI4_BGMTI5__ps-0p001__bias-0p1__cb-0p1__nbm-lhs-parsed__nbe-0p01__nbmin-0p1__lex-from-prev__ls-0p01__02_BGMTI2
mv,BGMTI,2,0.01,0.1,0.001,0.606550,0.572545,-7.865957,stages_bg_stages_morphtok_mv_BGMTI1_BGMTI2_BGMTI3_BGMTI4_BGMTI5__ps-0p01__bias-0p1__cb-0p1__nbm-lhs-parsed__nbe-0p001__nbmin-0p1__lex-from-prev__ls-0p1,stages_bg_stages_morphtok_mv_BGMTI1_BGMTI2_BGMTI3_BGMTI4_BGMTI5__ps-0p01__bias-0p1__cb-0p1__nbm-lhs-parsed__nbe-0p001__nbmin-0p1__lex-from-prev__ls-0p1__02_BGMTI2
mv,BGMTI,2,0.01,0.1,0.005,0.606550,0.572545,-7.865957,stages_bg_stages_morphtok_mv_BGMTI1_BGMTI2_BGMTI3_BGMTI4_BGMTI5__ps-0p01__bias-0p1__cb-0p1__nbm-lhs-parsed__nbe-0p005__nbmin-0p1__lex-from-prev__ls-0p1,stages_bg_stages_morphtok_mv_BGMTI1_BGMTI2_BGMTI3_BGMTI4_BGMTI5__ps-0p01__bias-0p1__cb-0p1__nbm-lhs-parsed__nbe-0p005__nbmin-0p1__lex-from-prev__ls-0p1__02_BGMTI2
mv,BGMTI,2,0.01,0.1,0.01,0.606550,0.572545,-7.865957,stages_bg_stages_morphtok_mv_BGMTI1_BGMTI2_BGMTI3_BGMTI4_BGMTI5__ps-0p01__bias-0p1__cb-0p1__nbm-lhs-parsed__nbe-0p01__nbmin-0p1__lex-from-prev__ls-0p1,stages_bg_stages_morphtok_mv_BGMTI1_BGMTI2_BGMTI3_BGMTI4_BGMTI5__ps-0p01__bias-0p1__cb-0p1__nbm-lhs-parsed__nbe-0p01__nbmin-0p1__lex-from-prev__ls-0p1__02_BGMTI2
mv,BGMTI,2,0.01,0.1,0.05,0.600854,0.572526,-7.865957,stages_bg_stages_morphtok_mv_BGMTI1_BGMTI2_BGMTI3_BGMTI4_BGMTI5__ps-0p01__bias-0p1__cb-0p1__nbm-lhs-parsed__nbe-0p05__nbmin-0p1__lex-from-prev__ls-0p1,stages_bg_stages_morphtok_mv_BGMTI1_BGMTI2_BGMTI3_BGMTI4_BGMTI5__ps-0p01__bias-0p1__cb-0p1__nbm-lhs-parsed__nbe-0p05__nbmin-0p1__lex-from-prev__ls-0p1__02_BGMTI2
mv,BGMTI,2,0.1,0.001,0.001,0.603899,0.530440,-7.247439,stages_bg_stages_morphtok_mv_BGMTI1_BGMTI2_BGMTI3_BGMTI4_BGMTI5__ps-0p1__bias-0p1__cb-0p1__nbm-lhs-parsed__nbe-0p001__nbmin-0p1__lex-from-prev__ls-0p001,stages_bg_stages_morphtok_mv_BGMTI1_BGMTI2_BGMTI3_BGMTI4_BGMTI5__ps-0p1__bias-0p1__cb-0p1__nbm-lhs-parsed__nbe-0p001__nbmin-0p1__lex-from-prev__ls-0p001__02_BGMTI2
mv,BGMTI,2,0.1,0.01,0.001,0.604850,0.573672,-7.247383,stages_bg_stages_morphtok_mv_BGMTI1_BGMTI2_BGMTI3_BGMTI4_BGMTI5__ps-0p1__bias-0p1__cb-0p1__nbm-lhs-parsed__nbe-0p001__nbmin-0p1__lex-from-prev__ls-0p01,stages_bg_stages_morphtok_mv_BGMTI1_BGMTI2_BGMTI3_BGMTI4_BGMTI5__ps-0p1__bias-0p1__cb-0p1__nbm-lhs-parsed__nbe-0p001__nbmin-0p1__lex-from-prev__ls-0p01__02_BGMTI2
mv,BGMTI,2,0.1,0.001,0.005,0.608654,0.530420,-7.247440,stages_bg_stages_morphtok_mv_BGMTI1_BGMTI2_BGMTI3_BGMTI4_BGMTI5__ps-0p1__bias-0p1__cb-0p1__nbm-lhs-parsed__nbe-0p005__nbmin-0p1__lex-from-prev__ls-0p001,stages_bg_stages_morphtok_mv_BGMTI1_BGMTI2_BGMTI3_BGMTI4_BGMTI5__ps-0p1__bias-0p1__cb-0p1__nbm-lhs-parsed__nbe-0p005__nbmin-0p1__lex-from-prev__ls-0p001__02_BGMTI2
mv,BGMTI,2,0.1,0.01,0.005,0.607703,0.573654,-7.247384,stages_bg_stages_morphtok_mv_BGMTI1_BGMTI2_BGMTI3_BGMTI4_BGMTI5__ps-0p1__bias-0p1__cb-0p1__nbm-lhs-parsed__nbe-0p005__nbmin-0p1__lex-from-prev__ls-0p01,stages_bg_stages_morphtok_mv_BGMTI1_BGMTI2_BGMTI3_BGMTI4_BGMTI5__ps-0p1__bias-0p1__cb-0p1__nbm-lhs-parsed__nbe-0p005__nbmin-0p1__lex-from-prev__ls-0p01__02_BGMTI2
mv,BGMTI,2,0.1,0.001,0.01,0.605801,0.530295,-7.247470,stages_bg_stages_morphtok_mv_BGMTI1_BGMTI2_BGMTI3_BGMTI4_BGMTI5__ps-0p1__bias-0p1__cb-0p1__nbm-lhs-parsed__nbe-0p01__nbmin-0p1__lex-from-prev__ls-0p001,stages_bg_stages_morphtok_mv_BGMTI1_BGMTI2_BGMTI3_BGMTI4_BGMTI5__ps-0p1__bias-0p1__cb-0p1__nbm-lhs-parsed__nbe-0p01__nbmin-0p1__lex-from-prev__ls-0p001__02_BGMTI2
mv,BGMTI,2,0.1,0.01,0.01,0.605801,0.573543,-7.247414,stages_bg_stages_morphtok_mv_BGMTI1_BGMTI2_BGMTI3_BGMTI4_BGMTI5__ps-0p1__bias-0p1__cb-0p1__nbm-lhs-parsed__nbe-0p01__nbmin-0p1__lex-from-prev__ls-0p01,stages_bg_stages_morphtok_mv_BGMTI1_BGMTI2_BGMTI3_BGMTI4_BGMTI5__ps-0p1__bias-0p1__cb-0p1__nbm-lhs-parsed__nbe-0p01__nbmin-0p1__lex-from-prev__ls-0p01__02_BGMTI2
mv,BGMTI,2,0.1,0.01,0.05,0.603899,0.573042,-7.247526,stages_bg_stages_morphtok_mv_BGMTI1_BGMTI2_BGMTI3_BGMTI4_BGMTI5__ps-0p1__bias-0p1__cb-0p1__nbm-lhs-parsed__nbe-0p05__nbmin-0p1__lex-from-prev__ls-0p01,stages_bg_stages_morphtok_mv_BGMTI1_BGMTI2_BGMTI3_BGMTI4_BGMTI5__ps-0p1__bias-0p1__cb-0p1__nbm-lhs-parsed__nbe-0p05__nbmin-0p1__lex-from-prev__ls-0p01__02_BGMTI2
mv,BGMTI,2,0.2,0.001,0.001,0.604474,0.531020,-7.245719,stages_bg_stages_morphtok_mv_BGMTI1_BGMTI2_BGMTI3_BGMTI4_BGMTI5__ps-0p2__bias-0p1__cb-0p1__nbm-lhs-parsed__nbe-0p001__nbmin-0p1__lex-from-prev__ls-0p001,stages_bg_stages_morphtok_mv_BGMTI1_BGMTI2_BGMTI3_BGMTI4_BGMTI5__ps-0p2__bias-0p1__cb-0p1__nbm-lhs-parsed__nbe-0p001__nbmin-0p1__lex-from-prev__ls-0p001__02_BGMTI2
mv,BGMTI,2,0.2,0.01,0.001,0.604474,0.574223,-7.245498,stages_bg_stages_morphtok_mv_BGMTI1_BGMTI2_BGMTI3_BGMTI4_BGMTI5__ps-0p2__bias-0p1__cb-0p1__nbm-lhs-parsed__nbe-0p001__nbmin-0p1__lex-from-prev__ls-0p01,stages_bg_stages_morphtok_mv_BGMTI1_BGMTI2_BGMTI3_BGMTI4_BGMTI5__ps-0p2__bias-0p1__cb-0p1__nbm-lhs-parsed__nbe-0p001__nbmin-0p1__lex-from-prev__ls-0p01__02_BGMTI2
mv,BGMTI,2,0.2,0.1,0.001,0.601239,0.573970,-7.861730,stages_bg_stages_morphtok_mv_BGMTI1_BGMTI2_BGMTI3_BGMTI4_BGMTI5__ps-0p2__bias-0p1__cb-0p1__nbm-lhs-parsed__nbe-0p001__nbmin-0p1__lex-from-prev__ls-0p1,stages_bg_stages_morphtok_mv_BGMTI1_BGMTI2_BGMTI3_BGMTI4_BGMTI5__ps-0p2__bias-0p1__cb-0p1__nbm-lhs-parsed__nbe-0p001__nbmin-0p1__lex-from-prev__ls-0p1__02_BGMTI2
mv,BGMTI,2,0.2,0.1,0.005,0.602192,0.573825,-7.861758,stages_bg_stages_morphtok_mv_BGMTI1_BGMTI2_BGMTI3_BGMTI4_BGMTI5__ps-0p2__bias-0p1__cb-0p1__nbm-lhs-parsed__nbe-0p005__nbmin-0p1__lex-from-prev__ls-0p1,stages_bg_stages_morphtok_mv_BGMTI1_BGMTI2_BGMTI3_BGMTI4_BGMTI5__ps-0p2__bias-0p1__cb-0p1__nbm-lhs-parsed__nbe-0p005__nbmin-0p1__lex-from-prev__ls-0p1__02_BGMTI2
mv,BGMTI,2,0.2,0.001,0.01,0.598762,0.530679,-7.245796,stages_bg_stages_morphtok_mv_BGMTI1_BGMTI2_BGMTI3_BGMTI4_BGMTI5__ps-0p2__bias-0p1__cb-0p1__nbm-lhs-parsed__nbe-0p01__nbmin-0p1__lex-from-prev__ls-0p001,stages_bg_stages_morphtok_mv_BGMTI1_BGMTI2_BGMTI3_BGMTI4_BGMTI5__ps-0p2__bias-0p1__cb-0p1__nbm-lhs-parsed__nbe-0p01__nbmin-0p1__lex-from-prev__ls-0p001__02_BGMTI2
mv,BGMTI,3,0.001,0.001,0.001,0.526738,0.512858,-7.683069,stages_bg_stages_morphtok_mv_BGMTI1_BGMTI2_BGMTI3_BGMTI4_BGMTI5__ps-0p001__bias-0p1__cb-0p1__nbm-lhs-parsed__nbe-0p001__nbmin-0p1__lex-from-prev__ls-0p001,stages_bg_stages_morphtok_mv_BGMTI1_BGMTI2_BGMTI3_BGMTI4_BGMTI5__ps-0p001__bias-0p1__cb-0p1__nbm-lhs-parsed__nbe-0p001__nbmin-0p1__lex-from-prev__ls-0p001__03_BGMTI3
mv,BGMTI,3,0.001,0.001,0.005,0.526738,0.512858,-7.683069,stages_bg_stages_morphtok_mv_BGMTI1_BGMTI2_BGMTI3_BGMTI4_BGMTI5__ps-0p001__bias-0p1__cb-0p1__nbm-lhs-parsed__nbe-0p005__nbmin-0p1__lex-from-prev__ls-0p001,stages_bg_stages_morphtok_mv_BGMTI1_BGMTI2_BGMTI3_BGMTI4_BGMTI5__ps-0p001__bias-0p1__cb-0p1__nbm-lhs-parsed__nbe-0p005__nbmin-0p1__lex-from-prev__ls-0p001__03_BGMTI3
mv,BGMTI,3,0.001,0.01,0.005,0.531905,0.515335,-7.681767,stages_bg_stages_morphtok_mv_BGMTI1_BGMTI2_BGMTI3_BGMTI4_BGMTI5__ps-0p001__bias-0p1__cb-0p1__nbm-lhs-parsed__nbe-0p005__nbmin-0p1__lex-from-prev__ls-0p01,stages_bg_stages_morphtok_mv_BGMTI1_BGMTI2_BGMTI3_BGMTI4_BGMTI5__ps-0p001__bias-0p1__cb-0p1__nbm-lhs-parsed__nbe-0p005__nbmin-0p1__lex-from-prev__ls-0p01__03_BGMTI3
mv,BGMTI,3,0.001,0.01,0.01,0.532798,0.515335,-7.681767,stages_bg_stages_morphtok_mv_BGMTI1_BGMTI2_BGMTI3_BGMTI4_BGMTI5__ps-0p001__bias-0p1__cb-0p1__nbm-lhs-parsed__nbe-0p01__nbmin-0p1__lex-from-prev__ls-0p01,stages_bg_stages_morphtok_mv_BGMTI1_BGMTI2_BGMTI3_BGMTI4_BGMTI5__ps-0p001__bias-0p1__cb-0p1__nbm-lhs-parsed__nbe-0p01__nbmin-0p1__lex-from-prev__ls-0p01__03_BGMTI3
mv,BGMTI,3,0.01,0.1,0.001,0.528419,0.540936,-7.571366,stages_bg_stages_morphtok_mv_BGMTI1_BGMTI2_BGMTI3_BGMTI4_BGMTI5__ps-0p01__bias-0p1__cb-0p1__nbm-lhs-parsed__nbe-0p001__nbmin-0p1__lex-from-prev__ls-0p1,stages_bg_stages_morphtok_mv_BGMTI1_BGMTI2_BGMTI3_BGMTI4_BGMTI5__ps-0p01__bias-0p1__cb-0p1__nbm-lhs-parsed__nbe-0p001__nbmin-0p1__lex-from-prev__ls-0p1__03_BGMTI3
mv,BGMTI,3,0.01,0.1,0.005,0.527531,0.540922,-7.571376,stages_bg_stages_morphtok_mv_BGMTI1_BGMTI2_BGMTI3_BGMTI4_BGMTI5__ps-0p01__bias-0p1__cb-0p1__nbm-lhs-parsed__nbe-0p005__nbmin-0p1__lex-from-prev__ls-0p1,stages_bg_stages_morphtok_mv_BGMTI1_BGMTI2_BGMTI3_BGMTI4_BGMTI5__ps-0p01__bias-0p1__cb-0p1__nbm-lhs-parsed__nbe-0p005__nbmin-0p1__lex-from-prev__ls-0p1__03_BGMTI3
mv,BGMTI,3,0.01,0.1,0.01,0.527531,0.540886,-7.571407,stages_bg_stages_morphtok_mv_BGMTI1_BGMTI2_BGMTI3_BGMTI4_BGMTI5__ps-0p01__bias-0p1__cb-0p1__nbm-lhs-parsed__nbe-0p01__nbmin-0p1__lex-from-prev__ls-0p1,stages_bg_stages_morphtok_mv_BGMTI1_BGMTI2_BGMTI3_BGMTI4_BGMTI5__ps-0p01__bias-0p1__cb-0p1__nbm-lhs-parsed__nbe-0p01__nbmin-0p1__lex-from-prev__ls-0p1__03_BGMTI3
mv,BGMTI,3,0.01,0.1,0.05,0.525288,0.540507,-7.571806,stages_bg_stages_morphtok_mv_BGMTI1_BGMTI2_BGMTI3_BGMTI4_BGMTI5__ps-0p01__bias-0p1__cb-0p1__nbm-lhs-parsed__nbe-0p05__nbmin-0p1__lex-from-prev__ls-0p1,stages_bg_stages_morphtok_mv_BGMTI1_BGMTI2_BGMTI3_BGMTI4_BGMTI5__ps-0p01__bias-0p1__cb-0p1__nbm-lhs-parsed__nbe-0p05__nbmin-0p1__lex-from-prev__ls-0p1__03_BGMTI3
mv,BGMTI,3,0.1,0.001,0.001,0.555095,0.514042,-7.697340,stages_bg_stages_morphtok_mv_BGMTI1_BGMTI2_BGMTI3_BGMTI4_BGMTI5__ps-0p1__bias-0p1__cb-0p1__nbm-lhs-parsed__nbe-0p001__nbmin-0p1__lex-from-prev__ls-0p001,stages_bg_stages_morphtok_mv_BGMTI1_BGMTI2_BGMTI3_BGMTI4_BGMTI5__ps-0p1__bias-0p1__cb-0p1__nbm-lhs-parsed__nbe-0p001__nbmin-0p1__lex-from-prev__ls-0p001__03_BGMTI3
mv,BGMTI,3,0.1,0.01,0.001,0.566682,0.517092,-7.697466,stages_bg_stages_morphtok_mv_BGMTI1_BGMTI2_BGMTI3_BGMTI4_BGMTI5__ps-0p1__bias-0p1__cb-0p1__nbm-lhs-parsed__nbe-0p001__nbmin-0p1__lex-from-prev__ls-0p01,stages_bg_stages_morphtok_mv_BGMTI1_BGMTI2_BGMTI3_BGMTI4_BGMTI5__ps-0p1__bias-0p1__cb-0p1__nbm-lhs-parsed__nbe-0p001__nbmin-0p1__lex-from-prev__ls-0p01__03_BGMTI3
mv,BGMTI,3,0.1,0.001,0.005,0.554428,0.513412,-7.697766,stages_bg_stages_morphtok_mv_BGMTI1_BGMTI2_BGMTI3_BGMTI4_BGMTI5__ps-0p1__bias-0p1__cb-0p1__nbm-lhs-parsed__nbe-0p005__nbmin-0p1__lex-from-prev__ls-0p001,stages_bg_stages_morphtok_mv_BGMTI1_BGMTI2_BGMTI3_BGMTI4_BGMTI5__ps-0p1__bias-0p1__cb-0p1__nbm-lhs-parsed__nbe-0p005__nbmin-0p1__lex-from-prev__ls-0p001__03_BGMTI3
mv,BGMTI,3,0.1,0.01,0.005,0.564878,0.516464,-7.697870,stages_bg_stages_morphtok_mv_BGMTI1_BGMTI2_BGMTI3_BGMTI4_BGMTI5__ps-0p1__bias-0p1__cb-0p1__nbm-lhs-parsed__nbe-0p005__nbmin-0p1__lex-from-prev__ls-0p01,stages_bg_stages_morphtok_mv_BGMTI1_BGMTI2_BGMTI3_BGMTI4_BGMTI5__ps-0p1__bias-0p1__cb-0p1__nbm-lhs-parsed__nbe-0p005__nbmin-0p1__lex-from-prev__ls-0p01__03_BGMTI3
mv,BGMTI,3,0.1,0.001,0.01,0.553506,0.512700,-7.698312,stages_bg_stages_morphtok_mv_BGMTI1_BGMTI2_BGMTI3_BGMTI4_BGMTI5__ps-0p1__bias-0p1__cb-0p1__nbm-lhs-parsed__nbe-0p01__nbmin-0p1__lex-from-prev__ls-0p001,stages_bg_stages_morphtok_mv_BGMTI1_BGMTI2_BGMTI3_BGMTI4_BGMTI5__ps-0p1__bias-0p1__cb-0p1__nbm-lhs-parsed__nbe-0p01__nbmin-0p1__lex-from-prev__ls-0p001__03_BGMTI3
mv,BGMTI,3,0.1,0.01,0.01,0.567233,0.515755,-7.698385,stages_bg_stages_morphtok_mv_BGMTI1_BGMTI2_BGMTI3_BGMTI4_BGMTI5__ps-0p1__bias-0p1__cb-0p1__nbm-lhs-parsed__nbe-0p01__nbmin-0p1__lex-from-prev__ls-0p01,stages_bg_stages_morphtok_mv_BGMTI1_BGMTI2_BGMTI3_BGMTI4_BGMTI5__ps-0p1__bias-0p1__cb-0p1__nbm-lhs-parsed__nbe-0p01__nbmin-0p1__lex-from-prev__ls-0p01__03_BGMTI3
mv,BGMTI,3,0.1,0.01,0.05,0.557604,0.512417,-7.701401,stages_bg_stages_morphtok_mv_BGMTI1_BGMTI2_BGMTI3_BGMTI4_BGMTI5__ps-0p1__bias-0p1__cb-0p1__nbm-lhs-parsed__nbe-0p05__nbmin-0p1__lex-from-prev__ls-0p01,stages_bg_stages_morphtok_mv_BGMTI1_BGMTI2_BGMTI3_BGMTI4_BGMTI5__ps-0p1__bias-0p1__cb-0p1__nbm-lhs-parsed__nbe-0p05__nbmin-0p1__lex-from-prev__ls-0p01__03_BGMTI3
mv,BGMTI,3,0.2,0.001,0.001,0.576082,0.519182,-7.707928,stages_bg_stages_morphtok_mv_BGMTI1_BGMTI2_BGMTI3_BGMTI4_BGMTI5__ps-0p2__bias-0p1__cb-0p1__nbm-lhs-parsed__nbe-0p001__nbmin-0p1__lex-from-prev__ls-0p001,stages_bg_stages_morphtok_mv_BGMTI1_BGMTI2_BGMTI3_BGMTI4_BGMTI5__ps-0p2__bias-0p1__cb-0p1__nbm-lhs-parsed__nbe-0p001__nbmin-0p1__lex-from-prev__ls-0p001__03_BGMTI3
mv,BGMTI,3,0.2,0.01,0.001,0.579387,0.522861,-7.709656,stages_bg_stages_morphtok_mv_BGMTI1_BGMTI2_BGMTI3_BGMTI4_BGMTI5__ps-0p2__bias-0p1__cb-0p1__nbm-lhs-parsed__nbe-0p001__nbmin-0p1__lex-from-prev__ls-0p01,stages_bg_stages_morphtok_mv_BGMTI1_BGMTI2_BGMTI3_BGMTI4_BGMTI5__ps-0p2__bias-0p1__cb-0p1__nbm-lhs-parsed__nbe-0p001__nbmin-0p1__lex-from-prev__ls-0p01__03_BGMTI3
mv,BGMTI,3,0.2,0.1,0.001,0.592283,0.547349,-7.607167,stages_bg_stages_morphtok_mv_BGMTI1_BGMTI2_BGMTI3_BGMTI4_BGMTI5__ps-0p2__bias-0p1__cb-0p1__nbm-lhs-parsed__nbe-0p001__nbmin-0p1__lex-from-prev__ls-0p1,stages_bg_stages_morphtok_mv_BGMTI1_BGMTI2_BGMTI3_BGMTI4_BGMTI5__ps-0p2__bias-0p1__cb-0p1__nbm-lhs-parsed__nbe-0p001__nbmin-0p1__lex-from-prev__ls-0p1__03_BGMTI3
mv,BGMTI,3,0.2,0.1,0.005,0.587361,0.545358,-7.607886,stages_bg_stages_morphtok_mv_BGMTI1_BGMTI2_BGMTI3_BGMTI4_BGMTI5__ps-0p2__bias-0p1__cb-0p1__nbm-lhs-parsed__nbe-0p005__nbmin-0p1__lex-from-prev__ls-0p1,stages_bg_stages_morphtok_mv_BGMTI1_BGMTI2_BGMTI3_BGMTI4_BGMTI5__ps-0p2__bias-0p1__cb-0p1__nbm-lhs-parsed__nbe-0p005__nbmin-0p1__lex-from-prev__ls-0p1__03_BGMTI3
mv,BGMTI,3,0.2,0.001,0.01,0.571695,0.515121,-7.709497,stages_bg_stages_morphtok_mv_BGMTI1_BGMTI2_BGMTI3_BGMTI4_BGMTI5__ps-0p2__bias-0p1__cb-0p1__nbm-lhs-parsed__nbe-0p01__nbmin-0p1__lex-from-prev__ls-0p001,stages_bg_stages_morphtok_mv_BGMTI1_BGMTI2_BGMTI3_BGMTI4_BGMTI5__ps-0p2__bias-0p1__cb-0p1__nbm-lhs-parsed__nbe-0p01__nbmin-0p1__lex-from-prev__ls-0p001__03_BGMTI3
mv,BGMTI,4,0.001,0.001,0.001,0.630762,0.453596,-7.172873,stages_bg_stages_morphtok_mv_BGMTI1_BGMTI2_BGMTI3_BGMTI4_BGMTI5__ps-0p001__bias-0p1__cb-0p1__nbm-lhs-parsed__nbe-0p001__nbmin-0p1__lex-from-prev__ls-0p001,stages_bg_stages_morphtok_mv_BGMTI1_BGMTI2_BGMTI3_BGMTI4_BGMTI5__ps-0p001__bias-0p1__cb-0p1__nbm-lhs-parsed__nbe-0p001__nbmin-0p1__lex-from-prev__ls-0p001__04_BGMTI4
mv,BGMTI,4,0.001,0.001,0.005,0.630762,0.453596,-7.172873,stages_bg_stages_morphtok_mv_BGMTI1_BGMTI2_BGMTI3_BGMTI4_BGMTI5__ps-0p001__bias-0p1__cb-0p1__nbm-lhs-parsed__nbe-0p005__nbmin-0p1__lex-from-prev__ls-0p001,stages_bg_stages_morphtok_mv_BGMTI1_BGMTI2_BGMTI3_BGMTI4_BGMTI5__ps-0p001__bias-0p1__cb-0p1__nbm-lhs-parsed__nbe-0p005__nbmin-0p1__lex-from-prev__ls-0p001__04_BGMTI4
mv,BGMTI,4,0.001,0.01,0.005,0.629872,0.454665,-7.261159,stages_bg_stages_morphtok_mv_BGMTI1_BGMTI2_BGMTI3_BGMTI4_BGMTI5__ps-0p001__bias-0p1__cb-0p1__nbm-lhs-parsed__nbe-0p005__nbmin-0p1__lex-from-prev__ls-0p01,stages_bg_stages_morphtok_mv_BGMTI1_BGMTI2_BGMTI3_BGMTI4_BGMTI5__ps-0p001__bias-0p1__cb-0p1__nbm-lhs-parsed__nbe-0p005__nbmin-0p1__lex-from-prev__ls-0p01__04_BGMTI4
mv,BGMTI,4,0.001,0.01,0.01,0.629388,0.454666,-7.261160,stages_bg_stages_morphtok_mv_BGMTI1_BGMTI2_BGMTI3_BGMTI4_BGMTI5__ps-0p001__bias-0p1__cb-0p1__nbm-lhs-parsed__nbe-0p01__nbmin-0p1__lex-from-prev__ls-0p01,stages_bg_stages_morphtok_mv_BGMTI1_BGMTI2_BGMTI3_BGMTI4_BGMTI5__ps-0p001__bias-0p1__cb-0p1__nbm-lhs-parsed__nbe-0p01__nbmin-0p1__lex-from-prev__ls-0p01__04_BGMTI4
mv,BGMTI,4,0.01,0.1,0.001,0.643684,0.470467,-7.229104,stages_bg_stages_morphtok_mv_BGMTI1_BGMTI2_BGMTI3_BGMTI4_BGMTI5__ps-0p01__bias-0p1__cb-0p1__nbm-lhs-parsed__nbe-0p001__nbmin-0p1__lex-from-prev__ls-0p1,stages_bg_stages_morphtok_mv_BGMTI1_BGMTI2_BGMTI3_BGMTI4_BGMTI5__ps-0p01__bias-0p1__cb-0p1__nbm-lhs-parsed__nbe-0p001__nbmin-0p1__lex-from-prev__ls-0p1__04_BGMTI4
mv,BGMTI,4,0.01,0.1,0.005,0.641491,0.470466,-7.229083,stages_bg_stages_morphtok_mv_BGMTI1_BGMTI2_BGMTI3_BGMTI4_BGMTI5__ps-0p01__bias-0p1__cb-0p1__nbm-lhs-parsed__nbe-0p005__nbmin-0p1__lex-from-prev__ls-0p1,stages_bg_stages_morphtok_mv_BGMTI1_BGMTI2_BGMTI3_BGMTI4_BGMTI5__ps-0p01__bias-0p1__cb-0p1__nbm-lhs-parsed__nbe-0p005__nbmin-0p1__lex-from-prev__ls-0p1__04_BGMTI4
mv,BGMTI,4,0.01,0.1,0.01,0.642771,0.470463,-7.229063,stages_bg_stages_morphtok_mv_BGMTI1_BGMTI2_BGMTI3_BGMTI4_BGMTI5__ps-0p01__bias-0p1__cb-0p1__nbm-lhs-parsed__nbe-0p01__nbmin-0p1__lex-from-prev__ls-0p1,stages_bg_stages_morphtok_mv_BGMTI1_BGMTI2_BGMTI3_BGMTI4_BGMTI5__ps-0p01__bias-0p1__cb-0p1__nbm-lhs-parsed__nbe-0p01__nbmin-0p1__lex-from-prev__ls-0p1__04_BGMTI4
mv,BGMTI,4,0.01,0.1,0.05,0.635260,0.470376,-7.229011,stages_bg_stages_morphtok_mv_BGMTI1_BGMTI2_BGMTI3_BGMTI4_BGMTI5__ps-0p01__bias-0p1__cb-0p1__nbm-lhs-parsed__nbe-0p05__nbmin-0p1__lex-from-prev__ls-0p1,stages_bg_stages_morphtok_mv_BGMTI1_BGMTI2_BGMTI3_BGMTI4_BGMTI5__ps-0p01__bias-0p1__cb-0p1__nbm-lhs-parsed__nbe-0p05__nbmin-0p1__lex-from-prev__ls-0p1__04_BGMTI4
mv,BGMTI,4,0.1,0.001,0.001,0.630979,0.458226,-7.152061,stages_bg_stages_morphtok_mv_BGMTI1_BGMTI2_BGMTI3_BGMTI4_BGMTI5__ps-0p1__bias-0p1__cb-0p1__nbm-lhs-parsed__nbe-0p001__nbmin-0p1__lex-from-prev__ls-0p001,stages_bg_stages_morphtok_mv_BGMTI1_BGMTI2_BGMTI3_BGMTI4_BGMTI5__ps-0p1__bias-0p1__cb-0p1__nbm-lhs-parsed__nbe-0p001__nbmin-0p1__lex-from-prev__ls-0p001__04_BGMTI4
mv,BGMTI,4,0.1,0.01,0.001,0.631631,0.459427,-7.242347,stages_bg_stages_morphtok_mv_BGMTI1_BGMTI2_BGMTI3_BGMTI4_BGMTI5__ps-0p1__bias-0p1__cb-0p1__nbm-lhs-parsed__nbe-0p001__nbmin-0p1__lex-from-prev__ls-0p01,stages_bg_stages_morphtok_mv_BGMTI1_BGMTI2_BGMTI3_BGMTI4_BGMTI5__ps-0p1__bias-0p1__cb-0p1__nbm-lhs-parsed__nbe-0p001__nbmin-0p1__lex-from-prev__ls-0p01__04_BGMTI4
mv,BGMTI,4,0.1,0.001,0.005,0.629988,0.457743,-7.152435,stages_bg_stages_morphtok_mv_BGMTI1_BGMTI2_BGMTI3_BGMTI4_BGMTI5__ps-0p1__bias-0p1__cb-0p1__nbm-lhs-parsed__nbe-0p005__nbmin-0p1__lex-from-prev__ls-0p001,stages_bg_stages_morphtok_mv_BGMTI1_BGMTI2_BGMTI3_BGMTI4_BGMTI5__ps-0p1__bias-0p1__cb-0p1__nbm-lhs-parsed__nbe-0p005__nbmin-0p1__lex-from-prev__ls-0p001__04_BGMTI4
mv,BGMTI,4,0.1,0.01,0.005,0.631788,0.458946,-7.242709,stages_bg_stages_morphtok_mv_BGMTI1_BGMTI2_BGMTI3_BGMTI4_BGMTI5__ps-0p1__bias-0p1__cb-0p1__nbm-lhs-parsed__nbe-0p005__nbmin-0p1__lex-from-prev__ls-0p01,stages_bg_stages_morphtok_mv_BGMTI1_BGMTI2_BGMTI3_BGMTI4_BGMTI5__ps-0p1__bias-0p1__cb-0p1__nbm-lhs-parsed__nbe-0p005__nbmin-0p1__lex-from-prev__ls-0p01__04_BGMTI4
mv,BGMTI,4,0.1,0.001,0.01,0.625837,0.457218,-7.152889,stages_bg_stages_morphtok_mv_BGMTI1_BGMTI2_BGMTI3_BGMTI4_BGMTI5__ps-0p1__bias-0p1__cb-0p1__nbm-lhs-parsed__nbe-0p01__nbmin-0p1__lex-from-prev__ls-0p001,stages_bg_stages_morphtok_mv_BGMTI1_BGMTI2_BGMTI3_BGMTI4_BGMTI5__ps-0p1__bias-0p1__cb-0p1__nbm-lhs-parsed__nbe-0p01__nbmin-0p1__lex-from-prev__ls-0p001__04_BGMTI4
mv,BGMTI,4,0.1,0.01,0.01,0.630666,0.458430,-7.243167,stages_bg_stages_morphtok_mv_BGMTI1_BGMTI2_BGMTI3_BGMTI4_BGMTI5__ps-0p1__bias-0p1__cb-0p1__nbm-lhs-parsed__nbe-0p01__nbmin-0p1__lex-from-prev__ls-0p01,stages_bg_stages_morphtok_mv_BGMTI1_BGMTI2_BGMTI3_BGMTI4_BGMTI5__ps-0p1__bias-0p1__cb-0p1__nbm-lhs-parsed__nbe-0p01__nbmin-0p1__lex-from-prev__ls-0p01__04_BGMTI4
mv,BGMTI,4,0.1,0.01,0.05,0.631943,0.456242,-7.245480,stages_bg_stages_morphtok_mv_BGMTI1_BGMTI2_BGMTI3_BGMTI4_BGMTI5__ps-0p1__bias-0p1__cb-0p1__nbm-lhs-parsed__nbe-0p05__nbmin-0p1__lex-from-prev__ls-0p01,stages_bg_stages_morphtok_mv_BGMTI1_BGMTI2_BGMTI3_BGMTI4_BGMTI5__ps-0p1__bias-0p1__cb-0p1__nbm-lhs-parsed__nbe-0p05__nbmin-0p1__lex-from-prev__ls-0p01__04_BGMTI4
mv,BGMTI,4,0.2,0.001,0.001,0.632729,0.462941,-7.153684,stages_bg_stages_morphtok_mv_BGMTI1_BGMTI2_BGMTI3_BGMTI4_BGMTI5__ps-0p2__bias-0p1__cb-0p1__nbm-lhs-parsed__nbe-0p001__nbmin-0p1__lex-from-prev__ls-0p001,stages_bg_stages_morphtok_mv_BGMTI1_BGMTI2_BGMTI3_BGMTI4_BGMTI5__ps-0p2__bias-0p1__cb-0p1__nbm-lhs-parsed__nbe-0p001__nbmin-0p1__lex-from-prev__ls-0p001__04_BGMTI4
mv,BGMTI,4,0.2,0.01,0.001,0.638710,0.464383,-7.245950,stages_bg_stages_morphtok_mv_BGMTI1_BGMTI2_BGMTI3_BGMTI4_BGMTI5__ps-0p2__bias-0p1__cb-0p1__nbm-lhs-parsed__nbe-0p001__nbmin-0p1__lex-from-prev__ls-0p01,stages_bg_stages_morphtok_mv_BGMTI1_BGMTI2_BGMTI3_BGMTI4_BGMTI5__ps-0p2__bias-0p1__cb-0p1__nbm-lhs-parsed__nbe-0p001__nbmin-0p1__lex-from-prev__ls-0p01__04_BGMTI4
mv,BGMTI,4,0.2,0.1,0.001,0.661429,0.489504,-7.225451,stages_bg_stages_morphtok_mv_BGMTI1_BGMTI2_BGMTI3_BGMTI4_BGMTI5__ps-0p2__bias-0p1__cb-0p1__nbm-lhs-parsed__nbe-0p001__nbmin-0p1__lex-from-prev__ls-0p1,stages_bg_stages_morphtok_mv_BGMTI1_BGMTI2_BGMTI3_BGMTI4_BGMTI5__ps-0p2__bias-0p1__cb-0p1__nbm-lhs-parsed__nbe-0p001__nbmin-0p1__lex-from-prev__ls-0p1__04_BGMTI4
mv,BGMTI,4,0.2,0.1,0.005,0.657998,0.487703,-7.226757,stages_bg_stages_morphtok_mv_BGMTI1_BGMTI2_BGMTI3_BGMTI4_BGMTI5__ps-0p2__bias-0p1__cb-0p1__nbm-lhs-parsed__nbe-0p005__nbmin-0p1__lex-from-prev__ls-0p1,stages_bg_stages_morphtok_mv_BGMTI1_BGMTI2_BGMTI3_BGMTI4_BGMTI5__ps-0p2__bias-0p1__cb-0p1__nbm-lhs-parsed__nbe-0p005__nbmin-0p1__lex-from-prev__ls-0p1__04_BGMTI4
mv,BGMTI,4,0.2,0.001,0.01,0.633333,0.459173,-7.156897,stages_bg_stages_morphtok_mv_BGMTI1_BGMTI2_BGMTI3_BGMTI4_BGMTI5__ps-0p2__bias-0p1__cb-0p1__nbm-lhs-parsed__nbe-0p01__nbmin-0p1__lex-from-prev__ls-0p001,stages_bg_stages_morphtok_mv_BGMTI1_BGMTI2_BGMTI3_BGMTI4_BGMTI5__ps-0p2__bias-0p1__cb-0p1__nbm-lhs-parsed__nbe-0p01__nbmin-0p1__lex-from-prev__ls-0p001__04_BGMTI4
mv,BGMTI,5,0.001,0.001,0.001,0.683544,0.287550,-7.648471,stages_bg_stages_morphtok_mv_BGMTI1_BGMTI2_BGMTI3_BGMTI4_BGMTI5__ps-0p001__bias-0p1__cb-0p1__nbm-lhs-parsed__nbe-0p001__nbmin-0p1__lex-from-prev__ls-0p001,stages_bg_stages_morphtok_mv_BGMTI1_BGMTI2_BGMTI3_BGMTI4_BGMTI5__ps-0p001__bias-0p1__cb-0p1__nbm-lhs-parsed__nbe-0p001__nbmin-0p1__lex-from-prev__ls-0p001__05_BGMTI5
mv,BGMTI,5,0.001,0.001,0.005,0.683963,0.287550,-7.648471,stages_bg_stages_morphtok_mv_BGMTI1_BGMTI2_BGMTI3_BGMTI4_BGMTI5__ps-0p001__bias-0p1__cb-0p1__nbm-lhs-parsed__nbe-0p005__nbmin-0p1__lex-from-prev__ls-0p001,stages_bg_stages_morphtok_mv_BGMTI1_BGMTI2_BGMTI3_BGMTI4_BGMTI5__ps-0p001__bias-0p1__cb-0p1__nbm-lhs-parsed__nbe-0p005__nbmin-0p1__lex-from-prev__ls-0p001__05_BGMTI5
mv,BGMTI,5,0.001,0.01,0.005,0.684381,0.288361,-7.646321,stages_bg_stages_morphtok_mv_BGMTI1_BGMTI2_BGMTI3_BGMTI4_BGMTI5__ps-0p001__bias-0p1__cb-0p1__nbm-lhs-parsed__nbe-0p005__nbmin-0p1__lex-from-prev__ls-0p01,stages_bg_stages_morphtok_mv_BGMTI1_BGMTI2_BGMTI3_BGMTI4_BGMTI5__ps-0p001__bias-0p1__cb-0p1__nbm-lhs-parsed__nbe-0p005__nbmin-0p1__lex-from-prev__ls-0p01__05_BGMTI5
mv,BGMTI,5,0.001,0.01,0.01,0.683544,0.288351,-7.646321,stages_bg_stages_morphtok_mv_BGMTI1_BGMTI2_BGMTI3_BGMTI4_BGMTI5__ps-0p001__bias-0p1__cb-0p1__nbm-lhs-parsed__nbe-0p01__nbmin-0p1__lex-from-prev__ls-0p01,stages_bg_stages_morphtok_mv_BGMTI1_BGMTI2_BGMTI3_BGMTI4_BGMTI5__ps-0p001__bias-0p1__cb-0p1__nbm-lhs-parsed__nbe-0p01__nbmin-0p1__lex-from-prev__ls-0p01__05_BGMTI5
mv,BGMTI,5,0.01,0.1,0.001,0.685106,0.293781,-7.640302,stages_bg_stages_morphtok_mv_BGMTI1_BGMTI2_BGMTI3_BGMTI4_BGMTI5__ps-0p01__bias-0p1__cb-0p1__nbm-lhs-parsed__nbe-0p001__nbmin-0p1__lex-from-prev__ls-0p1,stages_bg_stages_morphtok_mv_BGMTI1_BGMTI2_BGMTI3_BGMTI4_BGMTI5__ps-0p01__bias-0p1__cb-0p1__nbm-lhs-parsed__nbe-0p001__nbmin-0p1__lex-from-prev__ls-0p1__05_BGMTI5
mv,BGMTI,5,0.01,0.1,0.005,0.684271,0.293578,-7.640307,stages_bg_stages_morphtok_mv_BGMTI1_BGMTI2_BGMTI3_BGMTI4_BGMTI5__ps-0p01__bias-0p1__cb-0p1__nbm-lhs-parsed__nbe-0p005__nbmin-0p1__lex-from-prev__ls-0p1,stages_bg_stages_morphtok_mv_BGMTI1_BGMTI2_BGMTI3_BGMTI4_BGMTI5__ps-0p01__bias-0p1__cb-0p1__nbm-lhs-parsed__nbe-0p005__nbmin-0p1__lex-from-prev__ls-0p1__05_BGMTI5
mv,BGMTI,5,0.01,0.1,0.01,0.684271,0.293271,-7.640315,stages_bg_stages_morphtok_mv_BGMTI1_BGMTI2_BGMTI3_BGMTI4_BGMTI5__ps-0p01__bias-0p1__cb-0p1__nbm-lhs-parsed__nbe-0p01__nbmin-0p1__lex-from-prev__ls-0p1,stages_bg_stages_morphtok_mv_BGMTI1_BGMTI2_BGMTI3_BGMTI4_BGMTI5__ps-0p01__bias-0p1__cb-0p1__nbm-lhs-parsed__nbe-0p01__nbmin-0p1__lex-from-prev__ls-0p1__05_BGMTI5
mv,BGMTI,5,0.01,0.1,0.05,0.683579,0.291263,-7.640593,stages_bg_stages_morphtok_mv_BGMTI1_BGMTI2_BGMTI3_BGMTI4_BGMTI5__ps-0p01__bias-0p1__cb-0p1__nbm-lhs-parsed__nbe-0p05__nbmin-0p1__lex-from-prev__ls-0p1,stages_bg_stages_morphtok_mv_BGMTI1_BGMTI2_BGMTI3_BGMTI4_BGMTI5__ps-0p01__bias-0p1__cb-0p1__nbm-lhs-parsed__nbe-0p05__nbmin-0p1__lex-from-prev__ls-0p1__05_BGMTI5
mv,BGMTI,5,0.1,0.001,0.001,0.684703,0.285152,-7.635452,stages_bg_stages_morphtok_mv_BGMTI1_BGMTI2_BGMTI3_BGMTI4_BGMTI5__ps-0p1__bias-0p1__cb-0p1__nbm-lhs-parsed__nbe-0p001__nbmin-0p1__lex-from-prev__ls-0p001,stages_bg_stages_morphtok_mv_BGMTI1_BGMTI2_BGMTI3_BGMTI4_BGMTI5__ps-0p1__bias-0p1__cb-0p1__nbm-lhs-parsed__nbe-0p001__nbmin-0p1__lex-from-prev__ls-0p001__05_BGMTI5
mv,BGMTI,5,0.1,0.01,0.001,0.686576,0.285809,-7.633476,stages_bg_stages_morphtok_mv_BGMTI1_BGMTI2_BGMTI3_BGMTI4_BGMTI5__ps-0p1__bias-0p1__cb-0p1__nbm-lhs-parsed__nbe-0p001__nbmin-0p1__lex-from-prev__ls-0p01,stages_bg_stages_morphtok_mv_BGMTI1_BGMTI2_BGMTI3_BGMTI4_BGMTI5__ps-0p1__bias-0p1__cb-0p1__nbm-lhs-parsed__nbe-0p001__nbmin-0p1__lex-from-prev__ls-0p01__05_BGMTI5
mv,BGMTI,5,0.1,0.001,0.005,0.684615,0.282997,-7.635562,stages_bg_stages_morphtok_mv_BGMTI1_BGMTI2_BGMTI3_BGMTI4_BGMTI5__ps-0p1__bias-0p1__cb-0p1__nbm-lhs-parsed__nbe-0p005__nbmin-0p1__lex-from-prev__ls-0p001,stages_bg_stages_morphtok_mv_BGMTI1_BGMTI2_BGMTI3_BGMTI4_BGMTI5__ps-0p1__bias-0p1__cb-0p1__nbm-lhs-parsed__nbe-0p005__nbmin-0p1__lex-from-prev__ls-0p001__05_BGMTI5
mv,BGMTI,5,0.1,0.01,0.005,0.689333,0.283654,-7.633357,stages_bg_stages_morphtok_mv_BGMTI1_BGMTI2_BGMTI3_BGMTI4_BGMTI5__ps-0p1__bias-0p1__cb-0p1__nbm-lhs-parsed__nbe-0p005__nbmin-0p1__lex-from-prev__ls-0p01,stages_bg_stages_morphtok_mv_BGMTI1_BGMTI2_BGMTI3_BGMTI4_BGMTI5__ps-0p1__bias-0p1__cb-0p1__nbm-lhs-parsed__nbe-0p005__nbmin-0p1__lex-from-prev__ls-0p01__05_BGMTI5
mv,BGMTI,5,0.1,0.001,0.01,0.684134,0.281104,-7.635410,stages_bg_stages_morphtok_mv_BGMTI1_BGMTI2_BGMTI3_BGMTI4_BGMTI5__ps-0p1__bias-0p1__cb-0p1__nbm-lhs-parsed__nbe-0p01__nbmin-0p1__lex-from-prev__ls-0p001,stages_bg_stages_morphtok_mv_BGMTI1_BGMTI2_BGMTI3_BGMTI4_BGMTI5__ps-0p1__bias-0p1__cb-0p1__nbm-lhs-parsed__nbe-0p01__nbmin-0p1__lex-from-prev__ls-0p001__05_BGMTI5
mv,BGMTI,5,0.1,0.01,0.01,0.689189,0.281775,-7.633184,stages_bg_stages_morphtok_mv_BGMTI1_BGMTI2_BGMTI3_BGMTI4_BGMTI5__ps-0p1__bias-0p1__cb-0p1__nbm-lhs-parsed__nbe-0p01__nbmin-0p1__lex-from-prev__ls-0p01,stages_bg_stages_morphtok_mv_BGMTI1_BGMTI2_BGMTI3_BGMTI4_BGMTI5__ps-0p1__bias-0p1__cb-0p1__nbm-lhs-parsed__nbe-0p01__nbmin-0p1__lex-from-prev__ls-0p01__05_BGMTI5
mv,BGMTI,5,0.1,0.01,0.05,0.686077,0.273555,-7.630571,stages_bg_stages_morphtok_mv_BGMTI1_BGMTI2_BGMTI3_BGMTI4_BGMTI5__ps-0p1__bias-0p1__cb-0p1__nbm-lhs-parsed__nbe-0p05__nbmin-0p1__lex-from-prev__ls-0p01,stages_bg_stages_morphtok_mv_BGMTI1_BGMTI2_BGMTI3_BGMTI4_BGMTI5__ps-0p1__bias-0p1__cb-0p1__nbm-lhs-parsed__nbe-0p05__nbmin-0p1__lex-from-prev__ls-0p01__05_BGMTI5
mv,BGMTI,5,0.2,0.001,0.001,0.694184,0.292234,-7.623497,stages_bg_stages_morphtok_mv_BGMTI1_BGMTI2_BGMTI3_BGMTI4_BGMTI5__ps-0p2__bias-0p1__cb-0p1__nbm-lhs-parsed__nbe-0p001__nbmin-0p1__lex-from-prev__ls-0p001,stages_bg_stages_morphtok_mv_BGMTI1_BGMTI2_BGMTI3_BGMTI4_BGMTI5__ps-0p2__bias-0p1__cb-0p1__nbm-lhs-parsed__nbe-0p001__nbmin-0p1__lex-from-prev__ls-0p001__05_BGMTI5
mv,BGMTI,5,0.2,0.01,0.001,0.693059,0.292656,-7.620041,stages_bg_stages_morphtok_mv_BGMTI1_BGMTI2_BGMTI3_BGMTI4_BGMTI5__ps-0p2__bias-0p1__cb-0p1__nbm-lhs-parsed__nbe-0p001__nbmin-0p1__lex-from-prev__ls-0p01,stages_bg_stages_morphtok_mv_BGMTI1_BGMTI2_BGMTI3_BGMTI4_BGMTI5__ps-0p2__bias-0p1__cb-0p1__nbm-lhs-parsed__nbe-0p001__nbmin-0p1__lex-from-prev__ls-0p01__05_BGMTI5
mv,BGMTI,5,0.2,0.1,0.001,0.691808,0.299925,-7.609256,stages_bg_stages_morphtok_mv_BGMTI1_BGMTI2_BGMTI3_BGMTI4_BGMTI5__ps-0p2__bias-0p1__cb-0p1__nbm-lhs-parsed__nbe-0p001__nbmin-0p1__lex-from-prev__ls-0p1,stages_bg_stages_morphtok_mv_BGMTI1_BGMTI2_BGMTI3_BGMTI4_BGMTI5__ps-0p2__bias-0p1__cb-0p1__nbm-lhs-parsed__nbe-0p001__nbmin-0p1__lex-from-prev__ls-0p1__05_BGMTI5
mv,BGMTI,5,0.2,0.1,0.005,0.691928,0.295726,-7.608918,stages_bg_stages_morphtok_mv_BGMTI1_BGMTI2_BGMTI3_BGMTI4_BGMTI5__ps-0p2__bias-0p1__cb-0p1__nbm-lhs-parsed__nbe-0p005__nbmin-0p1__lex-from-prev__ls-0p1,stages_bg_stages_morphtok_mv_BGMTI1_BGMTI2_BGMTI3_BGMTI4_BGMTI5__ps-0p2__bias-0p1__cb-0p1__nbm-lhs-parsed__nbe-0p005__nbmin-0p1__lex-from-prev__ls-0p1__05_BGMTI5
mv,BGMTI,5,0.2,0.001,0.01,0.684381,0.284299,-7.622171,stages_bg_stages_morphtok_mv_BGMTI1_BGMTI2_BGMTI3_BGMTI4_BGMTI5__ps-0p2__bias-0p1__cb-0p1__nbm-lhs-parsed__nbe-0p01__nbmin-0p1__lex-from-prev__ls-0p001,stages_bg_stages_morphtok_mv_BGMTI1_BGMTI2_BGMTI3_BGMTI4_BGMTI5__ps-0p2__bias-0p1__cb-0p1__nbm-lhs-parsed__nbe-0p01__nbmin-0p1__lex-from-prev__ls-0p001__05_BGMTI5
mv,BGMTMMM,1,0.001,0.001,0.001,0.551550,0.579985,-8.154519,stages_bg_stages_morphtok_mv_BGMTMMM1_BGMTMMM2_BGMTMMM3_BGMTMMM4_BGMTMMM5__ps-0p001__bias-0p1__cb-0p1__nbm-lhs-parsed__nbe-0p001__nbmin-0p1__lex-from-prev__ls-0p001,stages_bg_stages_morphtok_mv_BGMTMMM1_BGMTMMM2_BGMTMMM3_BGMTMMM4_BGMTMMM5__ps-0p001__bias-0p1__cb-0p1__nbm-lhs-parsed__nbe-0p001__nbmin-0p1__lex-from-prev__ls-0p001__01_BGMTMMM1
mv,BGMTMMM,1,0.001,0.01,0.001,0.551550,0.579985,-8.154519,stages_bg_stages_morphtok_mv_BGMTMMM1_BGMTMMM2_BGMTMMM3_BGMTMMM4_BGMTMMM5__ps-0p001__bias-0p1__cb-0p1__nbm-lhs-parsed__nbe-0p001__nbmin-0p1__lex-from-prev__ls-0p01,stages_bg_stages_morphtok_mv_BGMTMMM1_BGMTMMM2_BGMTMMM3_BGMTMMM4_BGMTMMM5__ps-0p001__bias-0p1__cb-0p1__nbm-lhs-parsed__nbe-0p001__nbmin-0p1__lex-from-prev__ls-0p01__01_BGMTMMM1
mv,BGMTMMM,1,0.001,0.001,0.005,0.551550,0.579985,-8.154519,stages_bg_stages_morphtok_mv_BGMTMMM1_BGMTMMM2_BGMTMMM3_BGMTMMM4_BGMTMMM5__ps-0p001__bias-0p1__cb-0p1__nbm-lhs-parsed__nbe-0p005__nbmin-0p1__lex-from-prev__ls-0p001,stages_bg_stages_morphtok_mv_BGMTMMM1_BGMTMMM2_BGMTMMM3_BGMTMMM4_BGMTMMM5__ps-0p001__bias-0p1__cb-0p1__nbm-lhs-parsed__nbe-0p005__nbmin-0p1__lex-from-prev__ls-0p001__01_BGMTMMM1
mv,BGMTMMM,1,0.001,0.01,0.005,0.551550,0.579985,-8.154519,stages_bg_stages_morphtok_mv_BGMTMMM1_BGMTMMM2_BGMTMMM3_BGMTMMM4_BGMTMMM5__ps-0p001__bias-0p1__cb-0p1__nbm-lhs-parsed__nbe-0p005__nbmin-0p1__lex-from-prev__ls-0p01,stages_bg_stages_morphtok_mv_BGMTMMM1_BGMTMMM2_BGMTMMM3_BGMTMMM4_BGMTMMM5__ps-0p001__bias-0p1__cb-0p1__nbm-lhs-parsed__nbe-0p005__nbmin-0p1__lex-from-prev__ls-0p01__01_BGMTMMM1
mv,BGMTMMM,1,0.001,0.001,0.05,0.551550,0.579985,-8.154519,stages_bg_stages_morphtok_mv_BGMTMMM1_BGMTMMM2_BGMTMMM3_BGMTMMM4_BGMTMMM5__ps-0p001__bias-0p1__cb-0p1__nbm-lhs-parsed__nbe-0p05__nbmin-0p1__lex-from-prev__ls-0p001,stages_bg_stages_morphtok_mv_BGMTMMM1_BGMTMMM2_BGMTMMM3_BGMTMMM4_BGMTMMM5__ps-0p001__bias-0p1__cb-0p1__nbm-lhs-parsed__nbe-0p05__nbmin-0p1__lex-from-prev__ls-0p001__01_BGMTMMM1
mv,BGMTMMM,1,0.001,0.01,0.05,0.551550,0.579985,-8.154519,stages_bg_stages_morphtok_mv_BGMTMMM1_BGMTMMM2_BGMTMMM3_BGMTMMM4_BGMTMMM5__ps-0p001__bias-0p1__cb-0p1__nbm-lhs-parsed__nbe-0p05__nbmin-0p1__lex-from-prev__ls-0p01,stages_bg_stages_morphtok_mv_BGMTMMM1_BGMTMMM2_BGMTMMM3_BGMTMMM4_BGMTMMM5__ps-0p001__bias-0p1__cb-0p1__nbm-lhs-parsed__nbe-0p05__nbmin-0p1__lex-from-prev__ls-0p01__01_BGMTMMM1
mv,BGMTMMM,1,0.05,0.01,0.05,0.551550,0.579985,-8.154519,stages_bg_stages_morphtok_mv_BGMTMMM1_BGMTMMM2_BGMTMMM3_BGMTMMM4_BGMTMMM5__ps-0p05__bias-0p1__cb-0p1__nbm-lhs-parsed__nbe-0p05__nbmin-0p1__lex-from-prev__ls-0p01,stages_bg_stages_morphtok_mv_BGMTMMM1_BGMTMMM2_BGMTMMM3_BGMTMMM4_BGMTMMM5__ps-0p05__bias-0p1__cb-0p1__nbm-lhs-parsed__nbe-0p05__nbmin-0p1__lex-from-prev__ls-0p01__01_BGMTMMM1
mv,BGMTMMM,1,0.1,0.01,0.001,0.551550,0.579985,-8.154519,stages_bg_stages_morphtok_mv_BGMTMMM1_BGMTMMM2_BGMTMMM3_BGMTMMM4_BGMTMMM5__ps-0p1__bias-0p1__cb-0p1__nbm-lhs-parsed__nbe-0p001__nbmin-0p1__lex-from-prev__ls-0p01,stages_bg_stages_morphtok_mv_BGMTMMM1_BGMTMMM2_BGMTMMM3_BGMTMMM4_BGMTMMM5__ps-0p1__bias-0p1__cb-0p1__nbm-lhs-parsed__nbe-0p001__nbmin-0p1__lex-from-prev__ls-0p01__01_BGMTMMM1
mv,BGMTMMM,1,0.1,0.001,0.005,0.551550,0.579985,-8.154519,stages_bg_stages_morphtok_mv_BGMTMMM1_BGMTMMM2_BGMTMMM3_BGMTMMM4_BGMTMMM5__ps-0p1__bias-0p1__cb-0p1__nbm-lhs-parsed__nbe-0p005__nbmin-0p1__lex-from-prev__ls-0p001,stages_bg_stages_morphtok_mv_BGMTMMM1_BGMTMMM2_BGMTMMM3_BGMTMMM4_BGMTMMM5__ps-0p1__bias-0p1__cb-0p1__nbm-lhs-parsed__nbe-0p005__nbmin-0p1__lex-from-prev__ls-0p001__01_BGMTMMM1
mv,BGMTMMM,1,0.1,0.01,0.005,0.551550,0.579985,-8.154519,stages_bg_stages_morphtok_mv_BGMTMMM1_BGMTMMM2_BGMTMMM3_BGMTMMM4_BGMTMMM5__ps-0p1__bias-0p1__cb-0p1__nbm-lhs-parsed__nbe-0p005__nbmin-0p1__lex-from-prev__ls-0p01,stages_bg_stages_morphtok_mv_BGMTMMM1_BGMTMMM2_BGMTMMM3_BGMTMMM4_BGMTMMM5__ps-0p1__bias-0p1__cb-0p1__nbm-lhs-parsed__nbe-0p005__nbmin-0p1__lex-from-prev__ls-0p01__01_BGMTMMM1
mv,BGMTMMM,1,0.1,0.1,0.005,0.551550,0.579985,-8.154519,stages_bg_stages_morphtok_mv_BGMTMMM1_BGMTMMM2_BGMTMMM3_BGMTMMM4_BGMTMMM5__ps-0p1__bias-0p1__cb-0p1__nbm-lhs-parsed__nbe-0p005__nbmin-0p1__lex-from-prev__ls-0p1,stages_bg_stages_morphtok_mv_BGMTMMM1_BGMTMMM2_BGMTMMM3_BGMTMMM4_BGMTMMM5__ps-0p1__bias-0p1__cb-0p1__nbm-lhs-parsed__nbe-0p005__nbmin-0p1__lex-from-prev__ls-0p1__01_BGMTMMM1
mv,BGMTMMM,1,0.1,0.001,0.01,0.551550,0.579985,-8.154519,stages_bg_stages_morphtok_mv_BGMTMMM1_BGMTMMM2_BGMTMMM3_BGMTMMM4_BGMTMMM5__ps-0p1__bias-0p1__cb-0p1__nbm-lhs-parsed__nbe-0p01__nbmin-0p1__lex-from-prev__ls-0p001,stages_bg_stages_morphtok_mv_BGMTMMM1_BGMTMMM2_BGMTMMM3_BGMTMMM4_BGMTMMM5__ps-0p1__bias-0p1__cb-0p1__nbm-lhs-parsed__nbe-0p01__nbmin-0p1__lex-from-prev__ls-0p001__01_BGMTMMM1
mv,BGMTMMM,1,0.1,0.01,0.01,0.551550,0.579985,-8.154519,stages_bg_stages_morphtok_mv_BGMTMMM1_BGMTMMM2_BGMTMMM3_BGMTMMM4_BGMTMMM5__ps-0p1__bias-0p1__cb-0p1__nbm-lhs-parsed__nbe-0p01__nbmin-0p1__lex-from-prev__ls-0p01,stages_bg_stages_morphtok_mv_BGMTMMM1_BGMTMMM2_BGMTMMM3_BGMTMMM4_BGMTMMM5__ps-0p1__bias-0p1__cb-0p1__nbm-lhs-parsed__nbe-0p01__nbmin-0p1__lex-from-prev__ls-0p01__01_BGMTMMM1
mv,BGMTMMM,1,0.1,0.1,0.01,0.551550,0.579985,-8.154519,stages_bg_stages_morphtok_mv_BGMTMMM1_BGMTMMM2_BGMTMMM3_BGMTMMM4_BGMTMMM5__ps-0p1__bias-0p1__cb-0p1__nbm-lhs-parsed__nbe-0p01__nbmin-0p1__lex-from-prev__ls-0p1,stages_bg_stages_morphtok_mv_BGMTMMM1_BGMTMMM2_BGMTMMM3_BGMTMMM4_BGMTMMM5__ps-0p1__bias-0p1__cb-0p1__nbm-lhs-parsed__nbe-0p01__nbmin-0p1__lex-from-prev__ls-0p1__01_BGMTMMM1
mv,BGMTMMM,1,0.1,0.01,0.05,0.551550,0.579985,-8.154519,stages_bg_stages_morphtok_mv_BGMTMMM1_BGMTMMM2_BGMTMMM3_BGMTMMM4_BGMTMMM5__ps-0p1__bias-0p1__cb-0p1__nbm-lhs-parsed__nbe-0p05__nbmin-0p1__lex-from-prev__ls-0p01,stages_bg_stages_morphtok_mv_BGMTMMM1_BGMTMMM2_BGMTMMM3_BGMTMMM4_BGMTMMM5__ps-0p1__bias-0p1__cb-0p1__nbm-lhs-parsed__nbe-0p05__nbmin-0p1__lex-from-prev__ls-0p01__01_BGMTMMM1
mv,BGMTMMM,1,0.2,0.1,0.001,0.551550,0.579985,-8.154519,stages_bg_stages_morphtok_mv_BGMTMMM1_BGMTMMM2_BGMTMMM3_BGMTMMM4_BGMTMMM5__ps-0p2__bias-0p1__cb-0p1__nbm-lhs-parsed__nbe-0p001__nbmin-0p1__lex-from-prev__ls-0p1,stages_bg_stages_morphtok_mv_BGMTMMM1_BGMTMMM2_BGMTMMM3_BGMTMMM4_BGMTMMM5__ps-0p2__bias-0p1__cb-0p1__nbm-lhs-parsed__nbe-0p001__nbmin-0p1__lex-from-prev__ls-0p1__01_BGMTMMM1
mv,BGMTMMM,1,0.2,0.1,0.005,0.551550,0.579985,-8.154519,stages_bg_stages_morphtok_mv_BGMTMMM1_BGMTMMM2_BGMTMMM3_BGMTMMM4_BGMTMMM5__ps-0p2__bias-0p1__cb-0p1__nbm-lhs-parsed__nbe-0p005__nbmin-0p1__lex-from-prev__ls-0p1,stages_bg_stages_morphtok_mv_BGMTMMM1_BGMTMMM2_BGMTMMM3_BGMTMMM4_BGMTMMM5__ps-0p2__bias-0p1__cb-0p1__nbm-lhs-parsed__nbe-0p005__nbmin-0p1__lex-from-prev__ls-0p1__01_BGMTMMM1
mv,BGMTMMM,1,0.2,0.1,0.01,0.551550,0.579985,-8.154519,stages_bg_stages_morphtok_mv_BGMTMMM1_BGMTMMM2_BGMTMMM3_BGMTMMM4_BGMTMMM5__ps-0p2__bias-0p1__cb-0p1__nbm-lhs-parsed__nbe-0p01__nbmin-0p1__lex-from-prev__ls-0p1,stages_bg_stages_morphtok_mv_BGMTMMM1_BGMTMMM2_BGMTMMM3_BGMTMMM4_BGMTMMM5__ps-0p2__bias-0p1__cb-0p1__nbm-lhs-parsed__nbe-0p01__nbmin-0p1__lex-from-prev__ls-0p1__01_BGMTMMM1
mv,BGMTMMM,1,0.2,0.01,0.05,0.551550,0.579985,-8.154519,stages_bg_stages_morphtok_mv_BGMTMMM1_BGMTMMM2_BGMTMMM3_BGMTMMM4_BGMTMMM5__ps-0p2__bias-0p1__cb-0p1__nbm-lhs-parsed__nbe-0p05__nbmin-0p1__lex-from-prev__ls-0p01,stages_bg_stages_morphtok_mv_BGMTMMM1_BGMTMMM2_BGMTMMM3_BGMTMMM4_BGMTMMM5__ps-0p2__bias-0p1__cb-0p1__nbm-lhs-parsed__nbe-0p05__nbmin-0p1__lex-from-prev__ls-0p01__01_BGMTMMM1
mv,BGMTMMM,1,0.2,0.1,0.05,0.551550,0.579985,-8.154519,stages_bg_stages_morphtok_mv_BGMTMMM1_BGMTMMM2_BGMTMMM3_BGMTMMM4_BGMTMMM5__ps-0p2__bias-0p1__cb-0p1__nbm-lhs-parsed__nbe-0p05__nbmin-0p1__lex-from-prev__ls-0p1,stages_bg_stages_morphtok_mv_BGMTMMM1_BGMTMMM2_BGMTMMM3_BGMTMMM4_BGMTMMM5__ps-0p2__bias-0p1__cb-0p1__nbm-lhs-parsed__nbe-0p05__nbmin-0p1__lex-from-prev__ls-0p1__01_BGMTMMM1
mv,BGMTMMM,2,0.001,0.001,0.001,0.618438,0.461736,-7.265255,stages_bg_stages_morphtok_mv_BGMTMMM1_BGMTMMM2_BGMTMMM3_BGMTMMM4_BGMTMMM5__ps-0p001__bias-0p1__cb-0p1__nbm-lhs-parsed__nbe-0p001__nbmin-0p1__lex-from-prev__ls-0p001,stages_bg_stages_morphtok_mv_BGMTMMM1_BGMTMMM2_BGMTMMM3_BGMTMMM4_BGMTMMM5__ps-0p001__bias-0p1__cb-0p1__nbm-lhs-parsed__nbe-0p001__nbmin-0p1__lex-from-prev__ls-0p001__02_BGMTMMM2
mv,BGMTMMM,2,0.001,0.01,0.001,0.631625,0.461631,-7.265686,stages_bg_stages_morphtok_mv_BGMTMMM1_BGMTMMM2_BGMTMMM3_BGMTMMM4_BGMTMMM5__ps-0p001__bias-0p1__cb-0p1__nbm-lhs-parsed__nbe-0p001__nbmin-0p1__lex-from-prev__ls-0p01,stages_bg_stages_morphtok_mv_BGMTMMM1_BGMTMMM2_BGMTMMM3_BGMTMMM4_BGMTMMM5__ps-0p001__bias-0p1__cb-0p1__nbm-lhs-parsed__nbe-0p001__nbmin-0p1__lex-from-prev__ls-0p01__02_BGMTMMM2
mv,BGMTMMM,2,0.001,0.001,0.005,0.618438,0.461736,-7.265255,stages_bg_stages_morphtok_mv_BGMTMMM1_BGMTMMM2_BGMTMMM3_BGMTMMM4_BGMTMMM5__ps-0p001__bias-0p1__cb-0p1__nbm-lhs-parsed__nbe-0p005__nbmin-0p1__lex-from-prev__ls-0p001,stages_bg_stages_morphtok_mv_BGMTMMM1_BGMTMMM2_BGMTMMM3_BGMTMMM4_BGMTMMM5__ps-0p001__bias-0p1__cb-0p1__nbm-lhs-parsed__nbe-0p005__nbmin-0p1__lex-from-prev__ls-0p001__02_BGMTMMM2
mv,BGMTMMM,2,0.001,0.01,0.005,0.631625,0.461631,-7.265686,stages_bg_stages_morphtok_mv_BGMTMMM1_BGMTMMM2_BGMTMMM3_BGMTMMM4_BGMTMMM5__ps-0p001__bias-0p1__cb-0p1__nbm-lhs-parsed__nbe-0p005__nbmin-0p1__lex-from-prev__ls-0p01,stages_bg_stages_morphtok_mv_BGMTMMM1_BGMTMMM2_BGMTMMM3_BGMTMMM4_BGMTMMM5__ps-0p001__bias-0p1__cb-0p1__nbm-lhs-parsed__nbe-0p005__nbmin-0p1__lex-from-prev__ls-0p01__02_BGMTMMM2
mv,BGMTMMM,2,0.001,0.001,0.05,0.619321,0.461607,-7.265239,stages_bg_stages_morphtok_mv_BGMTMMM1_BGMTMMM2_BGMTMMM3_BGMTMMM4_BGMTMMM5__ps-0p001__bias-0p1__cb-0p1__nbm-lhs-parsed__nbe-0p05__nbmin-0p1__lex-from-prev__ls-0p001,stages_bg_stages_morphtok_mv_BGMTMMM1_BGMTMMM2_BGMTMMM3_BGMTMMM4_BGMTMMM5__ps-0p001__bias-0p1__cb-0p1__nbm-lhs-parsed__nbe-0p05__nbmin-0p1__lex-from-prev__ls-0p001__02_BGMTMMM2
mv,BGMTMMM,2,0.001,0.01,0.05,0.626369,0.461469,-7.265669,stages_bg_stages_morphtok_mv_BGMTMMM1_BGMTMMM2_BGMTMMM3_BGMTMMM4_BGMTMMM5__ps-0p001__bias-0p1__cb-0p1__nbm-lhs-parsed__nbe-0p05__nbmin-0p1__lex-from-prev__ls-0p01,stages_bg_stages_morphtok_mv_BGMTMMM1_BGMTMMM2_BGMTMMM3_BGMTMMM4_BGMTMMM5__ps-0p001__bias-0p1__cb-0p1__nbm-lhs-parsed__nbe-0p05__nbmin-0p1__lex-from-prev__ls-0p01__02_BGMTMMM2
mv,BGMTMMM,2,0.05,0.01,0.05,0.629407,0.436936,-7.263437,stages_bg_stages_morphtok_mv_BGMTMMM1_BGMTMMM2_BGMTMMM3_BGMTMMM4_BGMTMMM5__ps-0p05__bias-0p1__cb-0p1__nbm-lhs-parsed__nbe-0p05__nbmin-0p1__lex-from-prev__ls-0p01,stages_bg_stages_morphtok_mv_BGMTMMM1_BGMTMMM2_BGMTMMM3_BGMTMMM4_BGMTMMM5__ps-0p05__bias-0p1__cb-0p1__nbm-lhs-parsed__nbe-0p05__nbmin-0p1__lex-from-prev__ls-0p01__02_BGMTMMM2
mv,BGMTMMM,2,0.1,0.01,0.001,0.620807,0.451493,-7.265860,stages_bg_stages_morphtok_mv_BGMTMMM1_BGMTMMM2_BGMTMMM3_BGMTMMM4_BGMTMMM5__ps-0p1__bias-0p1__cb-0p1__nbm-lhs-parsed__nbe-0p001__nbmin-0p1__lex-from-prev__ls-0p01,stages_bg_stages_morphtok_mv_BGMTMMM1_BGMTMMM2_BGMTMMM3_BGMTMMM4_BGMTMMM5__ps-0p1__bias-0p1__cb-0p1__nbm-lhs-parsed__nbe-0p001__nbmin-0p1__lex-from-prev__ls-0p01__02_BGMTMMM2
mv,BGMTMMM,2,0.1,0.001,0.005,0.620778,0.439471,-7.266360,stages_bg_stages_morphtok_mv_BGMTMMM1_BGMTMMM2_BGMTMMM3_BGMTMMM4_BGMTMMM5__ps-0p1__bias-0p1__cb-0p1__nbm-lhs-parsed__nbe-0p005__nbmin-0p1__lex-from-prev__ls-0p001,stages_bg_stages_morphtok_mv_BGMTMMM1_BGMTMMM2_BGMTMMM3_BGMTMMM4_BGMTMMM5__ps-0p1__bias-0p1__cb-0p1__nbm-lhs-parsed__nbe-0p005__nbmin-0p1__lex-from-prev__ls-0p001__02_BGMTMMM2
mv,BGMTMMM,2,0.1,0.01,0.005,0.625053,0.444484,-7.266055,stages_bg_stages_morphtok_mv_BGMTMMM1_BGMTMMM2_BGMTMMM3_BGMTMMM4_BGMTMMM5__ps-0p1__bias-0p1__cb-0p1__nbm-lhs-parsed__nbe-0p005__nbmin-0p1__lex-from-prev__ls-0p01,stages_bg_stages_morphtok_mv_BGMTMMM1_BGMTMMM2_BGMTMMM3_BGMTMMM4_BGMTMMM5__ps-0p1__bias-0p1__cb-0p1__nbm-lhs-parsed__nbe-0p005__nbmin-0p1__lex-from-prev__ls-0p01__02_BGMTMMM2
mv,BGMTMMM,2,0.1,0.1,0.005,0.599659,0.454336,-7.298979,stages_bg_stages_morphtok_mv_BGMTMMM1_BGMTMMM2_BGMTMMM3_BGMTMMM4_BGMTMMM5__ps-0p1__bias-0p1__cb-0p1__nbm-lhs-parsed__nbe-0p005__nbmin-0p1__lex-from-prev__ls-0p1,stages_bg_stages_morphtok_mv_BGMTMMM1_BGMTMMM2_BGMTMMM3_BGMTMMM4_BGMTMMM5__ps-0p1__bias-0p1__cb-0p1__nbm-lhs-parsed__nbe-0p005__nbmin-0p1__lex-from-prev__ls-0p1__02_BGMTMMM2
mv,BGMTMMM,2,0.1,0.001,0.01,0.622222,0.436615,-7.266360,stages_bg_stages_morphtok_mv_BGMTMMM1_BGMTMMM2_BGMTMMM3_BGMTMMM4_BGMTMMM5__ps-0p1__bias-0p1__cb-0p1__nbm-lhs-parsed__nbe-0p01__nbmin-0p1__lex-from-prev__ls-0p001,stages_bg_stages_morphtok_mv_BGMTMMM1_BGMTMMM2_BGMTMMM3_BGMTMMM4_BGMTMMM5__ps-0p1__bias-0p1__cb-0p1__nbm-lhs-parsed__nbe-0p01__nbmin-0p1__lex-from-prev__ls-0p001__02_BGMTMMM2
mv,BGMTMMM,2,0.1,0.01,0.01,0.622184,0.441389,-7.266173,stages_bg_stages_morphtok_mv_BGMTMMM1_BGMTMMM2_BGMTMMM3_BGMTMMM4_BGMTMMM5__ps-0p1__bias-0p1__cb-0p1__nbm-lhs-parsed__nbe-0p01__nbmin-0p1__lex-from-prev__ls-0p01,stages_bg_stages_morphtok_mv_BGMTMMM1_BGMTMMM2_BGMTMMM3_BGMTMMM4_BGMTMMM5__ps-0p1__bias-0p1__cb-0p1__nbm-lhs-parsed__nbe-0p01__nbmin-0p1__lex-from-prev__ls-0p01__02_BGMTMMM2
mv,BGMTMMM,2,0.1,0.1,0.01,0.603066,0.451605,-7.298605,stages_bg_stages_morphtok_mv_BGMTMMM1_BGMTMMM2_BGMTMMM3_BGMTMMM4_BGMTMMM5__ps-0p1__bias-0p1__cb-0p1__nbm-lhs-parsed__nbe-0p01__nbmin-0p1__lex-from-prev__ls-0p1,stages_bg_stages_morphtok_mv_BGMTMMM1_BGMTMMM2_BGMTMMM3_BGMTMMM4_BGMTMMM5__ps-0p1__bias-0p1__cb-0p1__nbm-lhs-parsed__nbe-0p01__nbmin-0p1__lex-from-prev__ls-0p1__02_BGMTMMM2
mv,BGMTMMM,2,0.1,0.01,0.05,0.618026,0.435793,-7.266041,stages_bg_stages_morphtok_mv_BGMTMMM1_BGMTMMM2_BGMTMMM3_BGMTMMM4_BGMTMMM5__ps-0p1__bias-0p1__cb-0p1__nbm-lhs-parsed__nbe-0p05__nbmin-0p1__lex-from-prev__ls-0p01,stages_bg_stages_morphtok_mv_BGMTMMM1_BGMTMMM2_BGMTMMM3_BGMTMMM4_BGMTMMM5__ps-0p1__bias-0p1__cb-0p1__nbm-lhs-parsed__nbe-0p05__nbmin-0p1__lex-from-prev__ls-0p01__02_BGMTMMM2
mv,BGMTMMM,2,0.2,0.1,0.001,0.575783,0.461907,-7.308621,stages_bg_stages_morphtok_mv_BGMTMMM1_BGMTMMM2_BGMTMMM3_BGMTMMM4_BGMTMMM5__ps-0p2__bias-0p1__cb-0p1__nbm-lhs-parsed__nbe-0p001__nbmin-0p1__lex-from-prev__ls-0p1,stages_bg_stages_morphtok_mv_BGMTMMM1_BGMTMMM2_BGMTMMM3_BGMTMMM4_BGMTMMM5__ps-0p2__bias-0p1__cb-0p1__nbm-lhs-parsed__nbe-0p001__nbmin-0p1__lex-from-prev__ls-0p1__02_BGMTMMM2
mv,BGMTMMM,2,0.2,0.1,0.005,0.576630,0.455760,-7.307690,stages_bg_stages_morphtok_mv_BGMTMMM1_BGMTMMM2_BGMTMMM3_BGMTMMM4_BGMTMMM5__ps-0p2__bias-0p1__cb-0p1__nbm-lhs-parsed__nbe-0p005__nbmin-0p1__lex-from-prev__ls-0p1,stages_bg_stages_morphtok_mv_BGMTMMM1_BGMTMMM2_BGMTMMM3_BGMTMMM4_BGMTMMM5__ps-0p2__bias-0p1__cb-0p1__nbm-lhs-parsed__nbe-0p005__nbmin-0p1__lex-from-prev__ls-0p1__02_BGMTMMM2
mv,BGMTMMM,2,0.2,0.1,0.01,0.577721,0.453908,-7.306627,stages_bg_stages_morphtok_mv_BGMTMMM1_BGMTMMM2_BGMTMMM3_BGMTMMM4_BGMTMMM5__ps-0p2__bias-0p1__cb-0p1__nbm-lhs-parsed__nbe-0p01__nbmin-0p1__lex-from-prev__ls-0p1,stages_bg_stages_morphtok_mv_BGMTMMM1_BGMTMMM2_BGMTMMM3_BGMTMMM4_BGMTMMM5__ps-0p2__bias-0p1__cb-0p1__nbm-lhs-parsed__nbe-0p01__nbmin-0p1__lex-from-prev__ls-0p1__02_BGMTMMM2
mv,BGMTMMM,2,0.2,0.01,0.05,0.619311,0.437838,-7.270198,stages_bg_stages_morphtok_mv_BGMTMMM1_BGMTMMM2_BGMTMMM3_BGMTMMM4_BGMTMMM5__ps-0p2__bias-0p1__cb-0p1__nbm-lhs-parsed__nbe-0p05__nbmin-0p1__lex-from-prev__ls-0p01,stages_bg_stages_morphtok_mv_BGMTMMM1_BGMTMMM2_BGMTMMM3_BGMTMMM4_BGMTMMM5__ps-0p2__bias-0p1__cb-0p1__nbm-lhs-parsed__nbe-0p05__nbmin-0p1__lex-from-prev__ls-0p01__02_BGMTMMM2
mv,BGMTMMM,2,0.2,0.1,0.05,0.578814,0.450149,-7.301359,stages_bg_stages_morphtok_mv_BGMTMMM1_BGMTMMM2_BGMTMMM3_BGMTMMM4_BGMTMMM5__ps-0p2__bias-0p1__cb-0p1__nbm-lhs-parsed__nbe-0p05__nbmin-0p1__lex-from-prev__ls-0p1,stages_bg_stages_morphtok_mv_BGMTMMM1_BGMTMMM2_BGMTMMM3_BGMTMMM4_BGMTMMM5__ps-0p2__bias-0p1__cb-0p1__nbm-lhs-parsed__nbe-0p05__nbmin-0p1__lex-from-prev__ls-0p1__02_BGMTMMM2
mv,BGMTMMM,3,0.001,0.001,0.001,0.677082,0.336687,-7.526988,stages_bg_stages_morphtok_mv_BGMTMMM1_BGMTMMM2_BGMTMMM3_BGMTMMM4_BGMTMMM5__ps-0p001__bias-0p1__cb-0p1__nbm-lhs-parsed__nbe-0p001__nbmin-0p1__lex-from-prev__ls-0p001,stages_bg_stages_morphtok_mv_BGMTMMM1_BGMTMMM2_BGMTMMM3_BGMTMMM4_BGMTMMM5__ps-0p001__bias-0p1__cb-0p1__nbm-lhs-parsed__nbe-0p001__nbmin-0p1__lex-from-prev__ls-0p001__03_BGMTMMM3
mv,BGMTMMM,3,0.001,0.01,0.001,0.677668,0.337773,-7.525928,stages_bg_stages_morphtok_mv_BGMTMMM1_BGMTMMM2_BGMTMMM3_BGMTMMM4_BGMTMMM5__ps-0p001__bias-0p1__cb-0p1__nbm-lhs-parsed__nbe-0p001__nbmin-0p1__lex-from-prev__ls-0p01,stages_bg_stages_morphtok_mv_BGMTMMM1_BGMTMMM2_BGMTMMM3_BGMTMMM4_BGMTMMM5__ps-0p001__bias-0p1__cb-0p1__nbm-lhs-parsed__nbe-0p001__nbmin-0p1__lex-from-prev__ls-0p01__03_BGMTMMM3
mv,BGMTMMM,3,0.001,0.001,0.005,0.677082,0.336687,-7.526988,stages_bg_stages_morphtok_mv_BGMTMMM1_BGMTMMM2_BGMTMMM3_BGMTMMM4_BGMTMMM5__ps-0p001__bias-0p1__cb-0p1__nbm-lhs-parsed__nbe-0p005__nbmin-0p1__lex-from-prev__ls-0p001,stages_bg_stages_morphtok_mv_BGMTMMM1_BGMTMMM2_BGMTMMM3_BGMTMMM4_BGMTMMM5__ps-0p001__bias-0p1__cb-0p1__nbm-lhs-parsed__nbe-0p005__nbmin-0p1__lex-from-prev__ls-0p001__03_BGMTMMM3
mv,BGMTMMM,3,0.001,0.01,0.005,0.677668,0.337773,-7.525928,stages_bg_stages_morphtok_mv_BGMTMMM1_BGMTMMM2_BGMTMMM3_BGMTMMM4_BGMTMMM5__ps-0p001__bias-0p1__cb-0p1__nbm-lhs-parsed__nbe-0p005__nbmin-0p1__lex-from-prev__ls-0p01,stages_bg_stages_morphtok_mv_BGMTMMM1_BGMTMMM2_BGMTMMM3_BGMTMMM4_BGMTMMM5__ps-0p001__bias-0p1__cb-0p1__nbm-lhs-parsed__nbe-0p005__nbmin-0p1__lex-from-prev__ls-0p01__03_BGMTMMM3
mv,BGMTMMM,3,0.001,0.001,0.05,0.679943,0.336615,-7.526989,stages_bg_stages_morphtok_mv_BGMTMMM1_BGMTMMM2_BGMTMMM3_BGMTMMM4_BGMTMMM5__ps-0p001__bias-0p1__cb-0p1__nbm-lhs-parsed__nbe-0p05__nbmin-0p1__lex-from-prev__ls-0p001,stages_bg_stages_morphtok_mv_BGMTMMM1_BGMTMMM2_BGMTMMM3_BGMTMMM4_BGMTMMM5__ps-0p001__bias-0p1__cb-0p1__nbm-lhs-parsed__nbe-0p05__nbmin-0p1__lex-from-prev__ls-0p001__03_BGMTMMM3
mv,BGMTMMM,3,0.001,0.01,0.05,0.677448,0.337698,-7.525928,stages_bg_stages_morphtok_mv_BGMTMMM1_BGMTMMM2_BGMTMMM3_BGMTMMM4_BGMTMMM5__ps-0p001__bias-0p1__cb-0p1__nbm-lhs-parsed__nbe-0p05__nbmin-0p1__lex-from-prev__ls-0p01,stages_bg_stages_morphtok_mv_BGMTMMM1_BGMTMMM2_BGMTMMM3_BGMTMMM4_BGMTMMM5__ps-0p001__bias-0p1__cb-0p1__nbm-lhs-parsed__nbe-0p05__nbmin-0p1__lex-from-prev__ls-0p01__03_BGMTMMM3
mv,BGMTMMM,3,0.05,0.01,0.05,0.675532,0.319676,-7.518513,stages_bg_stages_morphtok_mv_BGMTMMM1_BGMTMMM2_BGMTMMM3_BGMTMMM4_BGMTMMM5__ps-0p05__bias-0p1__cb-0p1__nbm-lhs-parsed__nbe-0p05__nbmin-0p1__lex-from-prev__ls-0p01,stages_bg_stages_morphtok_mv_BGMTMMM1_BGMTMMM2_BGMTMMM3_BGMTMMM4_BGMTMMM5__ps-0p05__bias-0p1__cb-0p1__nbm-lhs-parsed__nbe-0p05__nbmin-0p1__lex-from-prev__ls-0p01__03_BGMTMMM3
mv,BGMTMMM,3,0.1,0.01,0.001,0.677345,0.331799,-7.512202,stages_bg_stages_morphtok_mv_BGMTMMM1_BGMTMMM2_BGMTMMM3_BGMTMMM4_BGMTMMM5__ps-0p1__bias-0p1__cb-0p1__nbm-lhs-parsed__nbe-0p001__nbmin-0p1__lex-from-prev__ls-0p01,stages_bg_stages_morphtok_mv_BGMTMMM1_BGMTMMM2_BGMTMMM3_BGMTMMM4_BGMTMMM5__ps-0p1__bias-0p1__cb-0p1__nbm-lhs-parsed__nbe-0p001__nbmin-0p1__lex-from-prev__ls-0p01__03_BGMTMMM3
mv,BGMTMMM,3,0.1,0.001,0.005,0.676682,0.324055,-7.513071,stages_bg_stages_morphtok_mv_BGMTMMM1_BGMTMMM2_BGMTMMM3_BGMTMMM4_BGMTMMM5__ps-0p1__bias-0p1__cb-0p1__nbm-lhs-parsed__nbe-0p005__nbmin-0p1__lex-from-prev__ls-0p001,stages_bg_stages_morphtok_mv_BGMTMMM1_BGMTMMM2_BGMTMMM3_BGMTMMM4_BGMTMMM5__ps-0p1__bias-0p1__cb-0p1__nbm-lhs-parsed__nbe-0p005__nbmin-0p1__lex-from-prev__ls-0p001__03_BGMTMMM3
mv,BGMTMMM,3,0.1,0.01,0.005,0.676315,0.325350,-7.512265,stages_bg_stages_morphtok_mv_BGMTMMM1_BGMTMMM2_BGMTMMM3_BGMTMMM4_BGMTMMM5__ps-0p1__bias-0p1__cb-0p1__nbm-lhs-parsed__nbe-0p005__nbmin-0p1__lex-from-prev__ls-0p01,stages_bg_stages_morphtok_mv_BGMTMMM1_BGMTMMM2_BGMTMMM3_BGMTMMM4_BGMTMMM5__ps-0p1__bias-0p1__cb-0p1__nbm-lhs-parsed__nbe-0p005__nbmin-0p1__lex-from-prev__ls-0p01__03_BGMTMMM3
mv,BGMTMMM,3,0.1,0.1,0.005,0.672701,0.331747,-7.520912,stages_bg_stages_morphtok_mv_BGMTMMM1_BGMTMMM2_BGMTMMM3_BGMTMMM4_BGMTMMM5__ps-0p1__bias-0p1__cb-0p1__nbm-lhs-parsed__nbe-0p005__nbmin-0p1__lex-from-prev__ls-0p1,stages_bg_stages_morphtok_mv_BGMTMMM1_BGMTMMM2_BGMTMMM3_BGMTMMM4_BGMTMMM5__ps-0p1__bias-0p1__cb-0p1__nbm-lhs-parsed__nbe-0p005__nbmin-0p1__lex-from-prev__ls-0p1__03_BGMTMMM3
mv,BGMTMMM,3,0.1,0.001,0.01,0.677195,0.321081,-7.513057,stages_bg_stages_morphtok_mv_BGMTMMM1_BGMTMMM2_BGMTMMM3_BGMTMMM4_BGMTMMM5__ps-0p1__bias-0p1__cb-0p1__nbm-lhs-parsed__nbe-0p01__nbmin-0p1__lex-from-prev__ls-0p001,stages_bg_stages_morphtok_mv_BGMTMMM1_BGMTMMM2_BGMTMMM3_BGMTMMM4_BGMTMMM5__ps-0p1__bias-0p1__cb-0p1__nbm-lhs-parsed__nbe-0p01__nbmin-0p1__lex-from-prev__ls-0p001__03_BGMTMMM3
mv,BGMTMMM,3,0.1,0.01,0.01,0.676389,0.322270,-7.512241,stages_bg_stages_morphtok_mv_BGMTMMM1_BGMTMMM2_BGMTMMM3_BGMTMMM4_BGMTMMM5__ps-0p1__bias-0p1__cb-0p1__nbm-lhs-parsed__nbe-0p01__nbmin-0p1__lex-from-prev__ls-0p01,stages_bg_stages_morphtok_mv_BGMTMMM1_BGMTMMM2_BGMTMMM3_BGMTMMM4_BGMTMMM5__ps-0p1__bias-0p1__cb-0p1__nbm-lhs-parsed__nbe-0p01__nbmin-0p1__lex-from-prev__ls-0p01__03_BGMTMMM3
mv,BGMTMMM,3,0.1,0.1,0.01,0.670935,0.328885,-7.520764,stages_bg_stages_morphtok_mv_BGMTMMM1_BGMTMMM2_BGMTMMM3_BGMTMMM4_BGMTMMM5__ps-0p1__bias-0p1__cb-0p1__nbm-lhs-parsed__nbe-0p01__nbmin-0p1__lex-from-prev__ls-0p1,stages_bg_stages_morphtok_mv_BGMTMMM1_BGMTMMM2_BGMTMMM3_BGMTMMM4_BGMTMMM5__ps-0p1__bias-0p1__cb-0p1__nbm-lhs-parsed__nbe-0p01__nbmin-0p1__lex-from-prev__ls-0p1__03_BGMTMMM3
mv,BGMTMMM,3,0.1,0.01,0.05,0.676909,0.314888,-7.512107,stages_bg_stages_morphtok_mv_BGMTMMM1_BGMTMMM2_BGMTMMM3_BGMTMMM4_BGMTMMM5__ps-0p1__bias-0p1__cb-0p1__nbm-lhs-parsed__nbe-0p05__nbmin-0p1__lex-from-prev__ls-0p01,stages_bg_stages_morphtok_mv_BGMTMMM1_BGMTMMM2_BGMTMMM3_BGMTMMM4_BGMTMMM5__ps-0p1__bias-0p1__cb-0p1__nbm-lhs-parsed__nbe-0p05__nbmin-0p1__lex-from-prev__ls-0p01__03_BGMTMMM3
mv,BGMTMMM,3,0.2,0.1,0.001,0.669311,0.334011,-7.511725,stages_bg_stages_morphtok_mv_BGMTMMM1_BGMTMMM2_BGMTMMM3_BGMTMMM4_BGMTMMM5__ps-0p2__bias-0p1__cb-0p1__nbm-lhs-parsed__nbe-0p001__nbmin-0p1__lex-from-prev__ls-0p1,stages_bg_stages_morphtok_mv_BGMTMMM1_BGMTMMM2_BGMTMMM3_BGMTMMM4_BGMTMMM5__ps-0p2__bias-0p1__cb-0p1__nbm-lhs-parsed__nbe-0p001__nbmin-0p1__lex-from-prev__ls-0p1__03_BGMTMMM3
mv,BGMTMMM,3,0.2,0.1,0.005,0.671002,0.328173,-7.511344,stages_bg_stages_morphtok_mv_BGMTMMM1_BGMTMMM2_BGMTMMM3_BGMTMMM4_BGMTMMM5__ps-0p2__bias-0p1__cb-0p1__nbm-lhs-parsed__nbe-0p005__nbmin-0p1__lex-from-prev__ls-0p1,stages_bg_stages_morphtok_mv_BGMTMMM1_BGMTMMM2_BGMTMMM3_BGMTMMM4_BGMTMMM5__ps-0p2__bias-0p1__cb-0p1__nbm-lhs-parsed__nbe-0p005__nbmin-0p1__lex-from-prev__ls-0p1__03_BGMTMMM3
mv,BGMTMMM,3,0.2,0.1,0.01,0.670339,0.325905,-7.510990,stages_bg_stages_morphtok_mv_BGMTMMM1_BGMTMMM2_BGMTMMM3_BGMTMMM4_BGMTMMM5__ps-0p2__bias-0p1__cb-0p1__nbm-lhs-parsed__nbe-0p01__nbmin-0p1__lex-from-prev__ls-0p1,stages_bg_stages_morphtok_mv_BGMTMMM1_BGMTMMM2_BGMTMMM3_BGMTMMM4_BGMTMMM5__ps-0p2__bias-0p1__cb-0p1__nbm-lhs-parsed__nbe-0p01__nbmin-0p1__lex-from-prev__ls-0p1__03_BGMTMMM3
mv,BGMTMMM,3,0.2,0.01,0.05,0.674108,0.312681,-7.504919,stages_bg_stages_morphtok_mv_BGMTMMM1_BGMTMMM2_BGMTMMM3_BGMTMMM4_BGMTMMM5__ps-0p2__bias-0p1__cb-0p1__nbm-lhs-parsed__nbe-0p05__nbmin-0p1__lex-from-prev__ls-0p01,stages_bg_stages_morphtok_mv_BGMTMMM1_BGMTMMM2_BGMTMMM3_BGMTMMM4_BGMTMMM5__ps-0p2__bias-0p1__cb-0p1__nbm-lhs-parsed__nbe-0p05__nbmin-0p1__lex-from-prev__ls-0p01__03_BGMTMMM3
mv,BGMTMMM,3,0.2,0.1,0.05,0.668579,0.319357,-7.509750,stages_bg_stages_morphtok_mv_BGMTMMM1_BGMTMMM2_BGMTMMM3_BGMTMMM4_BGMTMMM5__ps-0p2__bias-0p1__cb-0p1__nbm-lhs-parsed__nbe-0p05__nbmin-0p1__lex-from-prev__ls-0p1,stages_bg_stages_morphtok_mv_BGMTMMM1_BGMTMMM2_BGMTMMM3_BGMTMMM4_BGMTMMM5__ps-0p2__bias-0p1__cb-0p1__nbm-lhs-parsed__nbe-0p05__nbmin-0p1__lex-from-prev__ls-0p1__03_BGMTMMM3
mv,BGMTMMM,4,0.001,0.001,0.001,0.688313,0.294277,-7.629646,stages_bg_stages_morphtok_mv_BGMTMMM1_BGMTMMM2_BGMTMMM3_BGMTMMM4_BGMTMMM5__ps-0p001__bias-0p1__cb-0p1__nbm-lhs-parsed__nbe-0p001__nbmin-0p1__lex-from-prev__ls-0p001,stages_bg_stages_morphtok_mv_BGMTMMM1_BGMTMMM2_BGMTMMM3_BGMTMMM4_BGMTMMM5__ps-0p001__bias-0p1__cb-0p1__nbm-lhs-parsed__nbe-0p001__nbmin-0p1__lex-from-prev__ls-0p001__04_BGMTMMM4
mv,BGMTMMM,4,0.001,0.01,0.001,0.689741,0.296173,-7.626534,stages_bg_stages_morphtok_mv_BGMTMMM1_BGMTMMM2_BGMTMMM3_BGMTMMM4_BGMTMMM5__ps-0p001__bias-0p1__cb-0p1__nbm-lhs-parsed__nbe-0p001__nbmin-0p1__lex-from-prev__ls-0p01,stages_bg_stages_morphtok_mv_BGMTMMM1_BGMTMMM2_BGMTMMM3_BGMTMMM4_BGMTMMM5__ps-0p001__bias-0p1__cb-0p1__nbm-lhs-parsed__nbe-0p001__nbmin-0p1__lex-from-prev__ls-0p01__04_BGMTMMM4
mv,BGMTMMM,4,0.001,0.001,0.005,0.687689,0.294266,-7.629645,stages_bg_stages_morphtok_mv_BGMTMMM1_BGMTMMM2_BGMTMMM3_BGMTMMM4_BGMTMMM5__ps-0p001__bias-0p1__cb-0p1__nbm-lhs-parsed__nbe-0p005__nbmin-0p1__lex-from-prev__ls-0p001,stages_bg_stages_morphtok_mv_BGMTMMM1_BGMTMMM2_BGMTMMM3_BGMTMMM4_BGMTMMM5__ps-0p001__bias-0p1__cb-0p1__nbm-lhs-parsed__nbe-0p005__nbmin-0p1__lex-from-prev__ls-0p001__04_BGMTMMM4
mv,BGMTMMM,4,0.001,0.01,0.005,0.688699,0.296161,-7.626537,stages_bg_stages_morphtok_mv_BGMTMMM1_BGMTMMM2_BGMTMMM3_BGMTMMM4_BGMTMMM5__ps-0p001__bias-0p1__cb-0p1__nbm-lhs-parsed__nbe-0p005__nbmin-0p1__lex-from-prev__ls-0p01,stages_bg_stages_morphtok_mv_BGMTMMM1_BGMTMMM2_BGMTMMM3_BGMTMMM4_BGMTMMM5__ps-0p001__bias-0p1__cb-0p1__nbm-lhs-parsed__nbe-0p005__nbmin-0p1__lex-from-prev__ls-0p01__04_BGMTMMM4
mv,BGMTMMM,4,0.001,0.001,0.05,0.690955,0.293664,-7.629705,stages_bg_stages_morphtok_mv_BGMTMMM1_BGMTMMM2_BGMTMMM3_BGMTMMM4_BGMTMMM5__ps-0p001__bias-0p1__cb-0p1__nbm-lhs-parsed__nbe-0p05__nbmin-0p1__lex-from-prev__ls-0p001,stages_bg_stages_morphtok_mv_BGMTMMM1_BGMTMMM2_BGMTMMM3_BGMTMMM4_BGMTMMM5__ps-0p001__bias-0p1__cb-0p1__nbm-lhs-parsed__nbe-0p05__nbmin-0p1__lex-from-prev__ls-0p001__04_BGMTMMM4
mv,BGMTMMM,4,0.001,0.01,0.05,0.687311,0.295548,-7.626581,stages_bg_stages_morphtok_mv_BGMTMMM1_BGMTMMM2_BGMTMMM3_BGMTMMM4_BGMTMMM5__ps-0p001__bias-0p1__cb-0p1__nbm-lhs-parsed__nbe-0p05__nbmin-0p1__lex-from-prev__ls-0p01,stages_bg_stages_morphtok_mv_BGMTMMM1_BGMTMMM2_BGMTMMM3_BGMTMMM4_BGMTMMM5__ps-0p001__bias-0p1__cb-0p1__nbm-lhs-parsed__nbe-0p05__nbmin-0p1__lex-from-prev__ls-0p01__04_BGMTMMM4
mv,BGMTMMM,4,0.05,0.01,0.05,0.693319,0.284276,-7.612424,stages_bg_stages_morphtok_mv_BGMTMMM1_BGMTMMM2_BGMTMMM3_BGMTMMM4_BGMTMMM5__ps-0p05__bias-0p1__cb-0p1__nbm-lhs-parsed__nbe-0p05__nbmin-0p1__lex-from-prev__ls-0p01,stages_bg_stages_morphtok_mv_BGMTMMM1_BGMTMMM2_BGMTMMM3_BGMTMMM4_BGMTMMM5__ps-0p05__bias-0p1__cb-0p1__nbm-lhs-parsed__nbe-0p05__nbmin-0p1__lex-from-prev__ls-0p01__04_BGMTMMM4
mv,BGMTMMM,4,0.1,0.01,0.001,0.696293,0.307527,-7.600553,stages_bg_stages_morphtok_mv_BGMTMMM1_BGMTMMM2_BGMTMMM3_BGMTMMM4_BGMTMMM5__ps-0p1__bias-0p1__cb-0p1__nbm-lhs-parsed__nbe-0p001__nbmin-0p1__lex-from-prev__ls-0p01,stages_bg_stages_morphtok_mv_BGMTMMM1_BGMTMMM2_BGMTMMM3_BGMTMMM4_BGMTMMM5__ps-0p1__bias-0p1__cb-0p1__nbm-lhs-parsed__nbe-0p001__nbmin-0p1__lex-from-prev__ls-0p01__04_BGMTMMM4
mv,BGMTMMM,4,0.1,0.001,0.005,0.694187,0.297868,-7.606752,stages_bg_stages_morphtok_mv_BGMTMMM1_BGMTMMM2_BGMTMMM3_BGMTMMM4_BGMTMMM5__ps-0p1__bias-0p1__cb-0p1__nbm-lhs-parsed__nbe-0p005__nbmin-0p1__lex-from-prev__ls-0p001,stages_bg_stages_morphtok_mv_BGMTMMM1_BGMTMMM2_BGMTMMM3_BGMTMMM4_BGMTMMM5__ps-0p1__bias-0p1__cb-0p1__nbm-lhs-parsed__nbe-0p005__nbmin-0p1__lex-from-prev__ls-0p001__04_BGMTMMM4
mv,BGMTMMM,4,0.1,0.01,0.005,0.697483,0.299305,-7.601160,stages_bg_stages_morphtok_mv_BGMTMMM1_BGMTMMM2_BGMTMMM3_BGMTMMM4_BGMTMMM5__ps-0p1__bias-0p1__cb-0p1__nbm-lhs-parsed__nbe-0p005__nbmin-0p1__lex-from-prev__ls-0p01,stages_bg_stages_morphtok_mv_BGMTMMM1_BGMTMMM2_BGMTMMM3_BGMTMMM4_BGMTMMM5__ps-0p1__bias-0p1__cb-0p1__nbm-lhs-parsed__nbe-0p005__nbmin-0p1__lex-from-prev__ls-0p01__04_BGMTMMM4
mv,BGMTMMM,4,0.1,0.1,0.005,0.690840,0.312843,-7.595466,stages_bg_stages_morphtok_mv_BGMTMMM1_BGMTMMM2_BGMTMMM3_BGMTMMM4_BGMTMMM5__ps-0p1__bias-0p1__cb-0p1__nbm-lhs-parsed__nbe-0p005__nbmin-0p1__lex-from-prev__ls-0p1,stages_bg_stages_morphtok_mv_BGMTMMM1_BGMTMMM2_BGMTMMM3_BGMTMMM4_BGMTMMM5__ps-0p1__bias-0p1__cb-0p1__nbm-lhs-parsed__nbe-0p005__nbmin-0p1__lex-from-prev__ls-0p1__04_BGMTMMM4
mv,BGMTMMM,4,0.1,0.001,0.01,0.694608,0.293037,-7.607232,stages_bg_stages_morphtok_mv_BGMTMMM1_BGMTMMM2_BGMTMMM3_BGMTMMM4_BGMTMMM5__ps-0p1__bias-0p1__cb-0p1__nbm-lhs-parsed__nbe-0p01__nbmin-0p1__lex-from-prev__ls-0p001,stages_bg_stages_morphtok_mv_BGMTMMM1_BGMTMMM2_BGMTMMM3_BGMTMMM4_BGMTMMM5__ps-0p1__bias-0p1__cb-0p1__nbm-lhs-parsed__nbe-0p01__nbmin-0p1__lex-from-prev__ls-0p001__04_BGMTMMM4
mv,BGMTMMM,4,0.1,0.01,0.01,0.696083,0.294384,-7.601609,stages_bg_stages_morphtok_mv_BGMTMMM1_BGMTMMM2_BGMTMMM3_BGMTMMM4_BGMTMMM5__ps-0p1__bias-0p1__cb-0p1__nbm-lhs-parsed__nbe-0p01__nbmin-0p1__lex-from-prev__ls-0p01,stages_bg_stages_morphtok_mv_BGMTMMM1_BGMTMMM2_BGMTMMM3_BGMTMMM4_BGMTMMM5__ps-0p1__bias-0p1__cb-0p1__nbm-lhs-parsed__nbe-0p01__nbmin-0p1__lex-from-prev__ls-0p01__04_BGMTMMM4
mv,BGMTMMM,4,0.1,0.1,0.01,0.690702,0.308023,-7.595799,stages_bg_stages_morphtok_mv_BGMTMMM1_BGMTMMM2_BGMTMMM3_BGMTMMM4_BGMTMMM5__ps-0p1__bias-0p1__cb-0p1__nbm-lhs-parsed__nbe-0p01__nbmin-0p1__lex-from-prev__ls-0p1,stages_bg_stages_morphtok_mv_BGMTMMM1_BGMTMMM2_BGMTMMM3_BGMTMMM4_BGMTMMM5__ps-0p1__bias-0p1__cb-0p1__nbm-lhs-parsed__nbe-0p01__nbmin-0p1__lex-from-prev__ls-0p1__04_BGMTMMM4
mv,BGMTMMM,4,0.1,0.01,0.05,0.697081,0.279753,-7.604107,stages_bg_stages_morphtok_mv_BGMTMMM1_BGMTMMM2_BGMTMMM3_BGMTMMM4_BGMTMMM5__ps-0p1__bias-0p1__cb-0p1__nbm-lhs-parsed__nbe-0p05__nbmin-0p1__lex-from-prev__ls-0p01,stages_bg_stages_morphtok_mv_BGMTMMM1_BGMTMMM2_BGMTMMM3_BGMTMMM4_BGMTMMM5__ps-0p1__bias-0p1__cb-0p1__nbm-lhs-parsed__nbe-0p05__nbmin-0p1__lex-from-prev__ls-0p01__04_BGMTMMM4
mv,BGMTMMM,4,0.2,0.1,0.001,0.688538,0.320354,-7.583291,stages_bg_stages_morphtok_mv_BGMTMMM1_BGMTMMM2_BGMTMMM3_BGMTMMM4_BGMTMMM5__ps-0p2__bias-0p1__cb-0p1__nbm-lhs-parsed__nbe-0p001__nbmin-0p1__lex-from-prev__ls-0p1,stages_bg_stages_morphtok_mv_BGMTMMM1_BGMTMMM2_BGMTMMM3_BGMTMMM4_BGMTMMM5__ps-0p2__bias-0p1__cb-0p1__nbm-lhs-parsed__nbe-0p001__nbmin-0p1__lex-from-prev__ls-0p1__04_BGMTMMM4
mv,BGMTMMM,4,0.2,0.1,0.005,0.689954,0.310187,-7.583726,stages_bg_stages_morphtok_mv_BGMTMMM1_BGMTMMM2_BGMTMMM3_BGMTMMM4_BGMTMMM5__ps-0p2__bias-0p1__cb-0p1__nbm-lhs-parsed__nbe-0p005__nbmin-0p1__lex-from-prev__ls-0p1,stages_bg_stages_morphtok_mv_BGMTMMM1_BGMTMMM2_BGMTMMM3_BGMTMMM4_BGMTMMM5__ps-0p2__bias-0p1__cb-0p1__nbm-lhs-parsed__nbe-0p005__nbmin-0p1__lex-from-prev__ls-0p1__04_BGMTMMM4
mv,BGMTMMM,4,0.2,0.1,0.01,0.691071,0.304575,-7.583951,stages_bg_stages_morphtok_mv_BGMTMMM1_BGMTMMM2_BGMTMMM3_BGMTMMM4_BGMTMMM5__ps-0p2__bias-0p1__cb-0p1__nbm-lhs-parsed__nbe-0p01__nbmin-0p1__lex-from-prev__ls-0p1,stages_bg_stages_morphtok_mv_BGMTMMM1_BGMTMMM2_BGMTMMM3_BGMTMMM4_BGMTMMM5__ps-0p2__bias-0p1__cb-0p1__nbm-lhs-parsed__nbe-0p01__nbmin-0p1__lex-from-prev__ls-0p1__04_BGMTMMM4
mv,BGMTMMM,4,0.2,0.01,0.05,0.691191,0.277196,-7.594659,stages_bg_stages_morphtok_mv_BGMTMMM1_BGMTMMM2_BGMTMMM3_BGMTMMM4_BGMTMMM5__ps-0p2__bias-0p1__cb-0p1__nbm-lhs-parsed__nbe-0p05__nbmin-0p1__lex-from-prev__ls-0p01,stages_bg_stages_morphtok_mv_BGMTMMM1_BGMTMMM2_BGMTMMM3_BGMTMMM4_BGMTMMM5__ps-0p2__bias-0p1__cb-0p1__nbm-lhs-parsed__nbe-0p05__nbmin-0p1__lex-from-prev__ls-0p01__04_BGMTMMM4
mv,BGMTMMM,4,0.2,0.1,0.05,0.688903,0.288600,-7.586965,stages_bg_stages_morphtok_mv_BGMTMMM1_BGMTMMM2_BGMTMMM3_BGMTMMM4_BGMTMMM5__ps-0p2__bias-0p1__cb-0p1__nbm-lhs-parsed__nbe-0p05__nbmin-0p1__lex-from-prev__ls-0p1,stages_bg_stages_morphtok_mv_BGMTMMM1_BGMTMMM2_BGMTMMM3_BGMTMMM4_BGMTMMM5__ps-0p2__bias-0p1__cb-0p1__nbm-lhs-parsed__nbe-0p05__nbmin-0p1__lex-from-prev__ls-0p1__04_BGMTMMM4
mv,BGMTMMM,5,0.001,0.001,0.001,0.682845,0.289991,-7.643920,stages_bg_stages_morphtok_mv_BGMTMMM1_BGMTMMM2_BGMTMMM3_BGMTMMM4_BGMTMMM5__ps-0p001__bias-0p1__cb-0p1__nbm-lhs-parsed__nbe-0p001__nbmin-0p1__lex-from-prev__ls-0p001,stages_bg_stages_morphtok_mv_BGMTMMM1_BGMTMMM2_BGMTMMM3_BGMTMMM4_BGMTMMM5__ps-0p001__bias-0p1__cb-0p1__nbm-lhs-parsed__nbe-0p001__nbmin-0p1__lex-from-prev__ls-0p001__05_BGMTMMM5
mv,BGMTMMM,5,0.001,0.01,0.001,0.685009,0.290771,-7.643503,stages_bg_stages_morphtok_mv_BGMTMMM1_BGMTMMM2_BGMTMMM3_BGMTMMM4_BGMTMMM5__ps-0p001__bias-0p1__cb-0p1__nbm-lhs-parsed__nbe-0p001__nbmin-0p1__lex-from-prev__ls-0p01,stages_bg_stages_morphtok_mv_BGMTMMM1_BGMTMMM2_BGMTMMM3_BGMTMMM4_BGMTMMM5__ps-0p001__bias-0p1__cb-0p1__nbm-lhs-parsed__nbe-0p001__nbmin-0p1__lex-from-prev__ls-0p01__05_BGMTMMM5
mv,BGMTMMM,5,0.001,0.001,0.005,0.682845,0.289984,-7.643920,stages_bg_stages_morphtok_mv_BGMTMMM1_BGMTMMM2_BGMTMMM3_BGMTMMM4_BGMTMMM5__ps-0p001__bias-0p1__cb-0p1__nbm-lhs-parsed__nbe-0p005__nbmin-0p1__lex-from-prev__ls-0p001,stages_bg_stages_morphtok_mv_BGMTMMM1_BGMTMMM2_BGMTMMM3_BGMTMMM4_BGMTMMM5__ps-0p001__bias-0p1__cb-0p1__nbm-lhs-parsed__nbe-0p005__nbmin-0p1__lex-from-prev__ls-0p001__05_BGMTMMM5
mv,BGMTMMM,5,0.001,0.01,0.005,0.683963,0.290764,-7.643504,stages_bg_stages_morphtok_mv_BGMTMMM1_BGMTMMM2_BGMTMMM3_BGMTMMM4_BGMTMMM5__ps-0p001__bias-0p1__cb-0p1__nbm-lhs-parsed__nbe-0p005__nbmin-0p1__lex-from-prev__ls-0p01,stages_bg_stages_morphtok_mv_BGMTMMM1_BGMTMMM2_BGMTMMM3_BGMTMMM4_BGMTMMM5__ps-0p001__bias-0p1__cb-0p1__nbm-lhs-parsed__nbe-0p005__nbmin-0p1__lex-from-prev__ls-0p01__05_BGMTMMM5
mv,BGMTMMM,5,0.001,0.001,0.05,0.684376,0.289854,-7.644017,stages_bg_stages_morphtok_mv_BGMTMMM1_BGMTMMM2_BGMTMMM3_BGMTMMM4_BGMTMMM5__ps-0p001__bias-0p1__cb-0p1__nbm-lhs-parsed__nbe-0p05__nbmin-0p1__lex-from-prev__ls-0p001,stages_bg_stages_morphtok_mv_BGMTMMM1_BGMTMMM2_BGMTMMM3_BGMTMMM4_BGMTMMM5__ps-0p001__bias-0p1__cb-0p1__nbm-lhs-parsed__nbe-0p05__nbmin-0p1__lex-from-prev__ls-0p001__05_BGMTMMM5
mv,BGMTMMM,5,0.001,0.01,0.05,0.683192,0.290632,-7.643582,stages_bg_stages_morphtok_mv_BGMTMMM1_BGMTMMM2_BGMTMMM3_BGMTMMM4_BGMTMMM5__ps-0p001__bias-0p1__cb-0p1__nbm-lhs-parsed__nbe-0p05__nbmin-0p1__lex-from-prev__ls-0p01,stages_bg_stages_morphtok_mv_BGMTMMM1_BGMTMMM2_BGMTMMM3_BGMTMMM4_BGMTMMM5__ps-0p001__bias-0p1__cb-0p1__nbm-lhs-parsed__nbe-0p05__nbmin-0p1__lex-from-prev__ls-0p01__05_BGMTMMM5
mv,BGMTMMM,5,0.05,0.01,0.05,0.682571,0.280561,-7.642242,stages_bg_stages_morphtok_mv_BGMTMMM1_BGMTMMM2_BGMTMMM3_BGMTMMM4_BGMTMMM5__ps-0p05__bias-0p1__cb-0p1__nbm-lhs-parsed__nbe-0p05__nbmin-0p1__lex-from-prev__ls-0p01,stages_bg_stages_morphtok_mv_BGMTMMM1_BGMTMMM2_BGMTMMM3_BGMTMMM4_BGMTMMM5__ps-0p05__bias-0p1__cb-0p1__nbm-lhs-parsed__nbe-0p05__nbmin-0p1__lex-from-prev__ls-0p01__05_BGMTMMM5
mv,BGMTMMM,5,0.1,0.01,0.001,0.684934,0.302804,-7.638469,stages_bg_stages_morphtok_mv_BGMTMMM1_BGMTMMM2_BGMTMMM3_BGMTMMM4_BGMTMMM5__ps-0p1__bias-0p1__cb-0p1__nbm-lhs-parsed__nbe-0p001__nbmin-0p1__lex-from-prev__ls-0p01,stages_bg_stages_morphtok_mv_BGMTMMM1_BGMTMMM2_BGMTMMM3_BGMTMMM4_BGMTMMM5__ps-0p1__bias-0p1__cb-0p1__nbm-lhs-parsed__nbe-0p001__nbmin-0p1__lex-from-prev__ls-0p01__05_BGMTMMM5
mv,BGMTMMM,5,0.1,0.001,0.005,0.685220,0.294227,-7.637851,stages_bg_stages_morphtok_mv_BGMTMMM1_BGMTMMM2_BGMTMMM3_BGMTMMM4_BGMTMMM5__ps-0p1__bias-0p1__cb-0p1__nbm-lhs-parsed__nbe-0p005__nbmin-0p1__lex-from-prev__ls-0p001,stages_bg_stages_morphtok_mv_BGMTMMM1_BGMTMMM2_BGMTMMM3_BGMTMMM4_BGMTMMM5__ps-0p1__bias-0p1__cb-0p1__nbm-lhs-parsed__nbe-0p005__nbmin-0p1__lex-from-prev__ls-0p001__05_BGMTMMM5
mv,BGMTMMM,5,0.1,0.01,0.005,0.685780,0.294700,-7.638328,stages_bg_stages_morphtok_mv_BGMTMMM1_BGMTMMM2_BGMTMMM3_BGMTMMM4_BGMTMMM5__ps-0p1__bias-0p1__cb-0p1__nbm-lhs-parsed__nbe-0p005__nbmin-0p1__lex-from-prev__ls-0p01,stages_bg_stages_morphtok_mv_BGMTMMM1_BGMTMMM2_BGMTMMM3_BGMTMMM4_BGMTMMM5__ps-0p1__bias-0p1__cb-0p1__nbm-lhs-parsed__nbe-0p005__nbmin-0p1__lex-from-prev__ls-0p01__05_BGMTMMM5
mv,BGMTMMM,5,0.1,0.1,0.005,0.683316,0.302814,-7.629931,stages_bg_stages_morphtok_mv_BGMTMMM1_BGMTMMM2_BGMTMMM3_BGMTMMM4_BGMTMMM5__ps-0p1__bias-0p1__cb-0p1__nbm-lhs-parsed__nbe-0p005__nbmin-0p1__lex-from-prev__ls-0p1,stages_bg_stages_morphtok_mv_BGMTMMM1_BGMTMMM2_BGMTMMM3_BGMTMMM4_BGMTMMM5__ps-0p1__bias-0p1__cb-0p1__nbm-lhs-parsed__nbe-0p005__nbmin-0p1__lex-from-prev__ls-0p1__05_BGMTMMM5
mv,BGMTMMM,5,0.1,0.001,0.01,0.684660,0.289531,-7.637680,stages_bg_stages_morphtok_mv_BGMTMMM1_BGMTMMM2_BGMTMMM3_BGMTMMM4_BGMTMMM5__ps-0p1__bias-0p1__cb-0p1__nbm-lhs-parsed__nbe-0p01__nbmin-0p1__lex-from-prev__ls-0p001,stages_bg_stages_morphtok_mv_BGMTMMM1_BGMTMMM2_BGMTMMM3_BGMTMMM4_BGMTMMM5__ps-0p1__bias-0p1__cb-0p1__nbm-lhs-parsed__nbe-0p01__nbmin-0p1__lex-from-prev__ls-0p001__05_BGMTMMM5
mv,BGMTMMM,5,0.1,0.01,0.01,0.684315,0.289924,-7.638134,stages_bg_stages_morphtok_mv_BGMTMMM1_BGMTMMM2_BGMTMMM3_BGMTMMM4_BGMTMMM5__ps-0p1__bias-0p1__cb-0p1__nbm-lhs-parsed__nbe-0p01__nbmin-0p1__lex-from-prev__ls-0p01,stages_bg_stages_morphtok_mv_BGMTMMM1_BGMTMMM2_BGMTMMM3_BGMTMMM4_BGMTMMM5__ps-0p1__bias-0p1__cb-0p1__nbm-lhs-parsed__nbe-0p01__nbmin-0p1__lex-from-prev__ls-0p01__05_BGMTMMM5
mv,BGMTMMM,5,0.1,0.1,0.01,0.684094,0.298060,-7.630003,stages_bg_stages_morphtok_mv_BGMTMMM1_BGMTMMM2_BGMTMMM3_BGMTMMM4_BGMTMMM5__ps-0p1__bias-0p1__cb-0p1__nbm-lhs-parsed__nbe-0p01__nbmin-0p1__lex-from-prev__ls-0p1,stages_bg_stages_morphtok_mv_BGMTMMM1_BGMTMMM2_BGMTMMM3_BGMTMMM4_BGMTMMM5__ps-0p1__bias-0p1__cb-0p1__nbm-lhs-parsed__nbe-0p01__nbmin-0p1__lex-from-prev__ls-0p1__05_BGMTMMM5
mv,BGMTMMM,5,0.1,0.01,0.05,0.685911,0.276504,-7.638353,stages_bg_stages_morphtok_mv_BGMTMMM1_BGMTMMM2_BGMTMMM3_BGMTMMM4_BGMTMMM5__ps-0p1__bias-0p1__cb-0p1__nbm-lhs-parsed__nbe-0p05__nbmin-0p1__lex-from-prev__ls-0p01,stages_bg_stages_morphtok_mv_BGMTMMM1_BGMTMMM2_BGMTMMM3_BGMTMMM4_BGMTMMM5__ps-0p1__bias-0p1__cb-0p1__nbm-lhs-parsed__nbe-0p05__nbmin-0p1__lex-from-prev__ls-0p01__05_BGMTMMM5
mv,BGMTMMM,5,0.2,0.1,0.001,0.685726,0.309306,-7.620445,stages_bg_stages_morphtok_mv_BGMTMMM1_BGMTMMM2_BGMTMMM3_BGMTMMM4_BGMTMMM5__ps-0p2__bias-0p1__cb-0p1__nbm-lhs-parsed__nbe-0p001__nbmin-0p1__lex-from-prev__ls-0p1,stages_bg_stages_morphtok_mv_BGMTMMM1_BGMTMMM2_BGMTMMM3_BGMTMMM4_BGMTMMM5__ps-0p2__bias-0p1__cb-0p1__nbm-lhs-parsed__nbe-0p001__nbmin-0p1__lex-from-prev__ls-0p1__05_BGMTMMM5
mv,BGMTMMM,5,0.2,0.1,0.005,0.685648,0.299187,-7.620015,stages_bg_stages_morphtok_mv_BGMTMMM1_BGMTMMM2_BGMTMMM3_BGMTMMM4_BGMTMMM5__ps-0p2__bias-0p1__cb-0p1__nbm-lhs-parsed__nbe-0p005__nbmin-0p1__lex-from-prev__ls-0p1,stages_bg_stages_morphtok_mv_BGMTMMM1_BGMTMMM2_BGMTMMM3_BGMTMMM4_BGMTMMM5__ps-0p2__bias-0p1__cb-0p1__nbm-lhs-parsed__nbe-0p005__nbmin-0p1__lex-from-prev__ls-0p1__05_BGMTMMM5
mv,BGMTMMM,5,0.2,0.1,0.01,0.686283,0.293705,-7.619730,stages_bg_stages_morphtok_mv_BGMTMMM1_BGMTMMM2_BGMTMMM3_BGMTMMM4_BGMTMMM5__ps-0p2__bias-0p1__cb-0p1__nbm-lhs-parsed__nbe-0p01__nbmin-0p1__lex-from-prev__ls-0p1,stages_bg_stages_morphtok_mv_BGMTMMM1_BGMTMMM2_BGMTMMM3_BGMTMMM4_BGMTMMM5__ps-0p2__bias-0p1__cb-0p1__nbm-lhs-parsed__nbe-0p01__nbmin-0p1__lex-from-prev__ls-0p1__05_BGMTMMM5
mv,BGMTMMM,5,0.2,0.01,0.05,0.683039,0.274188,-7.627895,stages_bg_stages_morphtok_mv_BGMTMMM1_BGMTMMM2_BGMTMMM3_BGMTMMM4_BGMTMMM5__ps-0p2__bias-0p1__cb-0p1__nbm-lhs-parsed__nbe-0p05__nbmin-0p1__lex-from-prev__ls-0p01,stages_bg_stages_morphtok_mv_BGMTMMM1_BGMTMMM2_BGMTMMM3_BGMTMMM4_BGMTMMM5__ps-0p2__bias-0p1__cb-0p1__nbm-lhs-parsed__nbe-0p05__nbmin-0p1__lex-from-prev__ls-0p01__05_BGMTMMM5
mv,BGMTMMM,5,0.2,0.1,0.05,0.685930,0.279411,-7.620359,stages_bg_stages_morphtok_mv_BGMTMMM1_BGMTMMM2_BGMTMMM3_BGMTMMM4_BGMTMMM5__ps-0p2__bias-0p1__cb-0p1__nbm-lhs-parsed__nbe-0p05__nbmin-0p1__lex-from-prev__ls-0p1,stages_bg_stages_morphtok_mv_BGMTMMM1_BGMTMMM2_BGMTMMM3_BGMTMMM4_BGMTMMM5__ps-0p2__bias-0p1__cb-0p1__nbm-lhs-parsed__nbe-0p05__nbmin-0p1__lex-from-prev__ls-0p1__05_BGMTMMM5
